timestamp,side,price,qty,quote
2026-09-18 00:00:16.439,sell,99.92,0.765722,76.51
2026-09-18 00:00:28.355,buy,99.92,4.203392,420.0
2026-09-18 00:00:28.922,buy,99.92,0.100081,10.0
2026-09-18 00:00:52.887,buy,99.92,0.465418,46.5
2026-09-18 00:01:17.184,buy,99.87,0.153504,15.33
2026-09-18 00:01:20.710,buy,99.87,0.109673,10.95
2026-09-18 00:01:22.454,sell,99.87,0.10013,10.0
2026-09-18 00:01:35.428,buy,99.87,0.10013,10.0
2026-09-18 00:02:05.584,sell,99.86,0.363502,36.3
2026-09-18 00:02:18.989,buy,99.86,0.165692,16.55
2026-09-18 00:02:42.534,sell,99.86,0.179318,17.91
2026-09-18 00:02:57.938,buy,99.86,0.397993,39.74
2026-09-18 00:03:04.631,buy,99.83,0.181992,18.17
2026-09-18 00:03:05.533,sell,99.83,3.282104,327.65
2026-09-18 00:03:06.441,buy,99.83,0.100172,10.0
2026-09-18 00:03:09.467,sell,99.83,0.100172,10.0
2026-09-18 00:03:17.861,sell,99.83,0.100172,10.0
2026-09-18 00:03:40.063,buy,99.83,0.100172,10.0
2026-09-18 00:03:46.025,buy,99.83,0.714248,71.3
2026-09-18 00:03:59.183,buy,99.83,3.787712,378.12
2026-09-18 00:04:05.016,buy,99.81,0.646438,64.52
2026-09-18 00:04:42.079,sell,99.81,0.100191,10.0
2026-09-18 00:04:47.398,sell,99.81,0.300882,30.03
2026-09-18 00:05:01.102,sell,99.85,0.100155,10.0
2026-09-18 00:05:12.888,sell,99.85,0.536312,53.55
2026-09-18 00:05:26.449,sell,99.85,0.100155,10.0
2026-09-18 00:05:37.067,buy,99.85,0.130273,13.01
2026-09-18 00:05:41.313,sell,99.85,0.243989,24.36
2026-09-18 00:05:55.099,sell,99.85,0.40626,40.56
2026-09-18 00:05:58.915,buy,99.85,0.113964,11.38
2026-09-18 00:06:16.039,buy,99.79,1.850589,184.68
2026-09-18 00:06:21.872,buy,99.79,0.100208,10.0
2026-09-18 00:06:44.419,buy,99.79,0.283362,28.28
2026-09-18 00:06:51.112,buy,99.79,0.100208,10.0
2026-09-18 00:07:09.387,buy,99.8,0.280515,28.0
2026-09-18 00:07:18.310,buy,99.8,0.36463,36.39
2026-09-18 00:07:22.770,buy,99.8,0.557043,55.6
2026-09-18 00:07:23.674,buy,99.8,0.200376,20.0
2026-09-18 00:07:45.526,buy,99.8,0.100196,10.0
2026-09-18 00:08:06.031,buy,99.77,0.716871,71.52
2026-09-18 00:08:07.493,sell,99.77,0.436473,43.55
2026-09-18 00:08:17.545,buy,99.77,0.100229,10.0
2026-09-18 00:08:25.817,buy,99.77,0.100229,10.0
2026-09-18 00:08:34.285,buy,99.77,0.196931,19.65
2026-09-18 00:08:53.371,sell,99.77,0.539749,53.85
2026-09-18 00:08:57.904,buy,99.77,0.616754,61.53
2026-09-18 00:09:08.666,buy,99.77,0.219052,21.85
2026-09-18 00:09:19.138,buy,99.77,1.253629,125.07
2026-09-18 00:09:52.069,buy,99.77,2.083799,207.89
2026-09-18 00:09:54.123,sell,99.77,6.401835,638.69
2026-09-18 00:10:09.755,sell,99.85,0.116228,11.61
2026-09-18 00:10:11.570,sell,99.85,0.100146,10.0
2026-09-18 00:10:12.536,sell,99.85,0.100146,10.0
2026-09-18 00:10:49.054,buy,99.85,0.185887,18.56
2026-09-18 00:10:50.764,buy,99.85,1.377359,137.54
2026-09-18 00:10:56.484,buy,99.85,0.73986,73.88
2026-09-18 00:11:06.513,buy,99.87,4.494632,448.9
2026-09-18 00:11:17.801,buy,99.87,0.296338,29.6
2026-09-18 00:11:49.020,buy,99.87,0.11682,11.67
2026-09-18 00:11:56.578,buy,99.87,0.977653,97.64
2026-09-18 00:12:02.277,sell,99.86,0.267672,26.73
2026-09-18 00:12:20.995,buy,99.86,2.11836,211.54
2026-09-18 00:12:24.005,sell,99.86,0.117531,11.74
2026-09-18 00:12:56.403,buy,99.86,1.464382,146.23
2026-09-18 00:12:57.532,buy,99.86,0.469658,46.9
2026-09-18 00:13:13.154,sell,99.85,1.045048,104.35
2026-09-18 00:13:15.253,buy,99.85,0.447491,44.68
2026-09-18 00:13:35.202,buy,99.85,0.100148,10.0
2026-09-18 00:13:47.119,buy,99.85,0.139815,13.96
2026-09-18 00:14:07.721,sell,99.83,1.197647,119.56
2026-09-18 00:14:29.881,sell,99.83,2.520068,251.57
2026-09-18 00:14:30.281,buy,99.83,0.634969,63.39
2026-09-18 00:14:40.897,buy,99.83,0.100174,10.0
2026-09-18 00:15:02.877,buy,99.79,0.47905,47.81
2026-09-18 00:15:04.294,sell,99.79,0.100207,10.0
2026-09-18 00:15:14.322,buy,99.79,0.392301,39.15
2026-09-18 00:15:36.037,buy,99.79,10.440166,1041.86
2026-09-18 00:16:00.572,sell,99.78,0.100222,10.0
2026-09-18 00:16:14.408,sell,99.78,2.399694,239.44
2026-09-18 00:16:19.861,sell,99.78,0.139193,13.89
2026-09-18 00:16:23.497,buy,99.78,0.757309,75.56
2026-09-18 00:16:30.254,buy,99.78,3.216318,320.92
2026-09-18 00:16:36.543,buy,99.78,0.100222,10.0
2026-09-18 00:16:44.489,sell,99.78,0.103157,10.29
2026-09-18 00:17:01.774,sell,99.7,0.100296,10.0
2026-09-18 00:17:22.131,sell,99.7,0.166872,16.64
2026-09-18 00:17:26.969,sell,99.7,0.100296,10.0
2026-09-18 00:17:54.926,sell,99.7,0.177764,17.72
2026-09-18 00:17:59.275,sell,99.7,0.662853,66.09
2026-09-18 00:18:04.366,buy,99.65,0.185688,18.5
2026-09-18 00:18:05.279,buy,99.65,0.557084,55.52
2026-09-18 00:18:16.710,buy,99.65,0.357882,35.66
2026-09-18 00:18:44.775,sell,99.65,0.100348,10.0
2026-09-18 00:18:51.094,buy,99.65,0.233355,23.25
2026-09-18 00:18:57.595,sell,99.65,1.002666,99.92
2026-09-18 00:19:07.268,sell,99.73,1.14835,114.53
2026-09-18 00:19:41.044,buy,99.73,6.367928,635.08
2026-09-18 00:19:58.372,sell,99.73,0.432096,43.09
2026-09-18 00:20:03.998,buy,99.72,4.420683,440.84
2026-09-18 00:20:14.716,buy,99.72,7.467891,744.71
2026-09-18 00:20:18.801,sell,99.72,0.100279,10.0
2026-09-18 00:20:25.447,sell,99.72,0.31754,31.67
2026-09-18 00:20:29.937,buy,99.72,0.100279,10.0
2026-09-18 00:20:39.524,buy,99.72,0.434775,43.36
2026-09-18 00:20:56.228,sell,99.72,1.083046,108.0
2026-09-18 00:20:58.421,buy,99.72,1.595338,159.09
2026-09-18 00:21:04.117,sell,99.73,1.607872,160.35
2026-09-18 00:21:09.721,buy,99.73,5.146267,513.23
2026-09-18 00:21:19.461,sell,99.73,10.255764,1022.79
2026-09-18 00:21:28.238,buy,99.73,0.792557,79.04
2026-09-18 00:21:30.597,sell,99.73,6.569524,655.16
2026-09-18 00:21:43.976,sell,99.73,0.740609,73.86
2026-09-18 00:21:50.908,sell,99.73,0.150638,15.02
2026-09-18 00:22:09.185,buy,99.74,0.788205,78.62
2026-09-18 00:22:22.695,sell,99.74,2.644913,263.8
2026-09-18 00:22:31.350,sell,99.74,0.100261,10.0
2026-09-18 00:22:41.791,buy,99.74,0.247912,24.73
2026-09-18 00:22:44.596,sell,99.74,1.282314,127.9
2026-09-18 00:22:52.140,sell,99.74,0.585238,58.37
2026-09-18 00:22:54.476,buy,99.74,0.169659,16.92
2026-09-18 00:22:58.557,buy,99.74,5.617094,560.25
2026-09-18 00:23:04.791,buy,99.75,0.353313,35.24
2026-09-18 00:23:11.313,buy,99.75,0.121693,12.14
2026-09-18 00:23:23.327,sell,99.75,0.174785,17.44
2026-09-18 00:23:37.626,buy,99.75,0.100246,10.0
2026-09-18 00:23:41.302,sell,99.75,0.950497,94.82
2026-09-18 00:24:02.277,buy,99.83,0.191431,19.11
2026-09-18 00:24:16.434,buy,99.83,4.038523,403.18
2026-09-18 00:24:20.437,buy,99.83,0.103243,10.31
2026-09-18 00:24:24.144,buy,99.83,0.665857,66.47
2026-09-18 00:24:39.777,sell,99.83,1.32058,131.84
2026-09-18 00:24:44.176,buy,99.83,0.714347,71.32
2026-09-18 00:24:52.396,buy,99.83,0.100167,10.0
2026-09-18 00:25:15.864,buy,99.78,0.188349,18.79
2026-09-18 00:25:17.163,buy,99.78,0.22772,22.72
2026-09-18 00:25:47.454,buy,99.78,0.100224,10.0
2026-09-18 00:25:49.104,sell,99.78,1.257933,125.51
2026-09-18 00:26:02.844,sell,99.86,2.398191,239.49
2026-09-18 00:26:07.030,sell,99.86,0.734195,73.32
2026-09-18 00:26:16.870,buy,99.86,5.515619,550.8
2026-09-18 00:26:20.137,sell,99.86,0.686111,68.52
2026-09-18 00:26:27.279,buy,99.86,0.656903,65.6
2026-09-18 00:26:27.662,buy,99.86,0.108141,10.8
2026-09-18 00:26:30.507,buy,99.86,0.291445,29.1
2026-09-18 00:26:59.202,sell,99.86,0.222655,22.23
2026-09-18 00:27:18.177,buy,99.96,0.100039,10.0
2026-09-18 00:27:21.152,sell,99.96,0.100039,10.0
2026-09-18 00:27:27.975,buy,99.96,2.272385,227.15
2026-09-18 00:27:37.604,sell,99.96,2.743477,274.24
2026-09-18 00:27:45.632,sell,99.96,0.330494,33.04
2026-09-18 00:27:48.333,buy,99.96,0.659697,65.94
2026-09-18 00:28:09.210,buy,99.99,5.269347,526.88
2026-09-18 00:28:13.288,buy,99.99,0.11125,11.12
2026-09-18 00:28:15.842,sell,99.99,0.10001,10.0
2026-09-18 00:28:18.385,sell,99.99,0.300503,30.05
2026-09-18 00:28:27.741,buy,99.99,0.180285,18.03
2026-09-18 00:28:30.045,buy,99.99,0.412894,41.29
2026-09-18 00:28:36.890,sell,99.99,1.561358,156.12
2026-09-18 00:28:59.770,buy,99.99,0.340123,34.01
2026-09-18 00:29:02.782,sell,99.95,0.123399,12.33
2026-09-18 00:29:02.865,buy,99.95,0.616278,61.6
2026-09-18 00:29:19.342,sell,99.95,1.677389,167.66
2026-09-18 00:29:28.620,sell,99.95,0.100046,10.0
2026-09-18 00:29:40.450,buy,99.95,0.889091,88.87
2026-09-18 00:29:41.413,buy,99.95,0.312484,31.23
2026-09-18 00:29:54.721,buy,99.95,0.100046,10.0
2026-09-18 00:30:11.357,buy,99.95,0.110697,11.06
2026-09-18 00:30:20.463,sell,99.95,0.100054,10.0
2026-09-18 00:30:28.408,buy,99.95,0.243709,24.36
2026-09-18 00:30:30.108,sell,99.95,0.255953,25.58
2026-09-18 00:30:31.948,buy,99.95,0.100054,10.0
2026-09-18 00:30:45.091,sell,99.95,1.052168,105.16
2026-09-18 00:30:48.120,buy,99.95,0.483496,48.32
2026-09-18 00:31:04.760,sell,99.99,1.576953,157.67
2026-09-18 00:31:08.553,buy,99.99,8.735915,873.46
2026-09-18 00:31:25.150,sell,99.99,2.976968,297.65
2026-09-18 00:31:40.979,buy,99.99,1.965063,196.48
2026-09-18 00:31:44.760,buy,99.99,0.100015,10.0
2026-09-18 00:31:48.815,sell,99.99,0.228743,22.87
2026-09-18 00:31:51.347,buy,99.99,0.284846,28.48
2026-09-18 00:31:54.996,sell,99.99,0.100015,10.0
2026-09-18 00:32:05.179,buy,100.03,0.110828,11.09
2026-09-18 00:32:10.378,buy,100.03,0.78239,78.26
2026-09-18 00:32:10.489,sell,100.03,0.09997,10.0
2026-09-18 00:32:22.271,buy,100.03,0.149667,14.97
2026-09-18 00:32:24.744,sell,100.03,0.09997,10.0
2026-09-18 00:32:36.165,sell,100.03,0.2354,23.55
2026-09-18 00:32:36.219,sell,100.03,0.216664,21.67
2026-09-18 00:32:43.144,sell,100.03,0.136362,13.64
2026-09-18 00:33:02.636,buy,100.0,0.472452,47.25
2026-09-18 00:33:17.850,sell,100.0,0.906093,90.61
2026-09-18 00:33:33.925,buy,100.0,0.172103,17.21
2026-09-18 00:33:38.176,sell,100.0,0.099995,10.0
2026-09-18 00:33:52.340,buy,100.0,0.843278,84.33
2026-09-18 00:33:55.080,sell,100.0,0.259207,25.92
2026-09-18 00:34:10.201,sell,100.09,0.099913,10.0
2026-09-18 00:34:28.450,sell,100.09,0.31159,31.19
2026-09-18 00:34:38.893,buy,100.09,0.359065,35.94
2026-09-18 00:34:52.206,sell,100.09,0.147476,14.76
2026-09-18 00:34:53.409,buy,100.09,0.107963,10.81
2026-09-18 00:34:56.694,buy,100.09,7.880353,788.72
2026-09-18 00:35:09.523,buy,100.13,0.968379,96.96
2026-09-18 00:35:13.089,buy,100.13,0.099869,10.0
2026-09-18 00:35:23.287,sell,100.13,1.228403,123.0
2026-09-18 00:35:53.491,buy,100.13,0.132691,13.29
2026-09-18 00:36:02.670,buy,100.07,1.76627,176.75
2026-09-18 00:36:08.325,buy,100.07,0.099931,10.0
2026-09-18 00:36:12.228,sell,100.07,1.327451,132.84
2026-09-18 00:36:22.520,buy,100.07,0.70782,70.83
2026-09-18 00:36:27.519,buy,100.07,1.850069,185.14
2026-09-18 00:36:43.720,sell,100.07,0.174598,17.47
2026-09-18 00:37:16.003,buy,100.14,0.099862,10.0
2026-09-18 00:37:51.028,buy,100.14,0.320384,32.08
2026-09-18 00:37:57.995,sell,100.14,0.099862,10.0
2026-09-18 00:38:03.349,buy,100.13,0.099875,10.0
2026-09-18 00:38:42.517,buy,100.13,0.099875,10.0
2026-09-18 00:38:56.337,sell,100.13,2.008542,201.11
2026-09-18 00:39:05.345,buy,100.2,0.616155,61.74
2026-09-18 00:39:41.728,sell,100.2,0.589085,59.03
2026-09-18 00:39:42.131,sell,100.2,0.459247,46.02
2026-09-18 00:39:42.251,buy,100.2,0.101079,10.13
2026-09-18 00:39:43.433,sell,100.2,0.099798,10.0
2026-09-18 00:39:57.696,sell,100.2,0.099798,10.0
2026-09-18 00:39:58.873,sell,100.2,0.099798,10.0
2026-09-18 00:40:16.520,buy,100.23,0.604399,60.58
2026-09-18 00:40:19.806,sell,100.23,0.255922,25.65
2026-09-18 00:40:25.610,buy,100.23,0.134805,13.51
2026-09-18 00:40:43.875,sell,100.23,0.817989,81.98
2026-09-18 00:40:49.589,buy,100.23,0.252665,25.32
2026-09-18 00:40:56.819,sell,100.23,0.9757,97.79
2026-09-18 00:40:59.552,sell,100.23,0.893778,89.58
2026-09-18 00:41:05.011,buy,100.21,3.669376,367.72
2026-09-18 00:41:06.740,buy,100.21,0.099787,10.0
2026-09-18 00:41:16.058,sell,100.21,0.547889,54.91
2026-09-18 00:41:17.709,sell,100.21,0.50398,50.51
2026-09-18 00:41:30.519,sell,100.21,0.212113,21.26
2026-09-18 00:42:05.064,sell,100.15,0.099846,10.0
2026-09-18 00:42:27.890,buy,100.15,0.099846,10.0
2026-09-18 00:42:40.920,sell,100.15,0.099846,10.0
2026-09-18 00:43:24.050,sell,100.12,2.142816,214.54
2026-09-18 00:43:33.725,buy,100.12,0.997586,99.88
2026-09-18 00:43:47.177,sell,100.12,6.770326,677.85
2026-09-18 00:43:50.064,buy,100.12,0.454475,45.5
2026-09-18 00:43:53.358,buy,100.12,2.015478,201.79
2026-09-18 00:43:57.271,sell,100.12,0.577239,57.79
2026-09-18 00:44:01.974,buy,100.29,0.440725,44.2
2026-09-18 00:44:02.307,buy,100.29,0.384301,38.54
2026-09-18 00:44:10.005,buy,100.29,0.099716,10.0
2026-09-18 00:44:22.074,buy,100.29,0.847477,84.99
2026-09-18 00:44:40.771,sell,100.29,0.650241,65.21
2026-09-18 00:44:43.190,buy,100.29,0.099716,10.0
2026-09-18 00:44:48.479,sell,100.29,2.989265,299.78
2026-09-18 00:44:52.106,sell,100.29,1.064241,106.73
2026-09-18 00:45:02.141,buy,100.33,0.282082,28.3
2026-09-18 00:45:08.472,buy,100.33,0.09967,10.0
2026-09-18 00:45:20.373,buy,100.33,0.464415,46.6
2026-09-18 00:45:32.826,buy,100.33,0.637199,63.93
2026-09-18 00:45:36.277,sell,100.33,0.09967,10.0
2026-09-18 00:45:43.660,sell,100.33,0.482381,48.4
2026-09-18 00:45:48.260,buy,100.33,2.385566,239.35
2026-09-18 00:45:59.750,buy,100.33,0.09967,10.0
2026-09-18 00:46:08.966,sell,100.23,0.40194,40.29
2026-09-18 00:46:12.710,buy,100.23,0.099774,10.0
2026-09-18 00:46:32.483,sell,100.23,0.165412,16.58
2026-09-18 00:46:35.483,sell,100.23,0.099774,10.0
2026-09-18 00:46:37.520,buy,100.23,0.185124,18.55
2026-09-18 00:46:44.712,sell,100.23,0.215038,21.55
2026-09-18 00:47:07.509,sell,100.17,0.099826,10.0
2026-09-18 00:47:13.335,buy,100.17,0.107206,10.74
2026-09-18 00:47:27.075,sell,100.17,3.428298,343.43
2026-09-18 00:47:31.230,buy,100.17,87.601263,8775.44
2026-09-18 00:47:59.288,sell,100.17,0.099826,10.0
2026-09-18 00:48:03.970,buy,100.18,0.099815,10.0
2026-09-18 00:48:20.096,buy,100.18,0.361532,36.22
2026-09-18 00:48:51.975,buy,100.18,0.973901,97.57
2026-09-18 00:49:37.159,buy,100.25,1.963347,196.83
2026-09-18 00:49:39.671,buy,100.25,0.556597,55.8
2026-09-18 00:49:41.502,buy,100.25,0.09975,10.0
2026-09-18 00:50:07.820,buy,100.29,0.09971,10.0
2026-09-18 00:50:10.290,buy,100.29,0.126791,12.72
2026-09-18 00:50:20.082,sell,100.29,0.28359,28.44
2026-09-18 00:50:22.329,sell,100.29,0.108604,10.89
2026-09-18 00:50:27.449,sell,100.29,0.535672,53.72
2026-09-18 00:50:51.723,sell,100.29,0.09971,10.0
2026-09-18 00:50:56.247,buy,100.29,0.09971,10.0
2026-09-18 00:51:04.313,buy,100.3,1.827945,183.35
2026-09-18 00:51:06.862,sell,100.3,0.10102,10.13
2026-09-18 00:51:18.481,sell,100.3,3.050737,306.0
2026-09-18 00:51:19.183,sell,100.3,0.863431,86.61
2026-09-18 00:51:36.041,buy,100.3,0.162385,16.29
2026-09-18 00:51:44.768,sell,100.3,0.510984,51.25
2026-09-18 00:51:46.290,buy,100.3,1.710678,171.59
2026-09-18 00:51:47.820,buy,100.3,0.192602,19.32
2026-09-18 00:52:13.925,sell,100.27,0.099735,10.0
2026-09-18 00:52:23.518,sell,100.27,12.788717,1282.27
2026-09-18 00:52:29.064,buy,100.27,0.146438,14.68
2026-09-18 00:52:48.867,buy,100.27,0.170457,17.09
2026-09-18 00:53:02.148,sell,100.3,8.313888,833.92
2026-09-18 00:53:04.278,buy,100.3,0.20529,20.59
2026-09-18 00:53:14.498,buy,100.3,0.87362,87.63
2026-09-18 00:53:20.226,buy,100.3,0.151192,15.17
2026-09-18 00:53:43.202,buy,100.3,0.219208,21.99
2026-09-18 00:53:48.087,buy,100.3,1.100198,110.35
2026-09-18 00:54:14.739,buy,100.3,0.483061,48.45
2026-09-18 00:54:25.685,buy,100.3,1.498184,150.26
2026-09-18 00:54:30.898,buy,100.3,0.174984,17.55
2026-09-18 00:54:33.951,sell,100.3,0.820871,82.33
2026-09-18 00:54:41.365,buy,100.3,0.175101,17.56
2026-09-18 00:54:48.968,buy,100.3,0.520416,52.2
2026-09-18 00:55:03.108,buy,100.35,5.12954,514.73
2026-09-18 00:55:10.602,sell,100.35,1.798757,180.5
2026-09-18 00:55:24.557,sell,100.35,0.099655,10.0
2026-09-18 00:55:32.517,buy,100.35,0.670747,67.31
2026-09-18 00:55:39.965,sell,100.35,0.677907,68.03
2026-09-18 00:55:44.017,sell,100.35,0.099655,10.0
2026-09-18 00:55:50.213,buy,100.35,0.328201,32.93
2026-09-18 00:55:56.589,sell,100.35,1.138375,114.23
2026-09-18 00:56:12.160,buy,100.31,0.337098,33.81
2026-09-18 00:56:21.122,buy,100.31,0.495323,49.68
2026-09-18 00:56:26.776,buy,100.31,0.310274,31.12
2026-09-18 00:56:44.404,sell,100.31,1.109468,111.29
2026-09-18 00:56:45.794,sell,100.31,0.526079,52.77
2026-09-18 00:56:52.619,buy,100.31,0.198586,19.92
2026-09-18 00:57:08.615,buy,100.33,0.195251,19.59
2026-09-18 00:57:20.410,buy,100.33,0.849087,85.19
2026-09-18 00:57:21.084,sell,100.33,2.200109,220.74
2026-09-18 00:57:25.227,sell,100.33,1.00096,100.43
2026-09-18 00:57:33.387,buy,100.33,0.285438,28.64
2026-09-18 00:57:50.569,sell,100.33,1.121563,112.53
2026-09-18 00:57:55.122,sell,100.33,0.250018,25.09
2026-09-18 00:58:01.533,sell,100.29,0.539533,54.11
2026-09-18 00:58:11.539,buy,100.29,4.032623,404.44
2026-09-18 00:58:12.780,sell,100.29,0.286273,28.71
2026-09-18 00:58:25.579,buy,100.29,1.376302,138.03
2026-09-18 00:58:38.518,sell,100.29,0.861172,86.37
2026-09-18 00:59:02.295,buy,100.29,5.910038,592.7
2026-09-18 00:59:20.259,sell,100.29,0.341218,34.22
2026-09-18 00:59:20.660,sell,100.29,0.099714,10.0
2026-09-18 00:59:25.799,sell,100.29,0.449337,45.06
2026-09-18 00:59:29.334,buy,100.29,1.583303,158.78
2026-09-18 00:59:30.910,buy,100.29,0.120658,12.1
2026-09-18 00:59:38.263,buy,100.29,0.099714,10.0
2026-09-18 01:00:07.863,buy,100.32,1.321175,132.54
2026-09-18 01:00:23.720,sell,100.32,0.117143,11.75
2026-09-18 01:00:25.752,buy,100.32,0.099679,10.0
2026-09-18 01:00:26.185,sell,100.32,0.997374,100.06
2026-09-18 01:00:38.901,buy,100.32,0.243195,24.4
2026-09-18 01:00:51.675,sell,100.32,0.099679,10.0
2026-09-18 01:01:03.342,sell,100.26,0.420806,42.19
2026-09-18 01:01:13.786,sell,100.26,0.563928,56.54
2026-09-18 01:01:22.650,sell,100.26,0.6571,65.88
2026-09-18 01:01:36.423,buy,100.26,0.245066,24.57
2026-09-18 01:01:43.930,buy,100.26,1.23964,124.29
2026-09-18 01:01:47.232,buy,100.26,0.186384,18.69
2026-09-18 01:01:48.031,sell,100.26,0.228285,22.89
2026-09-18 01:02:03.730,buy,100.36,0.099641,10.0
2026-09-18 01:02:14.011,sell,100.36,0.184503,18.52
2026-09-18 01:02:17.282,sell,100.36,0.25753,25.85
2026-09-18 01:02:45.802,sell,100.36,0.099641,10.0
2026-09-18 01:02:48.289,sell,100.36,0.099641,10.0
2026-09-18 01:03:04.615,sell,100.37,0.335672,33.69
2026-09-18 01:03:07.434,sell,100.37,0.099627,10.0
2026-09-18 01:03:14.697,sell,100.37,0.283195,28.43
2026-09-18 01:03:28.813,sell,100.37,1.540614,154.64
2026-09-18 01:03:29.036,buy,100.37,0.18642,18.71
2026-09-18 01:03:31.571,sell,100.37,1.283758,128.86
2026-09-18 01:03:44.490,buy,100.37,1.489634,149.52
2026-09-18 01:03:52.180,buy,100.37,0.099627,10.0
2026-09-18 01:04:10.300,sell,100.44,0.208707,20.96
2026-09-18 01:04:24.280,buy,100.44,0.122835,12.34
2026-09-18 01:04:35.065,buy,100.44,0.131838,13.24
2026-09-18 01:04:35.070,buy,100.44,0.123512,12.41
2026-09-18 01:05:01.773,buy,100.42,0.288702,28.99
2026-09-18 01:05:16.023,buy,100.42,0.122404,12.29
2026-09-18 01:05:23.636,sell,100.42,0.589206,59.17
2026-09-18 01:06:27.993,sell,100.39,0.099607,10.0
2026-09-18 01:06:46.672,sell,100.39,0.099607,10.0
2026-09-18 01:06:49.990,buy,100.39,0.099607,10.0
2026-09-18 01:06:52.385,sell,100.39,1.539357,154.54
2026-09-18 01:07:04.871,sell,100.33,2.927486,293.71
2026-09-18 01:07:12.236,buy,100.33,1.296188,130.04
2026-09-18 01:07:18.643,sell,100.33,1.133772,113.75
2026-09-18 01:07:19.343,sell,100.33,1.397717,140.23
2026-09-18 01:07:27.490,sell,100.33,0.099674,10.0
2026-09-18 01:07:30.451,buy,100.33,1.113802,111.74
2026-09-18 01:07:33.562,buy,100.33,0.603118,60.51
2026-09-18 01:07:44.684,buy,100.33,0.125703,12.61
2026-09-18 01:08:01.378,sell,100.41,3.342776,335.65
2026-09-18 01:08:37.063,buy,100.41,1.959004,196.7
2026-09-18 01:08:41.608,sell,100.41,0.785371,78.86
2026-09-18 01:08:53.773,sell,100.41,22.499003,2259.12
2026-09-18 01:08:57.734,sell,100.41,0.286214,28.74
2026-09-18 01:09:04.430,sell,100.42,0.708177,71.12
2026-09-18 01:09:14.510,buy,100.42,0.099578,10.0
2026-09-18 01:09:53.236,buy,100.42,0.185113,18.59
2026-09-18 01:10:14.349,sell,100.49,0.099509,10.0
2026-09-18 01:10:19.260,sell,100.49,0.099509,10.0
2026-09-18 01:10:20.310,sell,100.49,0.099509,10.0
2026-09-18 01:10:37.881,buy,100.49,0.769909,77.37
2026-09-18 01:10:49.178,buy,100.49,0.099509,10.0
2026-09-18 01:10:59.658,sell,100.49,2.834874,284.89
2026-09-18 01:11:27.762,sell,100.44,1.170912,117.6
2026-09-18 01:11:39.439,buy,100.44,0.890113,89.4
2026-09-18 01:11:54.886,sell,100.44,1.174951,118.01
2026-09-18 01:12:11.379,buy,100.48,0.922952,92.73
2026-09-18 01:12:22.779,buy,100.48,1.738899,174.72
2026-09-18 01:12:31.475,buy,100.48,0.340128,34.17
2026-09-18 01:12:50.137,sell,100.48,0.761452,76.51
2026-09-18 01:13:35.053,sell,100.49,0.523176,52.57
2026-09-18 01:13:53.628,sell,100.49,0.282973,28.44
2026-09-18 01:13:58.634,buy,100.49,0.108342,10.89
2026-09-18 01:14:02.030,sell,100.57,0.144877,14.57
2026-09-18 01:14:12.911,sell,100.57,0.125073,12.58
2026-09-18 01:14:16.026,sell,100.57,1.227519,123.45
2026-09-18 01:14:45.356,buy,100.57,0.535797,53.88
2026-09-18 01:15:04.980,sell,100.54,0.769668,77.38
2026-09-18 01:15:23.323,sell,100.54,0.604986,60.82
2026-09-18 01:15:40.578,buy,100.54,5.722295,575.31
2026-09-18 01:16:00.856,buy,100.48,0.903691,90.8
2026-09-18 01:16:07.450,sell,100.48,1.852474,186.14
2026-09-18 01:16:14.384,buy,100.48,2.575513,258.79
2026-09-18 01:16:53.464,buy,100.48,0.099523,10.0
2026-09-18 01:16:57.514,sell,100.48,0.099523,10.0
2026-09-18 01:17:06.918,buy,100.49,1.628582,163.65
2026-09-18 01:17:22.375,sell,100.49,0.099514,10.0
2026-09-18 01:17:33.236,sell,100.49,0.554435,55.71
2026-09-18 01:17:45.286,sell,100.49,2.429149,244.1
2026-09-18 01:18:00.916,sell,100.45,0.322045,32.35
2026-09-18 01:18:05.662,buy,100.45,0.099549,10.0
2026-09-18 01:18:10.421,sell,100.45,4.453745,447.39
2026-09-18 01:18:56.169,buy,100.45,0.849521,85.34
2026-09-18 01:18:58.631,sell,100.45,1.268168,127.39
2026-09-18 01:19:10.948,buy,100.42,0.375861,37.75
2026-09-18 01:19:13.983,sell,100.42,0.172323,17.31
2026-09-18 01:19:23.289,buy,100.42,0.549191,55.15
2026-09-18 01:19:37.596,buy,100.42,0.259459,26.06
2026-09-18 01:19:46.422,buy,100.42,0.099577,10.0
2026-09-18 01:19:50.029,buy,100.42,0.183113,18.39
2026-09-18 01:20:05.943,sell,100.39,0.433086,43.48
2026-09-18 01:20:21.918,sell,100.39,0.099614,10.0
2026-09-18 01:20:30.243,sell,100.39,1.169847,117.44
2026-09-18 01:20:42.869,sell,100.39,1.068831,107.3
2026-09-18 01:20:52.895,sell,100.39,0.099614,10.0
2026-09-18 01:21:01.022,buy,100.39,0.099614,10.0
2026-09-18 01:21:20.186,sell,100.39,3.043414,305.52
2026-09-18 01:21:21.958,buy,100.39,3.073683,308.56
2026-09-18 01:21:44.593,sell,100.39,0.2217,22.26
2026-09-18 01:22:07.159,buy,100.36,0.515983,51.78
2026-09-18 01:22:09.310,buy,100.36,0.390725,39.21
2026-09-18 01:22:13.371,buy,100.36,1.788742,179.51
2026-09-18 01:22:24.937,buy,100.36,2.717932,272.76
2026-09-18 01:22:29.120,buy,100.36,0.166322,16.69
2026-09-18 01:22:49.663,buy,100.36,0.099645,10.0
2026-09-18 01:23:16.332,buy,100.4,0.990804,99.48
2026-09-18 01:23:21.975,sell,100.4,0.12447,12.5
2026-09-18 01:23:31.944,buy,100.4,2.812654,282.4
2026-09-18 01:23:32.345,sell,100.4,4.383146,440.08
2026-09-18 01:23:48.228,sell,100.4,0.136918,13.75
2026-09-18 01:23:51.980,buy,100.4,0.600316,60.27
2026-09-18 01:23:55.634,sell,100.4,0.099598,10.0
2026-09-18 01:23:56.449,buy,100.4,0.358676,36.01
2026-09-18 01:24:05.433,buy,100.45,0.099548,10.0
2026-09-18 01:24:12.823,buy,100.45,0.099548,10.0
2026-09-18 01:24:32.938,buy,100.45,0.099548,10.0
2026-09-18 01:24:45.163,sell,100.45,5.591259,561.67
2026-09-18 01:25:10.787,sell,100.4,0.395661,39.73
2026-09-18 01:25:11.581,sell,100.4,0.163495,16.42
2026-09-18 01:25:15.996,sell,100.4,1.386465,139.2
2026-09-18 01:25:39.089,sell,100.4,1.26181,126.69
2026-09-18 01:25:45.486,buy,100.4,0.160273,16.09
2026-09-18 01:25:50.747,sell,100.4,0.137412,13.8
2026-09-18 01:26:31.102,sell,100.48,0.099521,10.0
2026-09-18 01:26:43.041,sell,100.48,0.099521,10.0
2026-09-18 01:26:55.678,buy,100.48,4.200924,422.12
2026-09-18 01:26:55.699,sell,100.48,0.099521,10.0
2026-09-18 01:26:57.652,buy,100.48,3.304172,332.01
2026-09-18 01:26:57.726,sell,100.48,0.278209,27.95
2026-09-18 01:27:08.978,sell,100.45,0.173058,17.38
2026-09-18 01:27:53.276,sell,100.45,0.09955,10.0
2026-09-18 01:27:59.483,sell,100.45,0.09955,10.0
2026-09-18 01:28:06.293,buy,100.59,0.381582,38.38
2026-09-18 01:28:16.946,buy,100.59,0.313185,31.5
2026-09-18 01:28:58.278,buy,100.59,0.09941,10.0
2026-09-18 01:29:05.917,sell,100.61,2.773436,279.05
2026-09-18 01:29:09.427,sell,100.61,0.716145,72.05
2026-09-18 01:29:18.056,buy,100.61,0.517177,52.04
2026-09-18 01:29:41.380,sell,100.61,0.09939,10.0
2026-09-18 01:29:52.674,buy,100.61,0.09939,10.0
2026-09-18 01:30:10.316,sell,100.64,0.236971,23.85
2026-09-18 01:30:22.000,sell,99.41,30.17805,3000.0
2026-09-18 01:30:28.621,buy,100.64,0.297207,29.91
2026-09-18 01:30:38.020,sell,100.64,0.245617,24.72
2026-09-18 01:30:44.042,buy,100.64,0.140155,14.1
2026-09-18 01:30:49.613,sell,100.64,1.122924,113.01
2026-09-18 01:30:51.264,buy,100.64,0.099367,10.0
2026-09-18 01:30:51.665,buy,100.64,0.099367,10.0
2026-09-18 01:31:05.987,buy,100.5,0.099501,10.0
2026-09-18 01:31:08.665,buy,100.5,0.540199,54.29
2026-09-18 01:31:15.043,sell,100.5,5.802817,583.19
2026-09-18 01:31:15.908,sell,100.5,0.626449,62.96
2026-09-18 01:31:20.294,sell,100.5,0.242152,24.34
2026-09-18 01:31:22.330,sell,100.5,0.198475,19.95
2026-09-18 01:31:30.883,sell,100.5,0.259265,26.06
2026-09-18 01:31:42.088,sell,100.5,0.099501,10.0
2026-09-18 01:32:07.440,buy,100.39,0.241205,24.21
2026-09-18 01:32:12.546,buy,100.39,0.325242,32.65
2026-09-18 01:32:17.461,buy,100.39,4.677344,469.54
2026-09-18 01:32:21.057,sell,100.39,0.307235,30.84
2026-09-18 01:32:40.725,buy,100.39,0.099615,10.0
2026-09-18 01:32:54.312,sell,100.39,0.218402,21.92
2026-09-18 01:33:00.555,sell,100.38,4.243151,425.94
2026-09-18 01:33:17.710,sell,100.38,0.166469,16.71
2026-09-18 01:33:19.737,buy,100.38,0.44353,44.52
2026-09-18 01:33:27.642,buy,100.38,0.532788,53.48
2026-09-18 01:33:33.359,sell,100.38,0.165813,16.64
2026-09-18 01:33:37.826,sell,100.38,0.409954,41.15
2026-09-18 01:33:48.388,buy,100.38,0.099619,10.0
2026-09-18 01:34:26.331,buy,100.29,0.103815,10.41
2026-09-18 01:34:41.011,sell,100.29,0.099709,10.0
2026-09-18 01:34:46.302,buy,100.29,4.628072,464.16
2026-09-18 01:35:13.095,sell,100.28,2.740239,274.79
2026-09-18 01:35:27.800,sell,100.28,1.376011,137.99
2026-09-18 01:35:50.694,buy,100.28,1.199487,120.28
2026-09-18 01:36:10.254,sell,100.32,0.249077,24.99
2026-09-18 01:36:23.411,sell,100.32,1.813423,181.92
2026-09-18 01:36:35.140,buy,100.32,0.324545,32.56
2026-09-18 01:36:57.559,sell,100.32,0.189425,19.0
2026-09-18 01:37:01.207,sell,100.29,0.72606,72.81
2026-09-18 01:37:23.025,sell,100.29,0.450434,45.17
2026-09-18 01:37:33.511,sell,100.29,0.386816,38.79
2026-09-18 01:37:42.224,sell,100.29,2.802593,281.06
2026-09-18 01:37:48.557,buy,100.29,4.375626,438.82
2026-09-18 01:37:52.032,sell,100.29,0.152728,15.32
2026-09-18 01:37:53.214,buy,100.29,0.851801,85.42
2026-09-18 01:38:03.402,buy,100.4,2.03626,204.44
2026-09-18 01:38:20.740,buy,100.4,1.085338,108.97
2026-09-18 01:38:24.811,buy,100.4,0.099601,10.0
2026-09-18 01:38:42.085,sell,100.4,0.099601,10.0
2026-09-18 01:38:49.289,sell,100.4,0.135542,13.61
2026-09-18 01:38:50.348,buy,100.4,0.224894,22.58
2026-09-18 01:38:59.231,buy,100.4,0.099601,10.0
2026-09-18 01:39:29.852,buy,100.42,0.09958,10.0
2026-09-18 01:39:40.706,sell,100.42,0.837146,84.07
2026-09-18 01:39:50.979,sell,100.42,0.103027,10.35
2026-09-18 01:40:00.594,sell,100.4,0.476729,47.86
2026-09-18 01:40:12.485,sell,100.4,0.359314,36.07
2026-09-18 01:40:39.718,buy,100.4,0.599268,60.16
2026-09-18 01:40:40.015,sell,100.4,0.425311,42.7
2026-09-18 01:40:55.330,sell,100.4,16.318335,1638.32
2026-09-18 01:40:57.411,sell,100.4,1.959701,196.75
2026-09-18 01:41:00.559,sell,100.38,1.3642,136.94
2026-09-18 01:41:11.918,sell,100.38,0.143412,14.4
2026-09-18 01:41:30.859,buy,100.38,1.557841,156.38
2026-09-18 01:41:36.973,sell,100.38,0.104017,10.44
2026-09-18 01:41:52.028,sell,100.38,0.148297,14.89
2026-09-18 01:41:53.545,buy,100.38,0.112168,11.26
2026-09-18 01:42:11.118,sell,100.29,0.619338,62.11
2026-09-18 01:42:15.181,buy,100.29,0.305972,30.69
2026-09-18 01:42:33.517,sell,100.29,0.419797,42.1
2026-09-18 01:42:34.965,buy,100.29,4.693074,470.66
2026-09-18 01:42:49.453,sell,100.29,0.396675,39.78
2026-09-18 01:42:55.782,sell,100.29,0.462561,46.39
2026-09-18 01:43:05.039,sell,100.28,0.141151,14.15
2026-09-18 01:43:06.047,buy,100.28,2.112566,211.84
2026-09-18 01:43:17.612,buy,100.28,1.137447,114.06
2026-09-18 01:43:25.274,sell,100.28,2.392513,239.91
2026-09-18 01:43:31.245,sell,100.28,7.720256,774.16
2026-09-18 01:44:23.229,buy,100.27,0.152069,15.25
2026-09-18 01:44:36.037,sell,100.27,0.459177,46.04
2026-09-18 01:44:39.415,buy,100.27,0.811129,81.33
2026-09-18 01:45:02.513,buy,100.43,0.683723,68.66
2026-09-18 01:45:24.680,sell,100.43,4.255081,427.32
2026-09-18 01:45:56.125,buy,100.43,0.099575,10.0
2026-09-18 01:46:02.060,buy,100.45,0.739754,74.31
2026-09-18 01:46:08.663,sell,100.45,0.099554,10.0
2026-09-18 01:46:09.025,sell,100.45,0.099554,10.0
2026-09-18 01:46:37.069,buy,100.45,2.692854,270.49
2026-09-18 01:46:39.132,buy,100.45,0.099554,10.0
2026-09-18 01:47:00.553,sell,100.4,0.972682,97.66
2026-09-18 01:47:03.280,sell,100.4,0.178682,17.94
2026-09-18 01:47:10.139,sell,100.4,0.099603,10.0
2026-09-18 01:47:11.825,sell,100.4,3.621429,363.59
2026-09-18 01:47:19.333,sell,100.4,1.443843,144.96
2026-09-18 01:47:41.521,buy,100.4,0.450101,45.19
2026-09-18 01:47:56.046,buy,100.4,0.118909,11.94
2026-09-18 01:48:01.406,buy,100.48,0.307818,30.93
2026-09-18 01:48:19.697,sell,100.48,0.468291,47.05
2026-09-18 01:48:21.437,sell,100.48,0.448548,45.07
2026-09-18 01:48:27.556,buy,100.48,0.281201,28.25
2026-09-18 01:48:37.850,buy,100.48,0.227689,22.88
2026-09-18 01:48:52.931,buy,100.48,1.038069,104.3
2026-09-18 01:49:03.333,buy,100.49,0.099514,10.0
2026-09-18 01:49:25.409,sell,100.49,0.383444,38.53
2026-09-18 01:49:29.793,sell,100.49,0.167917,16.87
2026-09-18 01:49:44.070,buy,100.49,0.23008,23.12
2026-09-18 01:49:47.278,buy,100.49,0.099514,10.0
2026-09-18 01:49:48.049,buy,100.49,0.099514,10.0
2026-09-18 01:50:00.191,sell,100.51,0.246805,24.81
2026-09-18 01:50:07.141,buy,100.51,0.37344,37.54
2026-09-18 01:50:15.524,buy,100.51,0.479913,48.24
2026-09-18 01:50:21.701,buy,100.51,0.400018,40.21
2026-09-18 01:50:22.346,buy,100.51,0.199928,20.1
2026-09-18 01:50:28.178,sell,100.51,0.430566,43.28
2026-09-18 01:50:54.507,buy,100.51,1.607383,161.56
2026-09-18 01:51:31.634,buy,100.44,0.289366,29.06
2026-09-18 01:51:32.423,buy,100.44,4.191819,421.02
2026-09-18 01:51:43.353,sell,100.44,2.15739,216.69
2026-09-18 01:51:45.038,sell,100.44,0.099563,10.0
2026-09-18 01:51:57.191,buy,100.44,0.827664,83.13
2026-09-18 01:52:01.895,sell,100.38,0.427297,42.89
2026-09-18 01:52:18.571,buy,100.38,0.220422,22.13
2026-09-18 01:52:19.837,buy,100.38,0.378464,37.99
2026-09-18 01:52:25.299,sell,100.38,1.181604,118.61
2026-09-18 01:52:43.365,sell,100.38,0.099624,10.0
2026-09-18 01:52:48.526,buy,100.38,0.252145,25.31
2026-09-18 01:52:57.966,sell,100.38,0.099624,10.0
2026-09-18 01:53:12.498,sell,100.48,5.630171,565.72
2026-09-18 01:53:12.663,buy,100.48,0.099521,10.0
2026-09-18 01:53:27.309,sell,100.48,0.643537,64.66
2026-09-18 01:53:40.475,buy,100.48,0.383829,38.57
2026-09-18 01:53:57.053,sell,100.48,0.303208,30.47
2026-09-18 01:54:04.998,sell,100.51,0.223075,22.42
2026-09-18 01:54:11.788,buy,100.51,1.946905,195.68
2026-09-18 01:54:31.367,sell,100.51,0.305271,30.68
2026-09-18 01:54:38.042,buy,100.51,1.360303,136.72
2026-09-18 01:54:45.123,sell,100.51,0.099494,10.0
2026-09-18 01:54:52.891,sell,100.51,0.099494,10.0
2026-09-18 01:54:57.984,buy,100.51,0.293675,29.52
2026-09-18 01:55:12.026,buy,100.56,0.220687,22.19
2026-09-18 01:55:12.384,buy,100.56,0.099446,10.0
2026-09-18 01:55:12.778,buy,100.56,0.16944,17.04
2026-09-18 01:55:30.572,buy,100.56,0.099446,10.0
2026-09-18 01:55:49.695,sell,100.56,5.426241,545.65
2026-09-18 01:55:50.258,sell,100.56,0.099446,10.0
2026-09-18 01:55:55.125,sell,100.56,0.099446,10.0
2026-09-18 01:56:06.163,sell,100.57,0.215077,21.63
2026-09-18 01:56:10.425,sell,100.57,0.099429,10.0
2026-09-18 01:56:15.453,buy,100.57,0.31844,32.03
2026-09-18 01:56:23.962,sell,100.57,1.300475,130.79
2026-09-18 01:56:25.903,buy,100.57,1.773607,178.38
2026-09-18 01:56:42.014,buy,100.57,3.225115,324.36
2026-09-18 01:56:55.458,buy,100.57,0.099429,10.0
2026-09-18 01:57:01.334,sell,100.55,0.756782,76.09
2026-09-18 01:57:25.702,buy,100.55,0.099453,10.0
2026-09-18 01:57:34.948,buy,100.55,0.298478,30.01
2026-09-18 01:58:12.565,buy,100.59,0.23808,23.95
2026-09-18 01:58:15.757,buy,100.59,0.102246,10.28
2026-09-18 01:58:22.258,sell,100.59,0.099415,10.0
2026-09-18 01:58:41.418,buy,100.59,0.099415,10.0
2026-09-18 01:58:48.477,buy,100.59,0.099415,10.0
2026-09-18 01:59:20.563,buy,100.59,0.394101,39.64
2026-09-18 01:59:23.538,buy,100.59,1.517711,152.66
2026-09-18 01:59:36.464,sell,100.59,0.099418,10.0
2026-09-18 01:59:44.717,sell,100.59,0.334249,33.62
2026-09-18 01:59:48.905,buy,100.59,0.13926,14.01
2026-09-18 01:59:53.905,sell,100.59,0.099418,10.0
2026-09-18 02:00:07.090,buy,100.46,1.104847,110.99
2026-09-18 02:00:18.937,buy,100.46,0.43637,43.84
2026-09-18 02:00:24.687,buy,100.46,0.099543,10.0
2026-09-18 02:00:32.924,sell,100.46,0.222345,22.34
2026-09-18 02:01:43.545,sell,100.44,0.099563,10.0
2026-09-18 02:01:45.074,sell,100.44,0.135526,13.61
2026-09-18 02:01:59.698,buy,100.44,0.835436,83.91
2026-09-18 02:02:27.883,sell,100.57,0.170725,17.17
2026-09-18 02:02:29.186,buy,100.57,0.11093,11.16
2026-09-18 02:02:42.353,buy,100.57,0.09943,10.0
2026-09-18 02:02:42.489,sell,100.57,0.213121,21.43
2026-09-18 02:02:54.341,sell,100.57,0.352373,35.44
2026-09-18 02:03:15.957,sell,100.62,1.471969,148.11
2026-09-18 02:03:33.703,buy,100.62,0.099386,10.0
2026-09-18 02:03:41.537,buy,100.62,6.564989,660.55
2026-09-18 02:04:00.539,sell,100.58,0.149387,15.03
2026-09-18 02:04:31.205,buy,100.58,0.099424,10.0
2026-09-18 02:04:50.961,sell,100.58,0.211027,21.23
2026-09-18 02:05:11.597,sell,100.71,0.099297,10.0
2026-09-18 02:05:35.500,sell,100.71,0.605,60.93
2026-09-18 02:05:40.788,sell,100.71,0.869937,87.61
2026-09-18 02:06:16.157,sell,100.73,0.09928,10.0
2026-09-18 02:06:36.325,buy,100.73,0.192489,19.39
2026-09-18 02:06:53.209,sell,100.73,5.993137,603.66
2026-09-18 02:06:55.508,sell,100.73,0.127763,12.87
2026-09-18 02:07:16.894,buy,100.65,0.099352,10.0
2026-09-18 02:07:41.231,sell,100.65,0.298874,30.08
2026-09-18 02:07:59.369,buy,100.65,0.89548,90.13
2026-09-18 02:08:00.800,sell,100.68,0.099321,10.0
2026-09-18 02:08:11.541,buy,100.68,0.306662,30.88
2026-09-18 02:08:21.773,sell,100.68,0.6887,69.34
2026-09-18 02:08:24.029,sell,100.68,0.872898,87.89
2026-09-18 02:08:50.928,buy,100.68,0.276126,27.8
2026-09-18 02:09:17.863,buy,100.69,0.099319,10.0
2026-09-18 02:09:19.358,sell,100.69,0.365133,36.76
2026-09-18 02:09:31.546,sell,100.69,0.120783,12.16
2026-09-18 02:09:34.020,sell,100.69,2.702386,272.09
2026-09-18 02:09:34.678,buy,100.69,0.276476,27.84
2026-09-18 02:09:35.391,buy,100.69,0.099319,10.0
2026-09-18 02:09:38.505,sell,100.69,0.374138,37.67
2026-09-18 02:09:44.997,sell,100.69,0.787781,79.32
2026-09-18 02:10:04.501,buy,100.67,0.6296,63.38
2026-09-18 02:10:21.397,sell,100.67,0.937805,94.41
2026-09-18 02:10:21.952,sell,100.67,0.14851,14.95
2026-09-18 02:10:22.637,sell,100.67,0.09933,10.0
2026-09-18 02:10:45.684,sell,100.67,0.115797,11.66
2026-09-18 02:10:46.600,buy,100.67,0.09933,10.0
2026-09-18 02:10:56.289,buy,100.67,3.614042,363.84
2026-09-18 02:11:06.723,sell,100.67,0.810891,81.63
2026-09-18 02:11:21.897,buy,100.67,0.351835,35.42
2026-09-18 02:11:22.451,sell,100.67,5.869416,590.85
2026-09-18 02:11:31.233,sell,100.67,1.47669,148.65
2026-09-18 02:11:32.863,buy,100.67,0.922369,92.85
2026-09-18 02:11:44.087,buy,100.67,0.407384,41.01
2026-09-18 02:11:52.511,sell,100.67,6.657709,670.21
2026-09-18 02:11:52.988,buy,100.67,0.099338,10.0
2026-09-18 02:12:07.121,sell,100.61,0.099396,10.0
2026-09-18 02:12:26.132,buy,100.61,0.186043,18.72
2026-09-18 02:12:35.456,buy,100.61,0.264076,26.57
2026-09-18 02:12:49.343,buy,100.61,0.126625,12.74
2026-09-18 02:13:04.925,buy,100.6,0.568031,57.15
2026-09-18 02:13:12.345,sell,100.6,1.414109,142.27
2026-09-18 02:13:51.024,sell,100.6,0.291716,29.35
2026-09-18 02:14:13.385,sell,100.66,0.099341,10.0
2026-09-18 02:14:38.298,buy,100.66,1.258359,126.67
2026-09-18 02:14:59.226,sell,100.66,0.552031,55.57
2026-09-18 02:15:02.692,sell,100.73,0.299085,30.13
2026-09-18 02:15:22.209,buy,100.73,0.132477,13.34
2026-09-18 02:15:23.293,buy,100.73,0.227767,22.94
2026-09-18 02:15:26.685,buy,100.73,0.177634,17.89
2026-09-18 02:15:29.833,buy,100.73,0.455394,45.87
2026-09-18 02:15:32.386,sell,100.73,0.624238,62.88
2026-09-18 02:15:35.508,buy,100.73,0.364425,36.71
2026-09-18 02:16:22.660,sell,100.76,0.902562,90.94
2026-09-18 02:16:32.068,buy,100.76,0.099249,10.0
2026-09-18 02:16:59.704,buy,100.76,5.383309,542.4
2026-09-18 02:17:29.365,sell,100.88,0.434099,43.79
2026-09-18 02:17:33.138,buy,100.88,0.30314,30.58
2026-09-18 02:17:34.018,sell,100.88,0.099131,10.0
2026-09-18 02:18:11.442,sell,100.88,0.286736,28.93
2026-09-18 02:18:15.270,sell,100.88,0.208769,21.06
2026-09-18 02:18:17.177,buy,100.88,0.647793,65.35
2026-09-18 02:18:39.357,buy,100.88,0.099125,10.0
2026-09-18 02:18:43.255,sell,100.88,0.931937,94.02
2026-09-18 02:18:48.691,sell,100.88,0.769266,77.61
2026-09-18 02:18:51.415,buy,100.88,0.099125,10.0
2026-09-18 02:18:59.134,buy,100.88,0.115242,11.63
2026-09-18 02:19:01.632,sell,100.9,0.31024,31.3
2026-09-18 02:19:31.140,buy,100.9,0.189666,19.14
2026-09-18 02:19:44.410,sell,100.9,0.099108,10.0
2026-09-18 02:19:54.363,sell,100.9,0.099108,10.0
2026-09-18 02:20:02.914,sell,100.97,2.097666,211.8
2026-09-18 02:20:05.525,buy,100.97,0.103701,10.47
2026-09-18 02:20:14.279,sell,100.97,0.099038,10.0
2026-09-18 02:20:18.347,sell,100.97,1.112136,112.29
2026-09-18 02:20:26.482,sell,100.97,0.099038,10.0
2026-09-18 02:20:28.493,buy,100.97,0.342741,34.61
2026-09-18 02:20:40.768,sell,100.97,5.703757,575.92
2026-09-18 02:20:48.403,buy,100.97,0.6423,64.85
2026-09-18 02:21:00.529,sell,100.9,0.277647,28.02
2026-09-18 02:21:09.922,sell,100.9,0.433165,43.71
2026-09-18 02:21:27.600,sell,100.9,0.166907,16.84
2026-09-18 02:22:21.371,buy,100.96,0.099053,10.0
2026-09-18 02:22:32.171,buy,100.96,0.099053,10.0
2026-09-18 02:22:38.157,buy,100.96,0.24769,25.01
2026-09-18 02:22:40.093,buy,100.96,1.406896,142.04
2026-09-18 02:22:45.414,sell,100.96,0.099053,10.0
2026-09-18 02:22:58.969,buy,100.96,0.171986,17.36
2026-09-18 02:23:02.869,buy,100.87,0.575991,58.1
2026-09-18 02:23:04.764,sell,100.87,0.184941,18.65
2026-09-18 02:23:14.693,sell,100.87,2.329733,234.99
2026-09-18 02:23:38.812,sell,100.87,1.755435,177.07
2026-09-18 02:23:50.688,buy,100.87,0.09914,10.0
2026-09-18 02:23:52.026,buy,100.87,0.967212,97.56
2026-09-18 02:23:56.555,buy,100.87,0.207478,20.93
2026-09-18 02:24:14.143,sell,101.02,0.09899,10.0
2026-09-18 02:24:17.573,buy,101.02,0.174024,17.58
2026-09-18 02:24:17.704,sell,101.02,0.933332,94.29
2026-09-18 02:24:32.741,buy,101.02,5.579977,563.69
2026-09-18 02:24:42.497,sell,101.02,0.172942,17.47
2026-09-18 02:24:45.258,buy,101.02,0.123699,12.5
2026-09-18 02:24:51.164,buy,101.02,2.450761,247.58
2026-09-18 02:25:07.520,sell,101.02,0.300585,30.37
2026-09-18 02:25:08.131,buy,101.02,0.190815,19.28
2026-09-18 02:25:14.866,sell,101.02,1.662824,167.98
2026-09-18 02:25:31.255,buy,101.02,0.204874,20.7
2026-09-18 02:25:44.236,buy,101.02,13.392101,1352.88
2026-09-18 02:25:50.315,sell,101.02,0.151652,15.32
2026-09-18 02:26:30.191,sell,101.1,0.862687,87.22
2026-09-18 02:26:38.077,buy,101.1,0.098913,10.0
2026-09-18 02:26:42.326,buy,101.1,0.177986,17.99
2026-09-18 02:26:47.186,sell,101.1,4.43223,448.09
2026-09-18 02:27:43.291,buy,101.11,1.206188,121.96
2026-09-18 02:27:47.947,sell,101.11,0.166653,16.85
2026-09-18 02:27:56.166,sell,101.11,0.14652,14.82
2026-09-18 02:27:56.552,sell,101.11,0.098899,10.0
2026-09-18 02:28:00.048,sell,101.02,0.098987,10.0
2026-09-18 02:28:01.961,buy,101.02,0.551313,55.7
2026-09-18 02:28:03.234,sell,101.02,0.098987,10.0
2026-09-18 02:28:08.051,buy,101.02,0.098987,10.0
2026-09-18 02:28:16.463,sell,101.02,0.175992,17.78
2026-09-18 02:28:38.979,buy,101.02,0.171471,17.32
2026-09-18 02:28:58.449,buy,101.02,0.73261,74.01
2026-09-18 02:29:26.005,sell,100.94,2.241509,226.26
2026-09-18 02:29:27.703,buy,100.94,0.099067,10.0
2026-09-18 02:29:31.247,buy,100.94,0.16328,16.48
2026-09-18 02:29:38.169,sell,100.94,0.439032,44.32
2026-09-18 02:29:44.595,buy,100.94,0.099067,10.0
2026-09-18 02:29:48.239,sell,100.94,0.099067,10.0
2026-09-18 02:29:53.740,buy,100.94,0.126534,12.77
2026-09-18 02:30:02.355,buy,101.0,0.857982,86.65
2026-09-18 02:30:14.573,sell,101.0,0.763694,77.13
2026-09-18 02:30:17.254,sell,101.0,0.111872,11.3
2026-09-18 02:30:22.193,sell,101.0,1.843518,186.19
2026-09-18 02:30:36.921,sell,101.0,0.099013,10.0
2026-09-18 02:30:41.845,sell,101.0,0.099013,10.0
2026-09-18 02:30:46.710,buy,101.0,0.099013,10.0
2026-09-18 02:30:58.500,buy,101.0,2.704898,273.18
2026-09-18 02:31:20.913,sell,100.97,0.099041,10.0
2026-09-18 02:31:34.510,buy,100.97,0.099041,10.0
2026-09-18 02:31:39.334,buy,100.97,0.247112,24.95
2026-09-18 02:32:01.321,buy,101.01,1.204802,121.69
2026-09-18 02:32:11.888,buy,101.01,0.304154,30.72
2026-09-18 02:32:21.451,sell,101.01,10.603233,1071.0
2026-09-18 02:32:24.691,sell,101.01,0.136699,13.81
2026-09-18 02:32:33.603,buy,101.01,0.354706,35.83
2026-09-18 02:32:50.248,buy,101.01,1.472202,148.7
2026-09-18 02:32:54.087,sell,101.01,0.099003,10.0
2026-09-18 02:33:20.654,sell,101.03,0.925303,93.48
2026-09-18 02:33:41.907,sell,101.03,0.387106,39.11
2026-09-18 02:33:53.646,buy,101.03,0.327815,33.12
2026-09-18 02:33:56.467,sell,101.03,0.932893,94.25
2026-09-18 02:34:16.865,sell,101.02,1.028965,103.95
2026-09-18 02:34:34.786,buy,101.02,0.098991,10.0
2026-09-18 02:34:38.039,sell,101.02,0.098991,10.0
2026-09-18 02:34:40.770,sell,101.02,0.912058,92.14
2026-09-18 02:34:55.869,sell,101.02,0.393286,39.73
2026-09-18 02:35:04.618,sell,101.04,0.277528,28.04
2026-09-18 02:35:17.595,sell,101.04,0.178481,18.03
2026-09-18 02:35:18.979,buy,101.04,0.72248,73.0
2026-09-18 02:35:19.656,sell,101.04,0.29471,29.78
2026-09-18 02:35:25.578,buy,101.04,0.145329,14.68
2026-09-18 02:35:38.226,sell,101.04,0.098971,10.0
2026-09-18 02:35:47.843,buy,101.04,0.098971,10.0
2026-09-18 02:35:56.794,sell,101.04,0.521864,52.73
2026-09-18 02:36:00.548,buy,101.01,0.099,10.0
2026-09-18 02:36:32.634,sell,101.01,0.213737,21.59
2026-09-18 02:36:36.744,sell,101.01,0.099,10.0
2026-09-18 02:37:16.629,buy,100.99,0.448338,45.28
2026-09-18 02:37:18.151,buy,100.99,0.099017,10.0
2026-09-18 02:37:31.540,buy,100.99,0.099017,10.0
2026-09-18 02:37:40.190,buy,100.99,0.327777,33.1
2026-09-18 02:38:01.294,sell,100.93,0.40961,41.34
2026-09-18 02:38:04.695,buy,100.93,0.102783,10.37
2026-09-18 02:38:09.097,buy,100.93,0.625568,63.14
2026-09-18 02:38:43.341,buy,100.93,0.099078,10.0
2026-09-18 02:38:52.663,sell,100.93,1.791327,180.8
2026-09-18 02:38:53.605,sell,100.93,0.600824,60.64
2026-09-18 02:38:55.090,buy,100.93,0.681464,68.78
2026-09-18 02:38:56.802,buy,100.93,1.935191,195.32
2026-09-18 02:39:04.568,buy,101.0,0.12289,12.41
2026-09-18 02:39:15.973,buy,101.0,0.18192,18.37
2026-09-18 02:39:44.247,buy,101.0,0.594484,60.04
2026-09-18 02:39:44.962,sell,101.0,0.099011,10.0
2026-09-18 02:39:47.596,buy,101.0,0.326759,33.0
2026-09-18 02:39:51.434,buy,101.0,1.789258,180.71
2026-09-18 02:40:19.877,sell,100.94,0.229732,23.19
2026-09-18 02:40:31.417,buy,100.94,0.099068,10.0
2026-09-18 02:40:45.189,buy,100.94,0.099068,10.0
2026-09-18 02:40:56.506,buy,100.94,0.185234,18.7
2026-09-18 02:41:18.276,buy,100.92,1.046996,105.67
2026-09-18 02:41:18.675,sell,100.92,0.099085,10.0
2026-09-18 02:41:42.642,sell,100.92,0.114122,11.52
2026-09-18 02:41:45.768,buy,100.92,0.40243,40.61
2026-09-18 02:41:47.533,sell,100.92,0.85333,86.12
2026-09-18 02:41:59.236,sell,100.92,0.099085,10.0
2026-09-18 02:42:03.903,buy,100.9,0.477998,48.23
2026-09-18 02:42:15.001,buy,100.9,0.193329,19.51
2026-09-18 02:42:21.428,buy,100.9,1.401014,141.36
2026-09-18 02:42:23.173,sell,100.9,0.172536,17.41
2026-09-18 02:42:23.430,sell,100.9,0.221748,22.37
2026-09-18 02:42:29.872,buy,100.9,0.276382,27.89
2026-09-18 02:42:59.653,buy,100.9,0.330442,33.34
2026-09-18 02:43:20.887,buy,100.96,0.659292,66.56
2026-09-18 02:43:26.405,sell,100.96,0.886229,89.47
2026-09-18 02:43:36.859,sell,100.96,0.43017,43.43
2026-09-18 02:43:48.683,sell,100.96,0.099636,10.06
2026-09-18 02:44:02.075,buy,101.1,0.142951,14.45
2026-09-18 02:44:02.375,sell,101.1,0.233542,23.61
2026-09-18 02:44:07.874,buy,101.1,0.513909,51.96
2026-09-18 02:44:10.117,buy,101.1,2.608916,263.76
2026-09-18 02:44:12.382,sell,101.1,2.839453,287.07
2026-09-18 02:44:15.223,sell,101.1,2.635286,266.43
2026-09-18 02:44:49.890,sell,101.1,2.188108,221.22
2026-09-18 02:44:50.105,buy,101.1,0.098912,10.0
2026-09-18 02:45:18.057,buy,101.08,0.665302,67.25
2026-09-18 02:45:22.752,buy,101.08,1.3558,137.04
2026-09-18 02:45:28.786,buy,101.08,0.098931,10.0
2026-09-18 02:45:53.614,buy,101.08,22.734979,2298.06
2026-09-18 02:45:55.406,sell,101.08,0.499306,50.47
2026-09-18 02:46:02.539,sell,101.04,2.0183,203.93
2026-09-18 02:46:13.012,buy,101.04,3.818882,385.86
2026-09-18 02:46:13.059,buy,101.04,0.782277,79.04
2026-09-18 02:46:41.123,buy,101.04,0.191203,19.32
2026-09-18 02:46:43.275,sell,101.04,0.417108,42.14
2026-09-18 02:46:49.430,buy,101.04,0.243447,24.6
2026-09-18 02:46:54.566,sell,101.04,9.484774,958.34
2026-09-18 02:46:59.073,buy,101.04,0.983606,99.38
2026-09-18 02:47:04.102,buy,100.93,0.619488,62.53
2026-09-18 02:47:16.468,buy,100.93,1.028626,103.82
2026-09-18 02:47:18.866,sell,100.93,12.093948,1220.68
2026-09-18 02:47:20.584,buy,100.93,0.20029,20.22
2026-09-18 02:47:23.350,sell,100.93,0.101814,10.28
2026-09-18 02:47:33.880,buy,100.93,0.099075,10.0
2026-09-18 02:48:06.311,sell,101.07,4.339779,438.63
2026-09-18 02:48:44.770,sell,101.07,0.336574,34.02
2026-09-18 02:48:47.546,sell,101.07,3.213779,324.82
2026-09-18 02:48:51.039,buy,101.07,0.643118,65.0
2026-09-18 02:49:01.090,sell,101.09,3.79247,383.36
2026-09-18 02:49:01.091,buy,101.09,6.601777,667.34
2026-09-18 02:49:09.308,buy,101.09,0.910492,92.04
2026-09-18 02:49:16.140,buy,101.09,0.098926,10.0
2026-09-18 02:49:16.621,sell,101.09,0.098926,10.0
2026-09-18 02:49:40.895,buy,101.09,0.548373,55.43
2026-09-18 02:49:43.635,sell,101.09,46.662411,4716.9
2026-09-18 02:49:59.562,sell,101.09,0.271018,27.4
2026-09-18 02:50:10.739,sell,101.0,30.040721,3033.96
2026-09-18 02:50:24.076,buy,101.0,0.931207,94.05
2026-09-18 02:50:33.300,sell,101.0,0.370845,37.45
2026-09-18 02:50:38.395,buy,101.0,8.098627,817.92
2026-09-18 02:51:03.225,sell,100.93,0.109107,11.01
2026-09-18 02:51:06.579,sell,100.93,7.297855,736.6
2026-09-18 02:51:27.641,sell,100.93,0.132794,13.4
2026-09-18 02:51:40.515,buy,100.93,0.099075,10.0
2026-09-18 02:51:57.339,sell,100.93,0.131255,13.25
2026-09-18 02:52:16.561,buy,100.98,0.099028,10.0
2026-09-18 02:52:22.395,sell,100.98,0.099028,10.0
2026-09-18 02:52:28.631,sell,100.98,0.14719,14.86
2026-09-18 02:52:40.424,sell,100.98,0.155943,15.75
2026-09-18 02:52:49.814,buy,100.98,0.107804,10.89
2026-09-18 02:53:03.115,buy,101.0,0.276838,27.96
2026-09-18 02:53:04.143,buy,101.0,0.099011,10.0
2026-09-18 02:53:07.456,buy,101.0,0.099011,10.0
2026-09-18 02:53:14.094,buy,101.0,0.212599,21.47
2026-09-18 02:53:42.466,buy,101.0,0.462066,46.67
2026-09-18 02:54:15.000,sell,101.05,2.062734,208.43
2026-09-18 02:54:18.807,sell,101.05,0.700249,70.76
2026-09-18 02:54:23.047,buy,101.05,0.665952,67.29
2026-09-18 02:54:27.598,sell,101.05,4.057803,410.02
2026-09-18 02:54:36.660,buy,101.05,0.573626,57.96
2026-09-18 02:54:53.161,buy,101.05,0.098965,10.0
2026-09-18 02:54:58.789,sell,101.05,5.862285,592.36
2026-09-18 02:55:11.199,sell,101.08,0.098932,10.0
2026-09-18 02:55:16.702,sell,101.08,0.222498,22.49
2026-09-18 02:55:25.998,sell,101.08,1.002162,101.3
2026-09-18 02:55:52.997,buy,101.08,3.732946,377.32
2026-09-18 02:56:02.598,sell,101.12,0.098897,10.0
2026-09-18 02:56:13.170,buy,101.12,1.800531,182.06
2026-09-18 02:56:20.071,sell,101.12,2.108251,213.18
2026-09-18 02:56:25.095,buy,101.12,0.571378,57.78
2026-09-18 02:56:54.466,sell,101.12,0.163434,16.53
2026-09-18 02:57:02.313,buy,101.14,0.429199,43.41
2026-09-18 02:57:05.204,buy,101.14,0.702476,71.04
2026-09-18 02:57:09.835,sell,101.14,0.098878,10.0
2026-09-18 02:57:17.387,sell,101.14,0.231793,23.44
2026-09-18 02:57:20.976,buy,101.14,16.881191,1707.28
2026-09-18 02:57:30.293,sell,101.14,0.817786,82.71
2026-09-18 02:57:33.415,buy,101.14,0.101493,10.26
2026-09-18 02:57:51.632,buy,101.14,0.354323,35.83
2026-09-18 02:58:04.962,sell,101.22,0.098792,10.0
2026-09-18 02:58:14.949,sell,101.22,0.098792,10.0
2026-09-18 02:58:21.756,buy,101.22,4.330327,438.33
2026-09-18 02:58:27.925,sell,101.22,0.141916,14.37
2026-09-18 02:58:32.825,sell,101.22,0.098792,10.0
2026-09-18 02:58:41.580,buy,101.22,0.236223,23.91
2026-09-18 02:58:42.403,sell,101.22,3.889807,393.74
2026-09-18 02:59:06.549,buy,101.26,0.098756,10.0
2026-09-18 02:59:13.094,buy,101.26,0.280474,28.4
2026-09-18 02:59:33.039,buy,101.26,0.227687,23.06
2026-09-18 02:59:33.393,sell,101.26,0.098756,10.0
2026-09-18 02:59:36.057,buy,101.26,0.469379,47.53
2026-09-18 02:59:57.315,sell,101.26,0.446687,45.23
2026-09-18 03:00:03.092,sell,101.16,0.101672,10.29
2026-09-18 03:00:15.625,sell,101.16,2.091929,211.62
2026-09-18 03:00:21.150,buy,101.16,1.510087,152.76
2026-09-18 03:01:02.975,sell,101.12,0.503591,50.92
2026-09-18 03:01:04.464,buy,101.12,0.233877,23.65
2026-09-18 03:01:13.558,sell,101.12,1.241077,125.5
2026-09-18 03:01:34.322,sell,101.12,0.098889,10.0
2026-09-18 03:01:58.753,sell,101.12,0.103514,10.47
2026-09-18 03:02:04.660,buy,101.13,0.30647,30.99
2026-09-18 03:02:24.761,buy,101.13,0.336598,34.04
2026-09-18 03:02:25.183,buy,101.13,3.89968,394.37
2026-09-18 03:02:46.246,buy,101.13,0.472701,47.8
2026-09-18 03:02:55.327,sell,101.13,0.098884,10.0
2026-09-18 03:02:55.369,buy,101.13,0.098884,10.0
2026-09-18 03:03:15.170,sell,101.14,2.073459,209.7
2026-09-18 03:03:21.213,buy,101.14,0.098877,10.0
2026-09-18 03:03:31.130,buy,101.14,1.656141,167.5
2026-09-18 03:03:34.100,sell,101.14,0.557678,56.4
2026-09-18 03:03:47.317,sell,101.14,0.098877,10.0
2026-09-18 03:03:47.562,buy,101.14,1.258144,127.24
2026-09-18 03:04:11.375,sell,101.14,1.230283,124.43
2026-09-18 03:04:11.475,sell,101.14,0.253496,25.64
2026-09-18 03:04:26.240,buy,101.14,0.178517,18.06
2026-09-18 03:04:27.611,sell,101.14,0.098871,10.0
2026-09-18 03:04:43.479,buy,101.14,0.098871,10.0
2026-09-18 03:04:47.691,buy,101.14,0.407677,41.23
2026-09-18 03:04:55.829,sell,101.14,0.098871,10.0
2026-09-18 03:05:04.656,sell,101.12,0.255568,25.84
2026-09-18 03:05:17.728,buy,101.12,1.346191,136.12
2026-09-18 03:05:27.510,buy,101.12,17.628416,1782.5
2026-09-18 03:06:03.027,sell,101.21,0.308267,31.2
2026-09-18 03:06:03.908,sell,101.21,8.703492,880.87
2026-09-18 03:06:03.965,sell,101.21,0.098806,10.0
2026-09-18 03:06:10.728,sell,101.21,0.80901,81.88
2026-09-18 03:06:20.806,buy,101.21,0.951251,96.27
2026-09-18 03:06:47.156,sell,101.21,2.643059,267.5
2026-09-18 03:06:51.763,buy,101.21,3.139484,317.74
2026-09-18 03:06:54.660,buy,101.21,0.536728,54.32
2026-09-18 03:07:11.321,sell,101.18,0.09883,10.0
2026-09-18 03:07:15.498,buy,101.18,0.361331,36.56
2026-09-18 03:07:20.402,buy,101.18,4.744281,480.04
2026-09-18 03:07:33.715,sell,101.18,2.338527,236.62
2026-09-18 03:07:44.580,buy,101.18,0.116326,11.77
2026-09-18 03:07:50.427,sell,101.18,2.757403,279.0
2026-09-18 03:07:58.760,buy,101.18,0.1941,19.64
2026-09-18 03:08:07.208,sell,101.24,0.872603,88.34
2026-09-18 03:08:28.200,buy,101.24,0.098773,10.0
2026-09-18 03:08:33.455,buy,101.24,0.151526,15.34
2026-09-18 03:08:38.408,buy,101.24,0.256068,25.93
2026-09-18 03:08:42.879,sell,101.24,0.240942,24.39
2026-09-18 03:08:47.334,sell,101.24,0.201816,20.43
2026-09-18 03:08:51.493,buy,101.24,2.477776,250.86
2026-09-18 03:08:55.289,sell,101.24,0.120629,12.21
2026-09-18 03:09:07.976,sell,101.25,0.098768,10.0
2026-09-18 03:09:09.359,buy,101.25,0.098768,10.0
2026-09-18 03:09:17.277,buy,101.25,0.336491,34.07
2026-09-18 03:10:06.313,buy,101.21,0.204629,20.71
2026-09-18 03:10:17.470,buy,101.21,1.430932,144.83
2026-09-18 03:10:42.674,sell,101.21,3.346805,338.73
2026-09-18 03:11:04.566,sell,101.23,1.104143,111.77
2026-09-18 03:11:06.426,sell,101.23,0.781517,79.11
2026-09-18 03:11:43.999,sell,101.23,0.427381,43.26
2026-09-18 03:12:09.670,buy,101.31,1.125068,113.98
2026-09-18 03:12:10.438,buy,101.31,0.171097,17.33
2026-09-18 03:12:12.022,sell,101.31,0.1172,11.87
2026-09-18 03:12:52.175,sell,101.31,0.098707,10.0
2026-09-18 03:13:03.506,buy,101.33,0.113038,11.45
2026-09-18 03:13:35.000,sell,101.33,0.819906,83.08
2026-09-18 03:13:37.781,buy,101.33,0.16823,17.05
2026-09-18 03:13:53.143,buy,101.33,0.487701,49.42
2026-09-18 03:14:02.126,buy,101.28,1.066007,107.97
2026-09-18 03:14:35.522,buy,101.28,0.370688,37.54
2026-09-18 03:14:41.497,sell,101.28,0.133877,13.56
2026-09-18 03:14:44.060,buy,101.28,1.37461,139.22
2026-09-18 03:15:20.542,sell,101.35,2.167867,219.71
2026-09-18 03:15:28.181,buy,101.35,0.098669,10.0
2026-09-18 03:15:32.738,buy,101.35,0.162333,16.45
2026-09-18 03:16:03.656,sell,101.33,0.098684,10.0
2026-09-18 03:16:19.747,buy,101.33,1.722782,174.58
2026-09-18 03:16:28.774,sell,101.33,0.248312,25.16
2026-09-18 03:16:29.102,buy,101.33,0.098684,10.0
2026-09-18 03:16:39.873,sell,101.33,0.098684,10.0
2026-09-18 03:16:47.863,buy,101.33,0.254185,25.76
2026-09-18 03:17:06.683,buy,101.32,1.267996,128.47
2026-09-18 03:17:11.256,sell,101.32,0.098702,10.0
2026-09-18 03:17:34.667,sell,101.32,13.581966,1376.06
2026-09-18 03:18:00.765,buy,101.39,5.41349,548.86
2026-09-18 03:18:15.584,sell,101.39,0.098632,10.0
2026-09-18 03:18:20.456,buy,101.39,0.098632,10.0
2026-09-18 03:18:25.368,sell,101.39,0.312283,31.66
2026-09-18 03:18:27.407,sell,101.39,0.413511,41.92
2026-09-18 03:18:35.930,sell,101.39,0.098632,10.0
2026-09-18 03:18:43.902,buy,101.39,0.366078,37.12
2026-09-18 03:18:44.195,buy,101.39,0.606845,61.53
2026-09-18 03:19:11.312,sell,101.4,0.164541,16.68
2026-09-18 03:19:18.290,buy,101.4,0.423893,42.98
2026-09-18 03:19:54.321,sell,101.4,0.117942,11.96
2026-09-18 03:19:56.467,sell,101.4,0.098617,10.0
2026-09-18 03:20:06.213,sell,101.38,0.338272,34.3
2026-09-18 03:20:07.460,buy,101.38,0.760538,77.11
2026-09-18 03:20:22.540,sell,101.38,0.373269,37.84
2026-09-18 03:20:44.712,sell,101.38,0.098635,10.0
2026-09-18 03:21:06.945,sell,101.31,0.112015,11.35
2026-09-18 03:21:17.853,sell,101.31,0.098709,10.0
2026-09-18 03:21:23.970,sell,101.31,1.536081,155.62
2026-09-18 03:21:31.646,sell,101.31,0.922156,93.42
2026-09-18 03:22:19.942,sell,101.35,0.247555,25.09
2026-09-18 03:22:31.469,buy,101.35,0.402303,40.77
2026-09-18 03:22:34.714,sell,101.35,17.222124,1745.51
2026-09-18 03:22:50.652,sell,101.35,0.212552,21.54
2026-09-18 03:23:03.325,buy,101.51,0.098508,10.0
2026-09-18 03:23:20.728,sell,101.51,1.043212,105.9
2026-09-18 03:23:26.004,sell,101.51,0.395918,40.19
2026-09-18 03:23:31.808,buy,101.51,3.31013,336.03
2026-09-18 03:23:36.981,buy,101.51,0.098508,10.0
2026-09-18 03:23:37.716,buy,101.51,0.11993,12.17
2026-09-18 03:23:56.201,buy,101.51,2.541796,258.03
2026-09-18 03:24:08.132,buy,101.46,0.575606,58.4
2026-09-18 03:24:46.673,buy,101.46,0.108236,10.98
2026-09-18 03:24:51.670,sell,101.46,0.227113,23.04
2026-09-18 03:25:00.773,sell,101.5,0.747295,75.85
2026-09-18 03:25:06.412,sell,101.5,0.098518,10.0
2026-09-18 03:25:14.734,buy,101.5,0.098518,10.0
2026-09-18 03:25:41.599,sell,101.5,0.343825,34.9
2026-09-18 03:26:00.849,sell,101.45,0.174013,17.65
2026-09-18 03:26:09.636,sell,101.45,0.416598,42.26
2026-09-18 03:26:30.190,buy,101.45,0.098575,10.0
2026-09-18 03:26:34.639,buy,101.45,0.224588,22.78
2026-09-18 03:26:38.931,sell,101.45,0.098575,10.0
2026-09-18 03:26:40.141,sell,101.45,1.554157,157.66
2026-09-18 03:27:01.496,sell,101.42,0.286231,29.03
2026-09-18 03:27:06.675,buy,101.42,4.553907,461.88
2026-09-18 03:27:10.201,buy,101.42,0.159093,16.14
2026-09-18 03:27:30.479,buy,101.42,0.136759,13.87
2026-09-18 03:27:47.399,buy,101.42,0.098596,10.0
2026-09-18 03:28:27.614,buy,101.48,0.483237,49.04
2026-09-18 03:28:27.912,buy,101.48,0.543588,55.16
2026-09-18 03:28:41.562,sell,101.48,0.936742,95.06
2026-09-18 03:28:52.170,buy,101.48,40.498862,4109.68
2026-09-18 03:28:58.266,buy,101.48,3.320094,336.91
2026-09-18 03:28:58.766,sell,101.48,0.130175,13.21
2026-09-18 03:29:23.819,sell,101.45,1.171848,118.89
2026-09-18 03:29:25.550,sell,101.45,0.494567,50.17
2026-09-18 03:29:25.650,buy,101.45,0.953595,96.74
2026-09-18 03:29:29.671,sell,101.45,0.386787,39.24
2026-09-18 03:29:56.635,buy,101.45,0.393529,39.92
2026-09-18 03:30:11.548,buy,101.37,2.985814,302.67
2026-09-18 03:30:13.645,sell,101.37,0.882674,89.47
2026-09-18 03:30:23.821,buy,101.37,0.686455,69.58
2026-09-18 03:30:27.417,sell,101.37,1.460661,148.06
2026-09-18 03:30:30.472,buy,101.37,0.312709,31.7
2026-09-18 03:30:46.620,buy,101.37,0.343575,34.83
2026-09-18 03:30:56.170,sell,101.37,0.458806,46.51
2026-09-18 03:31:01.492,buy,101.38,0.435778,44.18
2026-09-18 03:31:23.886,buy,101.38,1.835963,186.13
2026-09-18 03:31:24.511,sell,101.38,0.464228,47.06
2026-09-18 03:31:29.631,sell,101.38,1.427473,144.72
2026-09-18 03:31:31.896,sell,101.38,0.280794,28.47
2026-09-18 03:31:41.949,sell,101.38,0.661407,67.05
2026-09-18 03:31:52.142,sell,101.38,0.098639,10.0
2026-09-18 03:31:53.290,sell,101.38,2.005396,203.31
2026-09-18 03:32:07.996,sell,101.3,0.393903,39.9
2026-09-18 03:32:12.160,buy,101.3,0.21773,22.06
2026-09-18 03:32:12.602,sell,101.3,0.563049,57.04
2026-09-18 03:32:16.397,sell,101.3,0.318441,32.26
2026-09-18 03:32:29.459,sell,101.3,0.307187,31.12
2026-09-18 03:32:57.767,buy,101.3,0.098714,10.0
2026-09-18 03:33:02.679,buy,101.34,0.659226,66.81
2026-09-18 03:33:03.972,buy,101.34,1.390692,140.93
2026-09-18 03:33:26.159,buy,101.34,0.431987,43.78
2026-09-18 03:33:34.040,buy,101.34,1.314975,133.26
2026-09-18 03:33:43.481,buy,101.34,0.098679,10.0
2026-09-18 03:33:52.993,buy,101.34,0.628201,63.66
2026-09-18 03:34:02.771,sell,101.3,0.098714,10.0
2026-09-18 03:34:19.883,buy,101.3,0.170092,17.23
2026-09-18 03:34:53.189,buy,101.3,0.476302,48.25
2026-09-18 03:35:19.563,buy,101.28,3.40829,345.2
2026-09-18 03:35:22.158,sell,101.28,0.098733,10.0
2026-09-18 03:35:27.105,sell,101.28,5.203923,527.07
2026-09-18 03:35:44.741,buy,101.28,0.604341,61.21
2026-09-18 03:35:48.218,buy,101.28,0.274953,27.85
2026-09-18 03:35:51.443,buy,101.28,0.301168,30.5
2026-09-18 03:36:12.536,sell,101.31,0.481159,48.75
2026-09-18 03:36:34.210,sell,101.31,0.098707,10.0
2026-09-18 03:36:36.927,buy,101.31,0.80445,81.5
2026-09-18 03:37:05.197,sell,101.29,0.098731,10.0
2026-09-18 03:37:06.214,buy,101.29,1.110139,112.44
2026-09-18 03:37:13.947,sell,101.29,0.098731,10.0
2026-09-18 03:37:53.395,buy,101.29,0.098731,10.0
2026-09-18 03:37:54.669,buy,101.29,0.098731,10.0
2026-09-18 03:37:58.256,buy,101.29,0.325735,32.99
2026-09-18 03:37:58.817,buy,101.29,0.235218,23.82
2026-09-18 03:38:14.907,buy,101.36,0.187113,18.97
2026-09-18 03:38:15.141,buy,101.36,30.479986,3089.39
2026-09-18 03:38:33.700,sell,101.36,0.09866,10.0
2026-09-18 03:38:40.297,sell,101.36,0.09866,10.0
2026-09-18 03:38:53.761,buy,101.36,1.148736,116.43
2026-09-18 03:39:32.194,buy,101.25,0.098766,10.0
2026-09-18 03:39:36.185,sell,101.25,1.197537,121.25
2026-09-18 03:39:42.313,buy,101.25,0.374411,37.91
2026-09-18 03:39:52.655,sell,101.25,0.387442,39.23
2026-09-18 03:39:55.123,buy,101.25,1.625623,164.59
2026-09-18 03:39:56.446,buy,101.25,1.294459,131.06
2026-09-18 03:40:00.634,buy,101.34,0.121166,12.28
2026-09-18 03:40:31.583,buy,101.34,0.290882,29.48
2026-09-18 03:40:35.140,buy,101.34,0.377391,38.24
2026-09-18 03:40:38.712,sell,101.34,0.241047,24.43
2026-09-18 03:40:44.231,buy,101.34,0.098681,10.0
2026-09-18 03:41:04.107,sell,101.43,0.439203,44.55
2026-09-18 03:41:08.129,buy,101.43,0.494514,50.16
2026-09-18 03:41:49.173,buy,101.43,0.6084,61.71
2026-09-18 03:41:49.323,buy,101.43,2.361091,239.48
2026-09-18 03:42:29.745,sell,101.47,0.614729,62.38
2026-09-18 03:42:30.708,sell,101.47,6.533462,662.94
2026-09-18 03:42:43.419,sell,101.47,0.311288,31.59
2026-09-18 03:42:58.856,sell,101.47,0.098552,10.0
2026-09-18 03:43:00.847,buy,101.47,0.098547,10.0
2026-09-18 03:43:04.913,sell,101.47,9.17317,930.84
2026-09-18 03:43:06.063,sell,101.47,1.608489,163.22
2026-09-18 03:43:14.263,sell,101.47,0.130291,13.22
2026-09-18 03:43:35.466,buy,101.47,0.40798,41.4
2026-09-18 03:43:58.359,buy,101.47,0.292618,29.69
2026-09-18 03:44:17.690,sell,101.49,0.338841,34.39
2026-09-18 03:44:26.400,sell,101.49,5.347924,542.76
2026-09-18 03:44:28.042,buy,101.49,0.350745,35.6
2026-09-18 03:44:29.976,sell,101.49,0.25436,25.82
2026-09-18 03:44:33.673,buy,101.49,5.597843,568.13
2026-09-18 03:44:59.311,sell,101.49,1.126879,114.37
2026-09-18 03:45:11.914,buy,101.39,1.731179,175.52
2026-09-18 03:45:20.082,buy,101.39,0.126983,12.87
2026-09-18 03:45:41.353,buy,101.39,0.098632,10.0
2026-09-18 03:45:55.810,buy,101.39,0.951303,96.45
2026-09-18 03:46:30.294,sell,101.37,0.192414,19.5
2026-09-18 03:46:31.593,sell,101.37,1.688167,171.12
2026-09-18 03:46:32.370,sell,101.37,0.342369,34.7
2026-09-18 03:47:09.743,buy,101.46,0.627044,63.62
2026-09-18 03:47:10.754,sell,101.46,2.808124,284.92
2026-09-18 03:47:14.686,sell,101.46,0.25654,26.03
2026-09-18 03:47:25.489,sell,101.46,0.196354,19.92
2026-09-18 03:47:37.079,buy,101.46,0.335593,34.05
2026-09-18 03:47:41.615,buy,101.46,0.998243,101.28
2026-09-18 03:48:05.202,buy,101.36,0.121798,12.35
2026-09-18 03:48:13.786,sell,101.36,5.381561,545.46
2026-09-18 03:48:37.357,buy,101.36,10.559046,1070.23
2026-09-18 03:48:40.260,sell,101.36,0.165474,16.77
2026-09-18 03:48:45.739,buy,101.36,0.779079,78.97
2026-09-18 03:48:49.290,buy,101.36,0.333537,33.81
2026-09-18 03:49:20.431,buy,101.25,0.572006,57.92
2026-09-18 03:49:39.648,sell,101.25,0.872886,88.38
2026-09-18 03:49:48.774,buy,101.25,1.961966,198.65
2026-09-18 03:49:55.293,sell,101.25,0.205772,20.83
2026-09-18 03:50:00.272,sell,101.22,0.09879,10.0
2026-09-18 03:50:12.739,buy,101.22,0.442513,44.79
2026-09-18 03:50:20.952,buy,101.22,0.85333,86.38
2026-09-18 03:50:44.601,sell,101.22,3.650168,369.49
2026-09-18 03:51:01.324,sell,101.14,1.74511,176.5
2026-09-18 03:51:10.656,sell,101.14,0.098875,10.0
2026-09-18 03:51:22.230,sell,101.14,0.098875,10.0
2026-09-18 03:51:55.202,buy,101.14,0.376481,38.08
2026-09-18 03:51:55.743,buy,101.14,2.168448,219.31
2026-09-18 03:51:59.321,sell,101.14,1.146894,115.99
2026-09-18 03:52:11.368,sell,101.19,0.098825,10.0
2026-09-18 03:52:26.668,buy,101.19,0.589181,59.62
2026-09-18 03:52:40.775,buy,101.19,0.159668,16.16
2026-09-18 03:52:47.832,buy,101.19,0.150651,15.24
2026-09-18 03:52:53.793,sell,101.19,1.140526,115.41
2026-09-18 03:52:55.473,sell,101.19,2.182638,220.86
2026-09-18 03:53:11.861,buy,101.13,1.63357,165.2
2026-09-18 03:53:34.436,buy,101.13,0.366486,37.06
2026-09-18 03:53:50.761,buy,101.13,0.534085,54.01
2026-09-18 03:53:53.241,buy,101.13,1.202736,121.63
2026-09-18 03:54:00.639,sell,101.17,1.151825,116.53
2026-09-18 03:54:14.132,buy,101.17,0.515111,52.11
2026-09-18 03:54:18.215,buy,101.17,119.850941,12125.32
2026-09-18 03:54:25.617,buy,101.17,0.098844,10.0
2026-09-18 03:54:30.511,buy,101.17,2.01995,204.36
2026-09-18 03:54:32.112,buy,101.17,0.098844,10.0
2026-09-18 03:54:38.011,sell,101.17,4.577239,463.08
2026-09-18 03:54:43.817,sell,101.17,4.066177,411.38
2026-09-18 03:55:21.885,buy,101.19,0.098823,10.0
2026-09-18 03:55:52.956,sell,101.19,0.123,12.45
2026-09-18 03:55:54.858,buy,101.19,17.777253,1798.9
2026-09-18 03:56:03.934,buy,101.31,0.416664,42.21
2026-09-18 03:56:25.166,sell,101.31,0.62276,63.09
2026-09-18 03:56:34.282,sell,101.31,1.388804,140.71
2026-09-18 03:56:36.700,buy,101.31,0.098703,10.0
2026-09-18 03:56:47.152,buy,101.31,0.158946,16.1
2026-09-18 03:56:50.235,sell,101.31,1.133124,114.8
2026-09-18 03:57:19.826,buy,101.3,3.205537,324.73
2026-09-18 03:57:30.289,sell,101.3,0.137136,13.89
2026-09-18 03:57:43.854,buy,101.3,0.43873,44.44
2026-09-18 03:57:45.883,buy,101.3,0.31077,31.48
2026-09-18 03:57:51.650,buy,101.3,0.154869,15.69
2026-09-18 03:57:58.727,sell,101.3,0.377868,38.28
2026-09-18 03:58:01.992,sell,101.34,0.143638,14.56
2026-09-18 03:58:04.704,sell,101.34,2.305086,233.59
2026-09-18 03:58:10.584,buy,101.34,0.904905,91.7
2026-09-18 03:58:23.420,buy,101.34,0.098679,10.0
2026-09-18 03:58:29.373,sell,101.34,0.437302,44.32
2026-09-18 03:58:46.714,sell,101.34,0.33921,34.37
2026-09-18 03:59:01.693,buy,101.31,0.213956,21.68
2026-09-18 03:59:03.283,sell,101.31,0.296332,30.02
2026-09-18 03:59:31.213,buy,101.31,0.727399,73.69
2026-09-18 03:59:45.569,buy,101.31,0.098707,10.0
2026-09-18 03:59:48.159,buy,101.31,0.62796,63.62
2026-09-18 03:59:55.358,sell,101.31,0.274992,27.86
2026-09-18 03:59:58.073,buy,101.31,0.098707,10.0
2026-09-18 03:59:58.584,sell,101.31,0.154907,15.69
2026-09-18 04:00:09.519,buy,101.33,0.306898,31.1
2026-09-18 04:00:14.662,buy,101.33,0.522842,52.98
2026-09-18 04:00:20.351,buy,101.33,0.098685,10.0
2026-09-18 04:00:20.977,sell,101.33,0.889947,90.18
2026-09-18 04:00:49.038,buy,101.33,0.468776,47.5
2026-09-18 04:00:55.798,buy,101.33,0.118628,12.02
2026-09-18 04:01:02.691,sell,101.3,0.098715,10.0
2026-09-18 04:01:10.221,buy,101.3,0.098715,10.0
2026-09-18 04:01:27.620,sell,101.3,2.222574,225.15
2026-09-18 04:01:39.043,sell,101.3,0.098715,10.0
2026-09-18 04:01:39.795,sell,101.3,0.098715,10.0
2026-09-18 04:01:45.426,sell,101.3,0.138112,13.99
2026-09-18 04:01:52.155,sell,101.3,0.098715,10.0
2026-09-18 04:01:56.911,buy,101.3,0.2991,30.3
2026-09-18 04:02:10.953,buy,101.35,0.098666,10.0
2026-09-18 04:02:18.044,sell,101.35,1.708809,173.19
2026-09-18 04:02:43.084,buy,101.35,0.733505,74.34
2026-09-18 04:02:48.933,sell,101.35,0.122428,12.41
2026-09-18 04:03:10.092,buy,101.27,0.193296,19.58
2026-09-18 04:03:18.361,buy,101.27,0.546894,55.38
2026-09-18 04:03:20.378,sell,101.27,2.450446,248.16
2026-09-18 04:03:28.733,buy,101.27,8.295157,840.05
2026-09-18 04:03:48.817,sell,101.27,0.098746,10.0
2026-09-18 04:03:54.246,sell,101.27,0.098746,10.0
2026-09-18 04:04:00.281,buy,101.31,0.13259,13.43
2026-09-18 04:04:14.083,buy,101.31,0.532365,53.93
2026-09-18 04:04:46.056,buy,101.31,0.289981,29.38
2026-09-18 04:04:53.893,sell,101.31,0.098707,10.0
2026-09-18 04:05:29.206,buy,101.33,0.186449,18.89
2026-09-18 04:05:32.069,buy,101.33,1.333431,135.11
2026-09-18 04:05:40.236,sell,101.33,0.171192,17.35
2026-09-18 04:05:48.178,buy,101.33,0.187894,19.04
2026-09-18 04:05:56.759,sell,101.33,0.690173,69.93
2026-09-18 04:05:58.162,buy,101.33,0.098689,10.0
2026-09-18 04:06:03.537,buy,101.38,0.102787,10.42
2026-09-18 04:06:17.418,buy,101.38,0.107602,10.91
2026-09-18 04:06:21.964,buy,101.38,0.441036,44.71
2026-09-18 04:06:24.805,buy,101.38,0.098643,10.0
2026-09-18 04:06:27.721,buy,101.38,0.390127,39.55
2026-09-18 04:06:39.411,buy,101.38,1.719807,174.35
2026-09-18 04:06:55.968,sell,101.38,0.17436,17.68
2026-09-18 04:06:56.268,buy,101.38,0.098643,10.0
2026-09-18 04:07:04.979,sell,101.37,0.914749,92.72
2026-09-18 04:07:18.923,buy,101.37,0.098653,10.0
2026-09-18 04:07:23.173,sell,101.37,0.098653,10.0
2026-09-18 04:07:35.174,buy,101.37,0.207561,21.04
2026-09-18 04:07:38.674,sell,101.37,0.098653,10.0
2026-09-18 04:07:49.307,sell,101.37,1.098375,111.34
2026-09-18 04:07:57.593,buy,101.37,0.304055,30.82
2026-09-18 04:08:19.890,buy,101.33,0.488775,49.53
2026-09-18 04:08:21.466,buy,101.33,1.444716,146.39
2026-09-18 04:08:38.310,sell,101.33,0.638009,64.65
2026-09-18 04:09:00.716,buy,101.31,0.104312,10.57
2026-09-18 04:09:12.217,buy,101.31,0.362359,36.71
2026-09-18 04:09:14.563,sell,101.31,0.253675,25.7
2026-09-18 04:09:18.577,sell,101.31,1.957787,198.34
2026-09-18 04:09:25.000,sell,101.31,0.131477,13.32
2026-09-18 04:09:28.109,buy,101.31,0.595976,60.38
2026-09-18 04:09:50.845,sell,101.31,0.293206,29.7
2026-09-18 04:10:09.730,sell,101.32,0.142511,14.44
2026-09-18 04:10:13.305,sell,101.32,0.098698,10.0
2026-09-18 04:10:23.494,sell,101.32,0.289367,29.32
2026-09-18 04:10:27.348,sell,101.32,0.964787,97.75
2026-09-18 04:10:48.890,buy,101.32,2.169328,219.8
2026-09-18 04:10:49.246,sell,101.32,6.526088,661.22
2026-09-18 04:10:55.847,buy,101.32,0.098698,10.0
2026-09-18 04:11:06.205,buy,101.35,0.098665,10.0
2026-09-18 04:11:14.428,buy,101.35,19.648928,1991.48
2026-09-18 04:11:14.868,sell,101.35,0.098665,10.0
2026-09-18 04:11:30.395,buy,101.35,0.390834,39.61
2026-09-18 04:11:32.558,sell,101.35,0.343762,34.84
2026-09-18 04:11:39.517,buy,101.35,0.098665,10.0
2026-09-18 04:11:47.849,sell,101.35,0.260691,26.42
2026-09-18 04:11:48.889,sell,101.35,0.098665,10.0
2026-09-18 04:12:05.725,sell,101.4,0.298193,30.24
2026-09-18 04:12:05.760,buy,101.4,0.781282,79.23
2026-09-18 04:12:20.938,sell,101.4,0.432277,43.83
2026-09-18 04:12:24.250,buy,101.4,0.239084,24.24
2026-09-18 04:12:43.316,sell,101.4,0.165306,16.76
2026-09-18 04:12:54.991,sell,101.4,0.23996,24.33
2026-09-18 04:12:58.967,buy,101.4,0.67569,68.52
2026-09-18 04:13:04.978,sell,101.43,1.90377,193.1
2026-09-18 04:13:14.495,buy,101.43,2.418392,245.3
2026-09-18 04:13:30.841,sell,101.43,0.790915,80.22
2026-09-18 04:13:41.896,sell,101.43,0.72308,73.34
2026-09-18 04:14:01.603,sell,101.46,0.203406,20.64
2026-09-18 04:14:21.193,buy,101.46,0.199459,20.24
2026-09-18 04:14:54.357,buy,101.46,0.492227,49.94
2026-09-18 04:15:11.746,buy,101.4,0.119821,12.15
2026-09-18 04:15:19.542,buy,101.4,0.098619,10.0
2026-09-18 04:15:32.302,buy,101.4,0.098619,10.0
2026-09-18 04:15:36.872,buy,101.4,0.632989,64.19
2026-09-18 04:15:51.732,buy,101.4,0.290098,29.42
2026-09-18 04:16:05.995,sell,101.53,0.098494,10.0
2026-09-18 04:16:07.251,sell,101.53,0.281747,28.61
2026-09-18 04:16:22.563,sell,101.53,0.098494,10.0
2026-09-18 04:16:22.598,buy,101.53,0.098494,10.0
2026-09-18 04:16:23.774,sell,101.53,0.23632,23.99
2026-09-18 04:16:24.874,buy,101.53,1.05917,107.54
2026-09-18 04:16:47.301,buy,101.53,2.063861,209.54
2026-09-18 04:17:27.324,sell,101.57,0.09845,10.0
2026-09-18 04:17:38.553,sell,101.57,0.09845,10.0
2026-09-18 04:17:45.171,sell,101.57,0.348569,35.41
2026-09-18 04:18:02.392,sell,101.61,0.117545,11.94
2026-09-18 04:18:09.544,buy,101.61,0.33157,33.69
2026-09-18 04:18:22.904,buy,101.61,0.325011,33.02
2026-09-18 04:18:35.210,sell,101.61,2.92695,297.41
2026-09-18 04:18:42.441,sell,101.61,0.098414,10.0
2026-09-18 04:18:42.808,sell,101.61,0.098414,10.0
2026-09-18 04:19:31.061,buy,101.64,0.165124,16.78
2026-09-18 04:19:35.861,sell,101.64,0.098383,10.0
2026-09-18 04:19:38.825,buy,101.64,4.292161,436.27
2026-09-18 04:19:45.104,sell,101.64,0.120558,12.25
2026-09-18 04:20:07.994,sell,101.63,1.080287,109.79
2026-09-18 04:20:21.781,sell,101.63,1.382846,140.54
2026-09-18 04:20:32.137,buy,101.63,0.260694,26.49
2026-09-18 04:21:11.073,buy,101.56,0.09846,10.0
2026-09-18 04:21:26.099,sell,101.56,0.485538,49.31
2026-09-18 04:21:28.483,buy,101.56,2.463692,250.22
2026-09-18 04:21:49.165,sell,101.56,1.374139,139.56
2026-09-18 04:21:59.512,sell,101.56,1.13783,115.56
2026-09-18 04:22:17.821,sell,101.56,0.484014,49.15
2026-09-18 04:22:32.003,buy,101.56,0.157357,15.98
2026-09-18 04:22:39.734,sell,101.56,0.478927,48.64
2026-09-18 04:22:44.336,sell,101.56,2.3478,238.43
2026-09-18 04:22:45.126,buy,101.56,0.098467,10.0
2026-09-18 04:22:48.322,buy,101.56,0.253171,25.71
2026-09-18 04:22:52.375,sell,101.56,0.293291,29.79
2026-09-18 04:22:52.719,sell,101.56,0.720279,73.15
2026-09-18 04:23:02.550,sell,101.57,0.200738,20.39
2026-09-18 04:23:02.611,sell,101.57,1.077792,109.47
2026-09-18 04:23:14.933,sell,101.57,2.061813,209.42
2026-09-18 04:23:15.911,buy,101.57,2.783229,282.7
2026-09-18 04:23:59.435,buy,101.57,0.154393,15.68
2026-09-18 04:24:00.951,buy,101.5,0.85455,86.74
2026-09-18 04:24:04.198,buy,101.5,0.304363,30.89
2026-09-18 04:24:06.817,buy,101.5,0.4711,47.82
2026-09-18 04:24:36.207,sell,101.5,0.181966,18.47
2026-09-18 04:24:52.792,sell,101.5,0.363706,36.92
2026-09-18 04:24:56.376,sell,101.5,0.148299,15.05
2026-09-18 04:25:22.767,buy,101.48,0.181634,18.43
2026-09-18 04:25:39.330,buy,101.48,0.522658,53.04
2026-09-18 04:25:46.175,buy,101.48,0.21188,21.5
2026-09-18 04:25:54.923,buy,101.48,1.388718,140.93
2026-09-18 04:26:13.489,sell,101.41,0.262649,26.63
2026-09-18 04:26:16.329,buy,101.41,0.192918,19.56
2026-09-18 04:26:22.738,buy,101.41,0.121346,12.31
2026-09-18 04:26:36.063,sell,101.41,0.356294,36.13
2026-09-18 04:26:41.000,buy,99.16,10.084712,1000.0
2026-09-18 04:26:52.401,sell,101.41,0.122102,12.38
2026-09-18 04:26:59.291,sell,101.41,0.213737,21.67
2026-09-18 04:27:14.582,sell,101.39,3.03216,307.43
2026-09-18 04:27:22.677,sell,101.39,1.072262,108.72
2026-09-18 04:27:24.132,buy,101.39,1.24561,126.29
2026-09-18 04:27:36.438,buy,101.39,0.098628,10.0
2026-09-18 04:27:43.062,sell,101.39,0.600023,60.84
2026-09-18 04:28:19.145,buy,101.29,1.31393,133.09
2026-09-18 04:28:22.452,sell,101.29,0.193205,19.57
2026-09-18 04:28:38.665,sell,101.29,0.098727,10.0
2026-09-18 04:29:15.536,buy,101.36,0.098657,10.0
2026-09-18 04:29:18.715,sell,101.36,0.098657,10.0
2026-09-18 04:29:49.476,buy,101.36,0.137658,13.95
2026-09-18 04:29:54.318,sell,101.36,0.391659,39.7
2026-09-18 04:30:00.659,buy,101.41,0.174646,17.71
2026-09-18 04:30:11.814,buy,101.41,0.846752,85.87
2026-09-18 04:30:32.669,buy,101.41,0.187732,19.04
2026-09-18 04:31:08.852,buy,101.37,0.098645,10.0
2026-09-18 04:31:14.814,sell,101.37,0.098645,10.0
2026-09-18 04:31:18.928,sell,101.37,5.452579,552.75
2026-09-18 04:31:26.614,buy,101.37,0.349226,35.4
2026-09-18 04:31:29.840,sell,101.37,0.140582,14.25
2026-09-18 04:31:36.043,buy,101.37,0.165536,16.78
2026-09-18 04:31:50.616,sell,101.37,0.171036,17.34
2026-09-18 04:31:59.950,sell,101.37,0.562529,57.03
2026-09-18 04:32:00.179,sell,101.53,0.494045,50.16
2026-09-18 04:32:05.507,buy,101.53,1.524883,154.82
2026-09-18 04:32:29.721,sell,101.53,0.366849,37.25
2026-09-18 04:32:50.224,sell,101.53,0.541187,54.95
2026-09-18 04:33:05.670,buy,101.54,0.098482,10.0
2026-09-18 04:33:09.584,buy,101.54,0.309363,31.41
2026-09-18 04:33:25.496,sell,101.54,0.1998,20.29
2026-09-18 04:33:26.492,buy,101.54,0.931091,94.54
2026-09-18 04:33:30.198,sell,101.54,2.14724,218.03
2026-09-18 04:33:32.792,sell,101.54,0.098482,10.0
2026-09-18 04:33:50.418,buy,101.54,2.151105,218.43
2026-09-18 04:34:11.723,sell,101.56,1.817109,184.54
2026-09-18 04:34:26.138,buy,101.56,0.768178,78.01
2026-09-18 04:34:28.903,buy,101.56,0.630133,64.0
2026-09-18 04:34:45.131,buy,101.56,0.163735,16.63
2026-09-18 04:34:45.654,buy,101.56,0.309217,31.4
2026-09-18 04:34:52.637,sell,101.56,0.098466,10.0
2026-09-18 04:35:10.681,buy,101.68,0.166693,16.95
2026-09-18 04:35:43.094,sell,101.68,5.992552,609.31
2026-09-18 04:35:43.587,sell,101.68,0.098349,10.0
2026-09-18 04:36:05.502,buy,101.76,0.493181,50.19
2026-09-18 04:36:12.676,buy,101.76,0.546287,55.59
2026-09-18 04:36:58.912,buy,101.76,0.098267,10.0
2026-09-18 04:37:08.177,sell,101.74,0.344323,35.03
2026-09-18 04:37:08.480,sell,101.74,0.51981,52.89
2026-09-18 04:37:13.573,buy,101.74,0.853993,86.89
2026-09-18 04:37:20.583,buy,101.74,0.622612,63.35
2026-09-18 04:37:22.494,sell,101.74,0.170325,17.33
2026-09-18 04:37:38.742,sell,101.74,0.978378,99.54
2026-09-18 04:37:52.187,sell,101.74,0.098286,10.0
2026-09-18 04:37:55.494,sell,101.74,0.132947,13.53
2026-09-18 04:38:09.535,sell,101.78,0.098252,10.0
2026-09-18 04:38:19.514,sell,101.78,0.155567,15.83
2026-09-18 04:38:19.707,sell,101.78,0.172719,17.58
2026-09-18 04:38:40.187,buy,101.78,0.098252,10.0
2026-09-18 04:38:40.736,buy,101.78,0.206126,20.98
2026-09-18 04:38:48.742,sell,101.78,3.281931,334.03
2026-09-18 04:39:04.549,buy,101.68,0.098343,10.0
2026-09-18 04:39:09.253,sell,101.68,0.912324,92.77
2026-09-18 04:39:20.658,buy,101.68,1.002546,101.94
2026-09-18 04:39:34.315,sell,101.68,0.098343,10.0
2026-09-18 04:39:57.824,buy,101.68,0.664603,67.58
2026-09-18 04:40:11.634,buy,101.67,0.162278,16.5
2026-09-18 04:40:22.383,sell,101.67,3.39758,345.42
2026-09-18 04:40:35.020,sell,101.67,0.466344,47.41
2026-09-18 04:40:40.818,buy,101.67,0.100645,10.23
2026-09-18 04:40:41.047,sell,101.67,0.489977,49.81
2026-09-18 04:40:54.113,buy,101.67,0.178176,18.11
2026-09-18 04:40:58.233,buy,101.67,0.09836,10.0
2026-09-18 04:41:08.005,sell,101.63,0.116443,11.83
2026-09-18 04:41:10.216,sell,101.63,0.216686,22.02
2026-09-18 04:41:12.243,buy,101.63,0.58947,59.91
2026-09-18 04:41:14.863,buy,101.63,0.958692,97.43
2026-09-18 04:41:28.683,buy,101.63,0.33487,34.03
2026-09-18 04:41:30.687,sell,101.63,0.13174,13.39
2026-09-18 04:41:31.468,sell,101.63,0.357152,36.3
2026-09-18 04:41:51.838,buy,101.63,0.098395,10.0
2026-09-18 04:42:04.867,buy,101.58,0.098448,10.0
2026-09-18 04:42:06.079,buy,101.58,0.624335,63.42
2026-09-18 04:42:24.853,sell,101.58,0.122929,12.49
2026-09-18 04:42:34.560,sell,101.58,0.327558,33.27
2026-09-18 04:43:20.389,sell,101.55,0.098476,10.0
2026-09-18 04:43:22.332,buy,101.55,0.098476,10.0
2026-09-18 04:43:22.997,buy,101.55,0.098476,10.0
2026-09-18 04:43:27.621,buy,101.55,0.098476,10.0
2026-09-18 04:43:40.652,sell,101.55,0.098476,10.0
2026-09-18 04:43:40.895,sell,101.55,1.832352,186.07
2026-09-18 04:43:55.323,sell,101.55,0.098476,10.0
2026-09-18 04:43:59.374,buy,101.55,0.737796,74.92
2026-09-18 04:44:04.259,sell,101.51,0.098509,10.0
2026-09-18 04:44:05.125,buy,101.51,4.119299,418.16
2026-09-18 04:44:12.551,sell,101.51,0.098509,10.0
2026-09-18 04:44:14.187,sell,101.51,0.125161,12.71
2026-09-18 04:44:17.753,sell,101.51,0.270348,27.44
2026-09-18 04:44:28.770,sell,101.51,1.297106,131.67
2026-09-18 04:44:32.202,sell,101.51,0.73231,74.34
2026-09-18 04:44:52.242,buy,101.51,0.717142,72.8
2026-09-18 04:45:01.634,buy,101.54,0.098484,10.0
2026-09-18 04:45:01.849,buy,101.54,0.780203,79.22
2026-09-18 04:45:20.394,buy,101.54,0.098484,10.0
2026-09-18 04:45:26.243,sell,101.54,0.170789,17.34
2026-09-18 04:45:37.085,buy,101.54,0.800868,81.32
2026-09-18 04:45:42.436,buy,101.54,3.199669,324.89
2026-09-18 04:45:47.346,buy,101.54,0.119569,12.14
2026-09-18 04:46:04.066,buy,101.66,0.098363,10.0
2026-09-18 04:46:37.855,sell,101.66,2.708865,275.4
2026-09-18 04:46:49.232,buy,101.66,0.098363,10.0
2026-09-18 04:47:03.835,buy,101.71,0.580349,59.02
2026-09-18 04:47:18.439,sell,101.71,0.117955,12.0
2026-09-18 04:47:33.664,sell,101.71,4.253842,432.64
2026-09-18 04:47:34.161,sell,101.71,0.098323,10.0
2026-09-18 04:47:37.199,sell,101.71,0.098323,10.0
2026-09-18 04:47:39.039,buy,101.71,0.33371,33.94
2026-09-18 04:47:43.119,buy,101.71,0.098323,10.0
2026-09-18 04:48:00.427,sell,101.7,4.063004,413.2
2026-09-18 04:48:12.614,buy,101.7,0.103635,10.54
2026-09-18 04:48:16.680,buy,101.7,0.424268,43.15
2026-09-18 04:48:38.428,sell,101.7,0.145515,14.8
2026-09-18 04:48:41.102,sell,101.7,0.098331,10.0
2026-09-18 04:48:44.319,buy,101.7,0.120351,12.24
2026-09-18 04:49:16.585,sell,101.71,0.702423,71.44
2026-09-18 04:49:24.215,buy,101.71,0.17958,18.27
2026-09-18 04:49:37.810,sell,101.71,0.170154,17.31
2026-09-18 04:49:45.574,buy,101.71,0.344516,35.04
2026-09-18 04:50:34.275,sell,101.62,4.256598,432.54
2026-09-18 04:50:44.107,buy,101.62,0.252032,25.61
2026-09-18 04:50:47.485,sell,101.62,0.419652,42.64
2026-09-18 04:51:18.668,sell,101.57,6.129779,622.6
2026-09-18 04:51:32.063,buy,101.57,0.512651,52.07
2026-09-18 04:51:48.899,sell,101.57,0.71522,72.65
2026-09-18 04:51:55.810,sell,101.57,0.190034,19.3
2026-09-18 04:52:05.611,buy,101.58,0.140811,14.3
2026-09-18 04:52:05.896,buy,101.58,0.318082,32.31
2026-09-18 04:52:13.198,sell,101.58,1.663369,168.97
2026-09-18 04:52:41.036,buy,101.58,0.312647,31.76
2026-09-18 04:52:44.964,sell,101.58,0.325623,33.08
2026-09-18 04:52:55.745,sell,101.58,0.293725,29.84
2026-09-18 04:52:59.030,sell,101.58,0.098441,10.0
2026-09-18 04:52:59.814,buy,101.58,0.525382,53.37
2026-09-18 04:53:12.619,sell,101.47,1.181256,119.86
2026-09-18 04:53:13.446,buy,101.47,1.428715,144.97
2026-09-18 04:53:27.006,buy,101.47,2.412695,244.82
2026-09-18 04:53:45.483,sell,101.47,0.098551,10.0
2026-09-18 04:53:53.623,buy,101.47,0.207028,21.01
2026-09-18 04:53:54.132,sell,101.47,0.360514,36.58
2026-09-18 04:54:09.831,sell,101.4,0.516965,52.42
2026-09-18 04:54:30.754,buy,101.4,1.598867,162.12
2026-09-18 04:54:41.671,buy,101.4,4.144244,420.22
2026-09-18 04:54:57.548,buy,101.4,0.098621,10.0
2026-09-18 04:55:00.160,buy,101.35,0.849311,86.08
2026-09-18 04:55:08.331,buy,101.35,0.235908,23.91
2026-09-18 04:55:43.279,sell,101.35,0.098665,10.0
2026-09-18 04:55:44.065,buy,101.35,0.411576,41.71
2026-09-18 04:55:49.244,sell,101.35,0.098665,10.0
2026-09-18 04:55:52.564,buy,101.35,1.403603,142.26
2026-09-18 04:55:55.257,sell,101.35,1.985964,201.28
2026-09-18 04:55:58.102,buy,101.35,0.498114,50.49
2026-09-18 04:56:07.290,buy,101.3,0.514427,52.11
2026-09-18 04:56:09.508,buy,101.3,2.699968,273.5
2026-09-18 04:56:44.700,sell,101.3,0.219865,22.27
2026-09-18 04:56:45.015,buy,101.3,0.145989,14.79
2026-09-18 04:56:46.702,sell,101.3,0.435395,44.1
2026-09-18 04:57:10.778,buy,101.34,0.517395,52.43
2026-09-18 04:57:11.177,sell,101.34,0.157981,16.01
2026-09-18 04:57:19.787,buy,101.34,0.098674,10.0
2026-09-18 04:57:26.273,buy,101.34,3.270948,331.49
2026-09-18 04:57:37.803,buy,101.34,0.098674,10.0
2026-09-18 04:57:42.009,sell,101.34,0.239101,24.23
2026-09-18 04:58:01.425,buy,101.38,0.690652,70.02
2026-09-18 04:58:28.548,sell,101.38,0.190752,19.34
2026-09-18 04:58:53.962,sell,101.38,0.098642,10.0
2026-09-18 04:59:00.396,sell,101.29,0.366836,37.16
2026-09-18 04:59:04.082,sell,101.29,0.547999,55.51
2026-09-18 04:59:08.607,sell,101.29,2.565893,259.91
2026-09-18 05:00:19.736,sell,101.32,0.098697,10.0
2026-09-18 05:00:30.967,sell,101.32,0.238959,24.21
2026-09-18 05:00:31.649,sell,101.32,0.728691,73.83
2026-09-18 05:00:39.355,buy,101.32,0.222765,22.57
2026-09-18 05:01:04.364,sell,101.31,1.800228,182.38
2026-09-18 05:01:10.546,buy,101.31,0.300449,30.44
2026-09-18 05:01:13.314,sell,101.31,0.101305,10.26
2026-09-18 05:01:22.462,buy,101.31,0.218139,22.1
2026-09-18 05:01:29.600,buy,101.31,0.829447,84.03
2026-09-18 05:01:35.104,buy,101.31,7.823888,792.62
2026-09-18 05:01:45.347,sell,101.31,0.098786,10.01
2026-09-18 05:02:19.857,buy,101.37,0.404378,40.99
2026-09-18 05:02:38.798,buy,101.37,0.184231,18.68
2026-09-18 05:02:43.405,sell,101.37,0.098644,10.0
2026-09-18 05:03:02.098,sell,101.35,4.208139,426.48
2026-09-18 05:03:34.520,buy,101.35,16.030548,1624.62
2026-09-18 05:03:54.324,sell,101.35,1.499793,152.0
2026-09-18 05:04:37.785,buy,101.4,0.206725,20.96
2026-09-18 05:04:40.703,buy,101.4,0.104341,10.58
2026-09-18 05:04:49.042,sell,101.4,0.158929,16.12
2026-09-18 05:04:56.247,buy,101.4,2.559387,259.53
2026-09-18 05:04:59.371,buy,101.4,0.608246,61.68
2026-09-18 05:05:02.454,sell,101.46,7.031443,713.44
2026-09-18 05:05:03.873,buy,101.46,0.432203,43.85
2026-09-18 05:05:32.250,sell,101.46,2.078019,210.85
2026-09-18 05:05:34.917,buy,101.46,16.428856,1666.95
2026-09-18 05:05:54.067,sell,101.46,1.083106,109.9
2026-09-18 05:06:08.860,buy,101.48,0.098541,10.0
2026-09-18 05:06:32.045,sell,101.48,0.098541,10.0
2026-09-18 05:06:51.777,sell,101.48,0.098541,10.0
2026-09-18 05:07:12.027,sell,101.56,0.218929,22.23
2026-09-18 05:07:13.832,sell,101.56,0.202688,20.58
2026-09-18 05:07:15.236,buy,101.56,0.098467,10.0
2026-09-18 05:07:17.610,sell,101.56,0.329313,33.44
2026-09-18 05:07:18.811,sell,101.56,0.098467,10.0
2026-09-18 05:07:35.577,buy,101.56,0.833845,84.68
2026-09-18 05:07:54.183,sell,101.56,1.572155,159.66
2026-09-18 05:08:06.391,buy,101.62,0.770729,78.32
2026-09-18 05:08:14.311,buy,101.62,0.520986,52.94
2026-09-18 05:08:24.082,buy,101.62,5.46797,555.67
2026-09-18 05:08:25.178,buy,101.62,1.421732,144.48
2026-09-18 05:08:30.131,sell,101.62,7.891719,801.97
2026-09-18 05:08:33.692,sell,101.62,0.216767,22.03
2026-09-18 05:09:20.414,sell,101.64,6.162937,626.41
2026-09-18 05:09:21.892,sell,101.64,1.166362,118.55
2026-09-18 05:09:29.323,sell,101.64,3.210548,326.32
2026-09-18 05:09:41.120,sell,101.64,2.963751,301.24
2026-09-18 05:09:42.490,sell,101.64,0.098385,10.0
2026-09-18 05:09:45.011,buy,101.64,0.098385,10.0
2026-09-18 05:09:49.055,buy,101.64,0.098385,10.0
2026-09-18 05:09:50.093,buy,101.64,0.258801,26.3
2026-09-18 05:10:11.555,sell,101.77,0.506288,51.53
2026-09-18 05:10:12.482,buy,101.77,0.90319,91.92
2026-09-18 05:10:16.334,sell,101.77,1.709641,174.0
2026-09-18 05:10:20.404,buy,101.77,0.331613,33.75
2026-09-18 05:10:22.632,buy,101.77,0.137697,14.01
2026-09-18 05:10:39.639,buy,101.77,4.745042,482.92
2026-09-18 05:10:52.373,buy,101.77,0.098258,10.0
2026-09-18 05:11:13.262,sell,101.81,0.566703,57.7
2026-09-18 05:11:47.302,buy,101.81,9.923429,1010.31
2026-09-18 05:11:52.595,buy,101.81,1.687686,171.82
2026-09-18 05:12:04.045,buy,101.85,0.904056,92.08
2026-09-18 05:12:12.000,buy,101.85,0.09818,10.0
2026-09-18 05:12:32.031,buy,101.85,0.106303,10.83
2026-09-18 05:12:47.663,buy,101.85,19.49527,1985.68
2026-09-18 05:12:48.836,sell,101.85,1.555028,158.39
2026-09-18 05:12:49.723,sell,101.85,5.837208,594.54
2026-09-18 05:12:54.202,sell,101.85,0.09818,10.0
2026-09-18 05:12:56.892,buy,101.85,0.392803,40.01
2026-09-18 05:13:02.219,buy,101.84,5.484269,558.52
2026-09-18 05:13:07.337,sell,101.84,0.424223,43.2
2026-09-18 05:13:22.001,buy,101.84,0.098192,10.0
2026-09-18 05:13:23.089,sell,101.84,0.098192,10.0
2026-09-18 05:13:29.424,buy,101.84,0.846688,86.23
2026-09-18 05:13:32.552,buy,101.84,24.068845,2451.2
2026-09-18 05:13:49.029,buy,101.84,0.098192,10.0
2026-09-18 05:13:55.782,sell,101.84,4.292364,437.14
2026-09-18 05:14:03.705,buy,101.79,0.098237,10.0
2026-09-18 05:14:18.871,sell,101.79,0.212411,21.62
2026-09-18 05:14:20.960,buy,101.79,0.275266,28.02
2026-09-18 05:14:41.623,sell,101.79,0.098237,10.0
2026-09-18 05:14:53.574,buy,101.79,0.098237,10.0
2026-09-18 05:14:54.179,sell,101.79,0.265266,27.0
2026-09-18 05:15:09.971,buy,101.92,0.098114,10.0
2026-09-18 05:15:16.764,buy,101.92,0.185363,18.89
2026-09-18 05:15:41.950,sell,101.92,0.355314,36.21
2026-09-18 05:16:06.860,buy,101.94,0.145717,14.85
2026-09-18 05:16:28.446,sell,101.94,0.410815,41.88
2026-09-18 05:16:32.246,buy,101.94,0.0992,10.11
2026-09-18 05:16:33.816,buy,101.94,0.380694,38.81
2026-09-18 05:16:48.854,sell,101.94,0.806788,82.24
2026-09-18 05:16:53.695,buy,101.94,0.420257,42.84
2026-09-18 05:16:57.962,sell,101.94,0.098099,10.0
2026-09-18 05:17:20.633,buy,101.93,6.253744,637.44
2026-09-18 05:17:23.304,buy,101.93,0.375903,38.32
2026-09-18 05:17:46.644,sell,101.93,0.533365,54.37
2026-09-18 05:18:01.820,sell,101.92,3.870127,394.43
2026-09-18 05:18:24.362,buy,101.92,0.146152,14.9
2026-09-18 05:18:36.278,buy,101.92,0.386557,39.4
2026-09-18 05:18:37.923,buy,101.92,3.417483,348.3
2026-09-18 05:18:42.463,buy,101.92,0.726348,74.03
2026-09-18 05:19:20.276,buy,101.86,0.098175,10.0
2026-09-18 05:19:29.162,sell,101.86,0.098175,10.0
2026-09-18 05:19:34.954,sell,101.86,0.098175,10.0
2026-09-18 05:19:51.735,buy,101.86,3.364206,342.68
2026-09-18 05:20:04.764,buy,101.86,0.098178,10.0
2026-09-18 05:20:04.969,buy,101.86,3.646834,371.45
2026-09-18 05:20:44.678,sell,101.86,0.098178,10.0
2026-09-18 05:20:54.639,sell,101.86,0.098178,10.0
2026-09-18 05:21:08.488,sell,101.87,0.098165,10.0
2026-09-18 05:21:20.101,sell,101.87,0.503864,51.33
2026-09-18 05:21:35.303,sell,101.87,0.273492,27.86
2026-09-18 05:21:37.153,sell,101.87,4.095657,417.22
2026-09-18 05:21:56.783,buy,101.87,0.098165,10.0
2026-09-18 05:22:07.495,sell,101.85,0.098185,10.0
2026-09-18 05:22:14.954,buy,101.85,4.111743,418.78
2026-09-18 05:22:16.504,buy,101.85,0.948074,96.56
2026-09-18 05:22:46.154,buy,101.85,1.055268,107.48
2026-09-18 05:23:00.692,sell,101.73,0.098296,10.0
2026-09-18 05:23:05.039,buy,101.73,0.449985,45.78
2026-09-18 05:23:05.362,buy,101.73,0.26099,26.55
2026-09-18 05:23:16.551,sell,101.73,0.125901,12.81
2026-09-18 05:23:31.374,buy,101.73,0.470441,47.86
2026-09-18 05:23:55.497,buy,101.73,0.244339,24.86
2026-09-18 05:24:00.290,sell,101.72,0.285634,29.06
2026-09-18 05:24:02.549,buy,101.72,1.578622,160.58
2026-09-18 05:24:22.942,buy,101.72,8.57565,872.33
2026-09-18 05:24:34.308,sell,101.72,0.098307,10.0
2026-09-18 05:24:45.490,buy,101.72,3.924864,399.24
2026-09-18 05:25:09.053,buy,101.71,0.098314,10.0
2026-09-18 05:25:15.691,sell,101.71,0.098314,10.0
2026-09-18 05:25:22.153,buy,101.71,0.557753,56.73
2026-09-18 05:25:22.602,buy,101.71,0.147904,15.04
2026-09-18 05:25:48.596,sell,101.71,0.098314,10.0
2026-09-18 05:25:57.408,buy,101.71,1.034316,105.21
2026-09-18 05:25:57.898,sell,101.71,0.098314,10.0
2026-09-18 05:26:03.225,sell,101.74,0.098287,10.0
2026-09-18 05:26:03.898,buy,101.74,0.098287,10.0
2026-09-18 05:26:19.461,sell,101.74,0.183393,18.66
2026-09-18 05:26:25.006,buy,101.74,0.824463,83.88
2026-09-18 05:26:36.799,sell,101.74,0.098287,10.0
2026-09-18 05:26:45.290,sell,101.74,0.464029,47.21
2026-09-18 05:26:49.963,sell,101.74,1.698334,172.79
2026-09-18 05:27:16.634,sell,101.71,0.534523,54.37
2026-09-18 05:27:19.093,buy,101.71,0.122354,12.44
2026-09-18 05:27:19.119,sell,101.71,0.098317,10.0
2026-09-18 05:27:25.000,sell,99.29,30.214523,3000.0
2026-09-18 05:27:27.635,sell,101.71,0.369066,37.54
2026-09-18 05:27:55.773,buy,101.71,0.136762,13.91
2026-09-18 05:27:56.107,sell,101.71,0.423187,43.04
2026-09-18 05:28:21.034,sell,101.75,0.132661,13.5
2026-09-18 05:28:29.526,buy,101.75,0.098277,10.0
2026-09-18 05:28:57.674,sell,101.75,0.098277,10.0
2026-09-18 05:29:18.774,sell,101.74,0.786401,80.01
2026-09-18 05:29:23.569,sell,101.74,0.098291,10.0
2026-09-18 05:29:36.473,buy,101.74,0.606351,61.69
2026-09-18 05:29:40.814,sell,101.74,0.172915,17.59
2026-09-18 05:29:46.948,sell,101.74,0.735239,74.8
2026-09-18 05:29:50.308,sell,101.74,8.260619,840.42
2026-09-18 05:29:56.124,sell,101.74,0.14311,14.56
2026-09-18 05:30:22.093,buy,101.66,0.554028,56.32
2026-09-18 05:30:25.850,buy,101.66,1.485398,151.0
2026-09-18 05:30:28.698,sell,101.66,0.09837,10.0
2026-09-18 05:31:11.083,buy,101.65,0.161687,16.43
2026-09-18 05:31:18.517,buy,101.65,0.09838,10.0
2026-09-18 05:31:31.968,buy,101.65,0.729359,74.14
2026-09-18 05:31:49.180,sell,101.65,0.141568,14.39
2026-09-18 05:31:50.216,buy,101.65,0.09838,10.0
2026-09-18 05:32:29.548,buy,101.69,1.953252,198.62
2026-09-18 05:32:30.833,sell,101.69,0.241134,24.52
2026-09-18 05:32:33.258,buy,101.69,0.623815,63.43
2026-09-18 05:32:37.267,sell,101.69,0.199803,20.32
2026-09-18 05:32:40.204,buy,101.69,0.099419,10.11
2026-09-18 05:32:43.849,sell,101.69,0.200525,20.39
2026-09-18 05:33:06.563,sell,101.67,2.13592,217.15
2026-09-18 05:33:11.771,sell,101.67,0.143717,14.61
2026-09-18 05:33:12.087,sell,101.67,0.286199,29.1
2026-09-18 05:33:30.714,buy,101.67,0.369201,37.54
2026-09-18 05:33:49.917,buy,101.67,2.182248,221.86
2026-09-18 05:34:28.834,sell,101.55,0.098472,10.0
2026-09-18 05:34:31.569,sell,101.55,0.951012,96.58
2026-09-18 05:34:41.072,sell,101.55,0.642157,65.21
2026-09-18 05:35:04.922,sell,101.61,0.597129,60.67
2026-09-18 05:35:06.854,sell,101.61,0.839702,85.32
2026-09-18 05:35:13.885,sell,101.61,0.098419,10.0
2026-09-18 05:35:47.019,sell,101.61,0.585567,59.5
2026-09-18 05:35:52.675,buy,101.61,2.152636,218.72
2026-09-18 05:35:55.851,sell,101.61,1.832269,186.17
2026-09-18 05:36:00.607,sell,101.52,1.040317,105.61
2026-09-18 05:36:02.742,sell,101.52,1.945826,197.54
2026-09-18 05:36:28.948,sell,101.52,1.831999,185.98
2026-09-18 05:36:29.156,buy,101.52,2.163335,219.62
2026-09-18 05:36:45.649,buy,101.52,0.7829,79.48
2026-09-18 05:37:32.771,buy,101.51,1.077962,109.43
2026-09-18 05:37:36.195,buy,101.51,0.832816,84.54
2026-09-18 05:37:39.401,buy,101.51,0.157146,15.95
2026-09-18 05:37:54.452,buy,101.51,0.276488,28.07
2026-09-18 05:37:57.489,buy,101.51,0.14213,14.43
2026-09-18 05:38:13.272,sell,101.62,0.186402,18.94
2026-09-18 05:38:35.761,buy,101.62,9.927506,1008.88
2026-09-18 05:38:37.807,sell,101.62,1.773134,180.19
2026-09-18 05:38:42.151,buy,101.62,0.719276,73.1
2026-09-18 05:39:00.347,sell,101.67,0.237851,24.18
2026-09-18 05:39:08.446,sell,101.67,0.695118,70.67
2026-09-18 05:39:24.719,sell,101.67,0.710924,72.28
2026-09-18 05:39:26.156,sell,101.67,0.313327,31.86
2026-09-18 05:39:27.401,buy,101.67,5.31904,540.78
2026-09-18 05:39:51.348,sell,101.67,0.098358,10.0
2026-09-18 05:39:51.569,sell,101.67,0.482326,49.04
2026-09-18 05:39:55.077,sell,101.67,0.154324,15.69
2026-09-18 05:40:06.262,buy,101.73,0.139531,14.2
2026-09-18 05:40:11.337,buy,101.73,0.098296,10.0
2026-09-18 05:40:15.671,buy,101.73,0.098296,10.0
2026-09-18 05:40:44.886,sell,101.73,0.098296,10.0
2026-09-18 05:40:56.423,sell,101.73,0.098296,10.0
2026-09-18 05:41:05.958,sell,101.76,0.325441,33.12
2026-09-18 05:41:07.003,sell,101.76,0.098273,10.0
2026-09-18 05:41:16.066,sell,101.76,0.098273,10.0
2026-09-18 05:41:22.138,sell,101.76,0.691991,70.42
2026-09-18 05:41:23.684,sell,101.76,0.111759,11.37
2026-09-18 05:42:00.865,sell,101.71,0.098316,10.0
2026-09-18 05:42:01.678,buy,101.71,2.091666,212.75
2026-09-18 05:42:16.209,sell,101.71,0.098316,10.0
2026-09-18 05:42:21.962,buy,101.71,0.648211,65.93
2026-09-18 05:42:27.893,buy,101.71,0.557127,56.67
2026-09-18 05:42:31.055,sell,101.71,0.098316,10.0
2026-09-18 05:42:55.494,buy,101.71,0.797206,81.09
2026-09-18 05:42:59.615,sell,101.71,0.098316,10.0
2026-09-18 05:43:35.136,sell,101.7,0.228249,23.21
2026-09-18 05:43:42.937,sell,101.7,3.478358,353.74
2026-09-18 05:43:43.122,buy,101.7,0.399067,40.58
2026-09-18 05:43:47.519,buy,101.7,0.098332,10.0
2026-09-18 05:43:53.036,buy,101.7,0.541394,55.06
2026-09-18 05:44:05.410,buy,101.62,1.666069,169.3
2026-09-18 05:44:06.961,sell,101.62,1.127899,114.62
2026-09-18 05:44:13.155,buy,101.62,1.369427,139.16
2026-09-18 05:44:17.755,sell,101.62,0.098406,10.0
2026-09-18 05:44:19.489,buy,101.62,0.164193,16.69
2026-09-18 05:44:28.678,buy,101.62,0.098406,10.0
2026-09-18 05:44:37.411,sell,101.62,0.751399,76.36
2026-09-18 05:44:53.021,buy,101.62,0.098406,10.0
2026-09-18 05:45:19.698,sell,101.63,0.172948,17.58
2026-09-18 05:45:29.801,buy,101.63,0.098394,10.0
2026-09-18 05:45:38.906,buy,101.63,0.098394,10.0
2026-09-18 05:46:05.070,sell,101.61,1.294622,131.54
2026-09-18 05:46:20.758,sell,101.61,0.310046,31.5
2026-09-18 05:46:22.026,sell,101.61,0.386499,39.27
2026-09-18 05:46:29.183,buy,101.61,0.264588,26.88
2026-09-18 05:46:36.669,buy,101.61,0.122752,12.47
2026-09-18 05:46:44.576,sell,101.61,0.135353,13.75
2026-09-18 05:46:46.782,sell,101.61,0.098417,10.0
2026-09-18 05:47:04.492,sell,101.57,0.990741,100.63
2026-09-18 05:47:12.781,buy,101.57,0.305972,31.08
2026-09-18 05:47:14.550,buy,101.57,0.364796,37.05
2026-09-18 05:47:18.683,sell,101.57,0.098451,10.0
2026-09-18 05:47:32.893,buy,101.57,0.098451,10.0
2026-09-18 05:47:45.208,buy,101.57,0.339403,34.47
2026-09-18 05:47:47.789,sell,101.57,0.707243,71.84
2026-09-18 05:47:52.247,sell,101.57,2.113438,214.67
2026-09-18 05:48:11.413,buy,101.53,0.323314,32.83
2026-09-18 05:48:43.649,buy,101.53,0.190135,19.3
2026-09-18 05:48:45.735,buy,101.53,0.098496,10.0
2026-09-18 05:49:01.194,sell,101.58,0.098442,10.0
2026-09-18 05:49:02.671,sell,101.58,0.098442,10.0
2026-09-18 05:49:11.241,sell,101.58,11.049457,1122.43
2026-09-18 05:49:32.954,sell,101.58,0.807351,82.01
2026-09-18 05:49:42.196,sell,101.58,0.253143,25.71
2026-09-18 05:49:42.952,sell,101.58,1.055287,107.2
2026-09-18 05:49:46.236,sell,101.58,0.595552,60.5
2026-09-18 05:49:57.813,buy,101.58,0.483922,49.16
2026-09-18 05:50:26.097,buy,101.59,0.132101,13.42
2026-09-18 05:50:34.110,buy,101.59,0.15749,16.0
2026-09-18 05:50:36.174,buy,101.59,0.098438,10.0
2026-09-18 05:50:47.287,sell,101.59,1.006986,102.3
2026-09-18 05:50:56.880,sell,101.59,0.098438,10.0
2026-09-18 05:51:08.987,buy,101.56,2.3508,238.75
2026-09-18 05:51:28.452,buy,101.56,0.098463,10.0
2026-09-18 05:51:35.223,sell,101.56,1.449259,147.19
2026-09-18 05:51:48.293,sell,101.56,5.609284,569.68
2026-09-18 05:51:48.827,buy,101.56,0.16001,16.25
2026-09-18 05:51:55.929,buy,101.56,0.324025,32.91
2026-09-18 05:52:43.910,sell,101.56,1.136601,115.43
2026-09-18 05:52:49.109,sell,101.56,0.334048,33.93
2026-09-18 05:52:55.599,sell,101.56,0.217994,22.14
2026-09-18 05:52:59.596,buy,101.56,0.323417,32.85
2026-09-18 05:53:45.815,buy,101.54,0.222462,22.59
2026-09-18 05:53:48.951,sell,101.54,0.693364,70.4
2026-09-18 05:53:51.120,buy,101.54,2.999193,304.53
2026-09-18 05:53:54.096,buy,101.54,1.930859,196.05
2026-09-18 05:53:57.580,sell,101.54,0.098486,10.0
2026-09-18 05:54:04.049,sell,101.56,0.553337,56.19
2026-09-18 05:54:30.505,sell,101.56,7.542017,765.94
2026-09-18 05:54:49.866,buy,101.56,1.723806,175.06
2026-09-18 05:54:51.498,buy,101.56,2.068301,210.05
2026-09-18 05:55:16.541,buy,101.6,8.526401,866.26
2026-09-18 05:55:42.723,buy,101.6,1.770204,179.85
2026-09-18 05:55:57.275,sell,101.6,0.098428,10.0
2026-09-18 05:56:05.961,buy,101.67,0.840375,85.44
2026-09-18 05:56:07.820,sell,101.67,0.09836,10.0
2026-09-18 05:56:08.333,sell,101.67,0.82029,83.4
2026-09-18 05:56:38.892,buy,101.67,0.486686,49.48
2026-09-18 05:56:39.361,sell,101.67,1.427123,145.09
2026-09-18 05:56:40.941,buy,101.67,0.323697,32.91
2026-09-18 05:57:04.492,sell,101.58,0.455925,46.31
2026-09-18 05:57:04.504,sell,101.58,2.666173,270.82
2026-09-18 05:57:05.433,buy,101.58,0.755576,76.75
2026-09-18 05:58:25.099,sell,101.46,0.098565,10.0
2026-09-18 05:58:28.617,buy,101.46,1.147492,116.42
2026-09-18 05:58:44.579,sell,101.46,0.819414,83.13
2026-09-18 05:58:46.389,buy,101.46,4.555706,462.2
2026-09-18 05:58:53.962,sell,101.46,0.098565,10.0
2026-09-18 05:59:18.693,buy,101.46,1.270844,128.94
2026-09-18 05:59:26.803,buy,101.46,0.753133,76.41
2026-09-18 05:59:31.752,buy,101.46,1.673134,169.76
2026-09-18 05:59:44.631,buy,101.46,0.09856,10.0
2026-09-18 05:59:49.360,buy,101.46,0.228766,23.21
2026-09-18 05:59:55.481,sell,101.46,0.191026,19.38
2026-09-18 05:59:56.737,sell,101.46,0.293987,29.83
2026-09-18 06:00:06.227,buy,101.4,0.342842,34.76
2026-09-18 06:00:10.729,sell,101.4,0.098618,10.0
2026-09-18 06:00:14.300,sell,101.4,0.098618,10.0
2026-09-18 06:00:15.286,buy,101.4,0.098618,10.0
2026-09-18 06:00:28.210,sell,101.4,0.31838,32.28
2026-09-18 06:00:31.287,sell,101.4,0.098618,10.0
2026-09-18 06:00:39.681,buy,101.4,0.132857,13.47
2026-09-18 06:00:55.559,buy,101.4,0.502872,50.99
2026-09-18 06:01:02.298,sell,101.28,0.098739,10.0
2026-09-18 06:01:03.965,sell,101.28,0.185336,18.77
2026-09-18 06:01:04.485,sell,101.28,0.18581,18.82
2026-09-18 06:01:11.670,buy,101.28,0.548314,55.53
2026-09-18 06:01:27.214,sell,101.28,0.175544,17.78
2026-09-18 06:01:50.976,buy,101.28,1.030331,104.35
2026-09-18 06:02:12.054,buy,101.31,6.102067,618.17
2026-09-18 06:02:18.785,sell,101.31,0.098712,10.0
2026-09-18 06:02:27.744,sell,101.31,0.210384,21.31
2026-09-18 06:02:31.669,buy,101.31,0.098712,10.0
2026-09-18 06:02:42.284,buy,101.31,0.22099,22.39
2026-09-18 06:02:48.371,buy,101.31,0.217809,22.07
2026-09-18 06:02:52.211,sell,101.31,0.621947,63.01
2026-09-18 06:03:23.966,buy,101.45,0.389863,39.55
2026-09-18 06:03:24.309,sell,101.45,5.338149,541.57
2026-09-18 06:03:36.937,buy,101.45,0.230614,23.4
2026-09-18 06:03:47.898,sell,101.45,2.4285,246.38
2026-09-18 06:03:48.784,sell,101.45,0.098568,10.0
2026-09-18 06:03:52.596,buy,101.45,1.430407,145.12
2026-09-18 06:04:07.053,buy,101.42,1.033307,104.8
2026-09-18 06:04:10.195,sell,101.42,1.575146,159.75
2026-09-18 06:04:16.119,buy,101.42,0.208091,21.1
2026-09-18 06:04:18.417,sell,101.42,0.995286,100.94
2026-09-18 06:04:36.641,sell,101.42,1.072757,108.8
2026-09-18 06:04:45.800,buy,101.42,0.151879,15.4
2026-09-18 06:04:50.500,sell,101.42,0.21553,21.86
2026-09-18 06:04:55.356,sell,101.42,0.198643,20.15
2026-09-18 06:05:03.898,buy,101.4,0.150374,15.25
2026-09-18 06:05:07.364,buy,101.4,1.029554,104.4
2026-09-18 06:05:11.233,buy,101.4,3.593895,364.42
2026-09-18 06:05:24.362,buy,101.4,1.098594,111.4
2026-09-18 06:05:29.282,sell,101.4,0.098619,10.0
2026-09-18 06:05:31.149,buy,101.4,0.399439,40.5
2026-09-18 06:05:53.710,sell,101.4,0.484627,49.14
2026-09-18 06:06:02.233,sell,101.36,0.098657,10.0
2026-09-18 06:06:09.397,buy,101.36,0.320334,32.47
2026-09-18 06:06:09.740,sell,101.36,0.098657,10.0
2026-09-18 06:06:13.844,sell,101.36,0.998733,101.23
2026-09-18 06:06:45.645,sell,101.36,2.543092,257.77
2026-09-18 06:06:46.426,buy,101.36,0.604591,61.28
2026-09-18 06:06:56.173,sell,101.36,3.189097,323.25
2026-09-18 06:07:44.310,sell,101.32,0.417286,42.28
2026-09-18 06:07:46.908,sell,101.32,0.364092,36.89
2026-09-18 06:07:47.966,buy,101.32,1.729764,175.27
2026-09-18 06:08:19.143,buy,101.33,0.20027,20.29
2026-09-18 06:08:21.376,buy,101.33,0.916384,92.86
2026-09-18 06:08:22.369,sell,101.33,0.890347,90.22
2026-09-18 06:08:29.684,sell,101.33,0.121431,12.31
2026-09-18 06:08:59.289,sell,101.33,5.618829,569.38
2026-09-18 06:09:04.390,buy,101.29,0.098725,10.0
2026-09-18 06:09:18.355,buy,101.29,0.098725,10.0
2026-09-18 06:09:23.592,sell,101.29,0.098725,10.0
2026-09-18 06:09:38.654,sell,101.29,0.974355,98.69
2026-09-18 06:10:21.146,sell,101.32,1.42321,144.19
2026-09-18 06:10:22.292,buy,101.32,2.642686,267.74
2026-09-18 06:10:35.955,sell,101.32,0.098702,10.0
2026-09-18 06:11:03.701,sell,101.22,4.569322,462.52
2026-09-18 06:11:17.125,sell,101.22,0.596916,60.42
2026-09-18 06:11:20.879,buy,101.22,0.098792,10.0
2026-09-18 06:11:32.751,buy,101.22,0.286561,29.01
2026-09-18 06:11:35.304,buy,101.22,1.886542,190.96
2026-09-18 06:11:37.569,buy,101.22,0.946946,95.85
2026-09-18 06:12:00.039,sell,101.28,0.293642,29.74
2026-09-18 06:12:00.559,buy,101.28,0.098737,10.0
2026-09-18 06:12:07.302,buy,101.28,0.098737,10.0
2026-09-18 06:12:08.600,buy,101.28,0.098737,10.0
2026-09-18 06:12:14.392,buy,101.28,0.48594,49.22
2026-09-18 06:12:18.509,sell,101.28,0.098737,10.0
2026-09-18 06:12:36.319,buy,101.28,0.938553,95.06
2026-09-18 06:12:48.302,buy,101.28,0.575011,58.24
2026-09-18 06:13:32.193,sell,101.38,0.098642,10.0
2026-09-18 06:13:37.747,sell,101.38,0.127402,12.92
2026-09-18 06:13:55.441,buy,101.38,1.360269,137.9
2026-09-18 06:14:13.364,buy,101.29,0.36473,36.95
2026-09-18 06:14:14.712,buy,101.29,2.508621,254.11
2026-09-18 06:14:31.441,buy,101.29,0.126793,12.84
2026-09-18 06:14:40.694,sell,101.29,13.824425,1400.34
2026-09-18 06:14:48.621,sell,101.29,0.179389,18.17
2026-09-18 06:14:54.268,buy,101.29,0.124551,12.62
2026-09-18 06:15:18.818,sell,101.23,4.324018,437.74
2026-09-18 06:15:21.814,sell,101.23,0.140377,14.21
2026-09-18 06:15:47.088,buy,101.23,0.139617,14.13
2026-09-18 06:16:11.698,sell,101.24,4.754015,481.28
2026-09-18 06:16:14.618,buy,101.24,0.63169,63.95
2026-09-18 06:16:23.992,sell,101.24,0.098779,10.0
2026-09-18 06:16:57.297,buy,101.24,2.49045,252.12
2026-09-18 06:17:03.312,buy,101.36,3.901376,395.43
2026-09-18 06:17:13.433,sell,101.36,0.183177,18.57
2026-09-18 06:17:15.060,buy,101.36,1.470232,149.02
2026-09-18 06:17:19.051,sell,101.36,0.116743,11.83
2026-09-18 06:17:22.853,buy,101.36,0.250696,25.41
2026-09-18 06:17:34.625,sell,101.36,0.303111,30.72
2026-09-18 06:17:52.748,sell,101.36,0.101229,10.26
2026-09-18 06:18:12.262,buy,101.36,0.328454,33.29
2026-09-18 06:18:28.678,buy,101.36,1.483935,150.41
2026-09-18 06:18:29.600,buy,101.36,0.802191,81.31
2026-09-18 06:18:30.022,buy,101.36,5.691819,576.91
2026-09-18 06:18:50.182,buy,101.36,0.233771,23.69
2026-09-18 06:18:54.318,buy,101.36,0.42096,42.67
2026-09-18 06:19:02.614,sell,101.21,1.121588,113.51
2026-09-18 06:19:25.492,sell,101.21,0.098806,10.0
2026-09-18 06:19:26.015,buy,101.21,0.22181,22.45
2026-09-18 06:19:34.985,buy,101.21,2.577557,260.87
2026-09-18 06:19:44.234,sell,101.21,0.098806,10.0
2026-09-18 06:19:57.285,buy,101.21,3.781075,382.68
2026-09-18 06:19:59.705,buy,101.21,0.641466,64.92
2026-09-18 06:20:14.887,buy,101.22,0.098798,10.0
2026-09-18 06:20:15.490,sell,101.22,0.69865,70.72
2026-09-18 06:20:24.390,sell,101.22,0.172433,17.45
2026-09-18 06:20:31.634,buy,101.22,2.488277,251.85
2026-09-18 06:20:32.810,sell,101.22,0.989239,100.13
2026-09-18 06:20:40.117,buy,101.22,0.456179,46.17
2026-09-18 06:20:46.714,sell,101.22,0.098798,10.0
2026-09-18 06:21:02.673,buy,101.28,0.098739,10.0
2026-09-18 06:21:04.364,sell,101.28,0.119492,12.1
2026-09-18 06:21:30.351,buy,101.28,0.098739,10.0
2026-09-18 06:21:44.469,buy,101.28,0.283828,28.75
2026-09-18 06:21:51.509,buy,101.28,0.099279,10.05
2026-09-18 06:21:59.538,sell,101.28,2.496942,252.88
2026-09-18 06:22:04.777,sell,101.34,1.326926,134.47
2026-09-18 06:22:07.602,buy,101.34,0.098677,10.0
2026-09-18 06:22:22.930,buy,101.34,0.098677,10.0
2026-09-18 06:22:27.620,buy,101.34,0.098677,10.0
2026-09-18 06:22:50.915,sell,101.34,0.694401,70.37
2026-09-18 06:22:55.039,buy,101.34,0.616707,62.5
2026-09-18 06:23:14.450,sell,101.36,0.098656,10.0
2026-09-18 06:23:18.940,sell,101.36,0.229954,23.31
2026-09-18 06:23:24.415,sell,101.36,0.523506,53.06
2026-09-18 06:23:31.662,sell,101.36,6.975128,707.01
2026-09-18 06:23:45.292,buy,101.36,0.506558,51.35
2026-09-18 06:23:54.293,sell,101.36,0.10145,10.28
2026-09-18 06:24:09.458,buy,101.32,4.068441,412.22
2026-09-18 06:24:33.845,buy,101.32,0.204028,20.67
2026-09-18 06:24:37.461,sell,101.32,0.311968,31.61
2026-09-18 06:24:46.200,buy,101.32,0.098696,10.0
2026-09-18 06:24:50.350,buy,101.32,5.570634,564.42
2026-09-18 06:25:23.304,sell,101.31,0.334847,33.92
2026-09-18 06:25:39.753,buy,101.31,0.732163,74.18
2026-09-18 06:25:41.587,buy,101.31,0.670542,67.93
2026-09-18 06:25:46.165,buy,101.31,0.347766,35.23
2026-09-18 06:25:48.912,sell,101.31,0.098706,10.0
2026-09-18 06:25:58.637,sell,101.31,0.273359,27.69
2026-09-18 06:26:01.942,sell,101.43,0.721109,73.14
2026-09-18 06:26:02.081,buy,101.43,2.593612,263.07
2026-09-18 06:26:04.333,buy,101.43,0.708825,71.9
2026-09-18 06:26:33.269,sell,101.43,0.195336,19.81
2026-09-18 06:26:37.638,buy,101.43,1.443168,146.38
2026-09-18 06:26:48.422,sell,101.43,6.691017,678.67
2026-09-18 06:26:54.716,sell,101.43,0.308288,31.27
2026-09-18 06:27:05.904,sell,101.44,0.495591,50.27
2026-09-18 06:27:27.817,buy,101.44,0.187758,19.05
2026-09-18 06:27:34.205,buy,101.44,2.385681,242.01
2026-09-18 06:27:48.333,sell,101.44,0.098579,10.0
2026-09-18 06:27:48.916,sell,101.44,0.18762,19.03
2026-09-18 06:27:55.327,buy,101.44,0.231939,23.53
2026-09-18 06:28:14.703,buy,101.42,0.258636,26.23
2026-09-18 06:28:15.315,buy,101.42,0.0986,10.0
2026-09-18 06:28:20.471,sell,101.42,1.556058,157.82
2026-09-18 06:28:25.089,sell,101.42,0.13513,13.7
2026-09-18 06:28:31.117,sell,101.42,1.055433,107.04
2026-09-18 06:28:38.715,sell,101.42,0.0986,10.0
2026-09-18 06:28:49.349,buy,101.42,0.193847,19.66
2026-09-18 06:28:55.418,buy,101.42,0.222584,22.57
2026-09-18 06:29:23.884,buy,101.39,0.098628,10.0
2026-09-18 06:29:30.542,buy,101.39,0.161458,16.37
2026-09-18 06:29:31.612,sell,101.39,4.39042,445.15
2026-09-18 06:29:35.377,buy,101.39,0.717776,72.78
2026-09-18 06:29:51.868,buy,101.39,0.296033,30.01
2026-09-18 06:29:58.032,sell,101.39,1.174262,119.06
2026-09-18 06:29:58.463,buy,101.39,0.098628,10.0
2026-09-18 06:29:59.282,buy,101.39,0.593767,60.2
2026-09-18 06:30:08.933,sell,101.49,0.098528,10.0
2026-09-18 06:30:20.128,sell,101.49,2.996352,304.11
2026-09-18 06:30:21.359,sell,101.49,0.243494,24.71
2026-09-18 06:30:35.324,buy,101.49,0.098528,10.0
2026-09-18 06:30:36.109,sell,101.49,0.115487,11.72
2026-09-18 06:30:37.894,buy,101.49,0.098528,10.0
2026-09-18 06:30:42.106,sell,101.49,0.165827,16.83
2026-09-18 06:30:44.554,buy,101.49,0.098528,10.0
2026-09-18 06:31:11.506,sell,101.52,1.404842,142.62
2026-09-18 06:31:42.970,sell,101.52,0.163341,16.58
2026-09-18 06:31:47.697,sell,101.52,0.098504,10.0
2026-09-18 06:31:48.535,sell,101.52,1.994673,202.5
2026-09-18 06:32:04.245,sell,101.63,0.313971,31.91
2026-09-18 06:32:04.583,buy,101.63,2.543768,258.53
2026-09-18 06:32:04.670,sell,101.63,0.098392,10.0
2026-09-18 06:32:27.664,buy,101.63,1.044904,106.2
2026-09-18 06:32:28.638,sell,101.63,0.400686,40.72
2026-09-18 06:33:00.070,sell,101.64,0.098391,10.0
2026-09-18 06:33:17.481,buy,101.64,0.098391,10.0
2026-09-18 06:33:20.352,sell,101.64,6.024954,612.35
2026-09-18 06:33:26.676,sell,101.64,0.244135,24.81
2026-09-18 06:33:31.260,buy,101.64,0.261691,26.6
2026-09-18 06:33:37.291,sell,101.64,2.752809,279.78
2026-09-18 06:33:45.834,sell,101.64,0.243411,24.74
2026-09-18 06:33:56.130,sell,101.64,2.654152,269.76
2026-09-18 06:34:00.409,buy,101.6,1.238201,125.81
2026-09-18 06:34:01.459,sell,101.6,1.902929,193.35
2026-09-18 06:34:20.456,buy,101.6,0.136375,13.86
2026-09-18 06:34:28.298,buy,101.6,4.255362,432.36
2026-09-18 06:34:41.184,sell,101.6,0.164381,16.7
2026-09-18 06:35:04.088,sell,101.68,0.196524,19.98
2026-09-18 06:35:23.280,sell,101.68,2.240868,227.86
2026-09-18 06:35:23.497,buy,101.68,0.120811,12.28
2026-09-18 06:35:31.436,sell,101.68,0.098344,10.0
2026-09-18 06:35:41.155,sell,101.68,0.134475,13.67
2026-09-18 06:35:45.781,buy,101.68,0.098344,10.0
2026-09-18 06:35:54.470,sell,101.68,0.130549,13.27
2026-09-18 06:35:59.925,sell,101.68,0.772337,78.53
2026-09-18 06:36:10.697,sell,101.7,0.451277,45.9
2026-09-18 06:36:21.222,sell,101.7,0.182679,18.58
2026-09-18 06:36:32.394,sell,101.7,1.312101,133.44
2026-09-18 06:36:32.852,buy,101.7,0.098327,10.0
2026-09-18 06:36:37.189,buy,101.7,1.214491,123.51
2026-09-18 06:37:02.394,buy,101.59,0.253442,25.75
2026-09-18 06:37:02.659,buy,101.59,2.060425,209.32
2026-09-18 06:37:07.166,buy,101.59,0.098436,10.0
2026-09-18 06:37:19.316,sell,101.59,0.291602,29.62
2026-09-18 06:37:20.422,sell,101.59,0.098436,10.0
2026-09-18 06:37:33.495,sell,101.59,0.43296,43.98
2026-09-18 06:37:35.789,sell,101.59,2.358639,239.61
2026-09-18 06:37:36.786,buy,101.59,0.481456,48.91
2026-09-18 06:38:29.220,buy,101.68,0.325599,33.11
2026-09-18 06:38:32.797,sell,101.68,0.287907,29.28
2026-09-18 06:38:51.010,buy,101.68,0.262369,26.68
2026-09-18 06:38:59.737,buy,101.68,0.34019,34.59
2026-09-18 06:39:06.187,buy,101.67,0.098354,10.0
2026-09-18 06:39:17.179,sell,101.67,0.133302,13.55
2026-09-18 06:39:28.038,buy,101.67,0.098354,10.0
2026-09-18 06:39:44.531,buy,101.67,0.098354,10.0
2026-09-18 06:40:07.373,buy,101.66,1.022781,103.98
2026-09-18 06:40:15.968,sell,101.66,0.708439,72.02
2026-09-18 06:40:28.205,buy,101.66,0.211594,21.51
2026-09-18 06:40:42.283,buy,101.66,0.098365,10.0
2026-09-18 06:41:07.038,buy,101.6,0.834591,84.8
2026-09-18 06:41:13.760,sell,101.6,1.261135,128.14
2026-09-18 06:41:16.562,sell,101.6,0.098422,10.0
2026-09-18 06:41:25.733,sell,101.6,0.301357,30.62
2026-09-18 06:41:29.980,sell,101.6,0.098422,10.0
2026-09-18 06:41:45.485,buy,101.6,0.295533,30.03
2026-09-18 06:41:57.877,buy,101.6,1.470694,149.43
2026-09-18 06:41:58.319,buy,101.6,0.427819,43.47
2026-09-18 06:42:05.695,buy,101.46,0.098871,10.03
2026-09-18 06:42:11.166,buy,101.46,0.884952,89.79
2026-09-18 06:42:34.164,sell,101.46,0.780719,79.21
2026-09-18 06:42:42.731,buy,101.46,0.240107,24.36
2026-09-18 06:42:44.766,buy,101.46,3.217377,326.43
2026-09-18 06:42:49.335,buy,101.46,4.070509,412.99
2026-09-18 06:42:51.135,sell,101.46,0.984038,99.84
2026-09-18 06:43:01.464,buy,101.6,0.720208,73.17
2026-09-18 06:43:05.551,sell,101.6,0.396558,40.29
2026-09-18 06:43:08.808,sell,101.6,1.498422,152.23
2026-09-18 06:43:31.384,sell,101.6,0.222318,22.59
2026-09-18 06:44:11.431,buy,101.69,0.179067,18.21
2026-09-18 06:44:20.584,sell,101.69,0.098337,10.0
2026-09-18 06:44:24.076,buy,101.69,0.34225,34.8
2026-09-18 06:44:28.627,buy,101.69,0.098337,10.0
2026-09-18 06:44:34.655,sell,101.69,0.201095,20.45
2026-09-18 06:44:37.227,sell,101.69,0.098337,10.0
2026-09-18 06:44:38.552,sell,101.69,0.473817,48.18
2026-09-18 06:44:52.222,sell,101.69,0.138262,14.06
2026-09-18 06:45:05.312,sell,101.63,3.406355,346.2
2026-09-18 06:45:05.814,buy,101.63,0.098392,10.0
2026-09-18 06:45:06.770,sell,101.63,0.427818,43.48
2026-09-18 06:45:37.488,sell,101.63,0.098392,10.0
2026-09-18 06:46:10.876,sell,101.63,2.096623,213.09
2026-09-18 06:46:15.016,buy,101.63,0.098392,10.0
2026-09-18 06:46:40.956,sell,101.63,0.540846,54.97
2026-09-18 06:47:02.452,buy,101.66,1.740684,176.96
2026-09-18 06:47:02.464,sell,101.66,0.170156,17.3
2026-09-18 06:47:09.829,sell,101.66,1.047941,106.54
2026-09-18 06:47:10.827,sell,101.66,0.149312,15.18
2026-09-18 06:47:31.786,buy,101.66,0.49826,50.65
2026-09-18 06:47:32.878,sell,101.66,0.098364,10.0
2026-09-18 06:47:55.924,sell,101.66,0.101946,10.36
2026-09-18 06:48:03.666,buy,101.69,0.679722,69.12
2026-09-18 06:48:04.385,sell,101.69,5.718669,581.54
2026-09-18 06:48:06.167,buy,101.69,4.634416,471.28
2026-09-18 06:48:09.973,buy,101.69,0.371665,37.79
2026-09-18 06:48:29.856,buy,101.69,13.18054,1340.34
2026-09-18 06:49:03.702,buy,101.74,1.458307,148.37
2026-09-18 06:49:06.182,buy,101.74,0.792544,80.63
2026-09-18 06:49:06.575,buy,101.74,21.356685,2172.79
2026-09-18 06:49:12.054,buy,101.74,0.102679,10.45
2026-09-18 06:49:36.537,buy,101.74,1.522339,154.88
2026-09-18 06:49:38.196,buy,101.74,0.098291,10.0
2026-09-18 06:49:45.286,buy,101.74,0.342031,34.8
2026-09-18 06:49:53.041,buy,101.74,0.098291,10.0
2026-09-18 06:50:03.005,sell,101.71,0.203456,20.69
2026-09-18 06:50:20.661,sell,101.71,1.754134,178.42
2026-09-18 06:50:39.945,sell,101.71,4.91577,500.0
2026-09-18 06:50:40.058,buy,101.71,0.098316,10.0
2026-09-18 06:51:04.499,sell,101.81,1.01919,103.76
2026-09-18 06:51:09.891,sell,101.81,0.102583,10.44
2026-09-18 06:51:23.228,sell,101.81,0.109539,11.15
2026-09-18 06:51:31.065,buy,101.81,0.510907,52.01
2026-09-18 06:51:47.767,buy,101.81,0.296084,30.14
2026-09-18 06:52:05.641,buy,101.86,0.350395,35.69
2026-09-18 06:52:06.656,sell,101.86,0.113859,11.6
2026-09-18 06:52:12.132,sell,101.86,0.463239,47.18
2026-09-18 06:52:31.257,buy,101.86,0.38687,39.4
2026-09-18 06:52:32.222,buy,101.86,0.260835,26.57
2026-09-18 06:53:12.000,sell,102.05,0.459841,46.93
2026-09-18 06:53:13.992,sell,102.05,0.281227,28.7
2026-09-18 06:53:15.337,sell,102.05,0.29522,30.13
2026-09-18 06:53:26.325,sell,102.05,0.257659,26.29
2026-09-18 06:53:36.840,sell,102.05,0.257797,26.31
2026-09-18 06:53:50.996,buy,102.05,0.118301,12.07
2026-09-18 06:53:54.187,buy,102.05,0.784769,80.08
2026-09-18 06:54:20.212,sell,102.07,0.213566,21.8
2026-09-18 06:54:25.918,buy,102.07,0.209236,21.36
2026-09-18 06:54:26.155,sell,102.07,0.097968,10.0
2026-09-18 06:54:27.693,buy,102.07,0.097968,10.0
2026-09-18 06:54:32.754,buy,102.07,0.097968,10.0
2026-09-18 06:54:48.291,buy,102.07,0.097968,10.0
2026-09-18 06:55:16.728,sell,102.1,13.309843,1358.91
2026-09-18 06:55:42.352,sell,102.1,0.109023,11.13
2026-09-18 06:55:43.962,buy,102.1,1.674177,170.93
2026-09-18 06:55:54.369,sell,102.1,0.097945,10.0
2026-09-18 06:56:11.363,buy,102.1,0.097945,10.0
2026-09-18 06:56:42.452,sell,102.1,0.097945,10.0
2026-09-18 06:56:50.062,buy,102.1,0.099841,10.19
2026-09-18 06:56:57.723,buy,102.1,2.594731,264.92
2026-09-18 06:57:30.408,buy,102.03,0.098015,10.0
2026-09-18 06:57:35.581,sell,102.03,0.098015,10.0
2026-09-18 06:57:36.784,sell,102.03,0.712236,72.67
2026-09-18 06:57:40.180,buy,102.03,0.700898,71.51
2026-09-18 06:57:41.119,sell,102.03,1.530187,156.12
2026-09-18 06:57:43.506,sell,102.03,0.333312,34.01
2026-09-18 06:57:53.706,buy,102.03,0.741477,75.65
2026-09-18 06:58:16.357,buy,102.03,1.041201,106.23
2026-09-18 06:58:24.783,buy,102.03,0.098014,10.0
2026-09-18 06:58:25.104,sell,102.03,0.098014,10.0
2026-09-18 06:58:28.711,buy,102.03,0.103707,10.58
2026-09-18 06:58:31.602,sell,102.03,0.392416,40.04
2026-09-18 06:58:53.099,sell,102.03,0.098014,10.0
2026-09-18 06:59:31.471,sell,101.99,0.102201,10.42
2026-09-18 06:59:31.975,sell,101.99,0.098045,10.0
2026-09-18 06:59:32.040,buy,101.99,0.176232,17.97
2026-09-18 06:59:44.687,sell,101.99,1.212809,123.7
2026-09-18 06:59:53.851,sell,101.99,1.508857,153.89
2026-09-18 07:00:03.036,sell,101.97,3.825685,390.09
2026-09-18 07:00:04.595,buy,101.97,1.479981,150.91
2026-09-18 07:00:17.472,sell,101.97,0.098071,10.0
2026-09-18 07:00:37.018,buy,101.97,0.098071,10.0
2026-09-18 07:00:37.445,buy,101.97,11.981779,1221.74
2026-09-18 07:00:47.419,sell,101.97,0.429646,43.81
2026-09-18 07:00:48.532,buy,101.97,0.098071,10.0
2026-09-18 07:00:51.480,buy,101.97,0.098071,10.0
2026-09-18 07:01:04.736,buy,101.84,0.142928,14.56
2026-09-18 07:01:39.956,sell,101.84,0.098197,10.0
2026-09-18 07:01:45.868,sell,101.84,0.734422,74.79
2026-09-18 07:02:02.037,sell,101.8,1.173227,119.43
2026-09-18 07:02:18.025,buy,101.8,0.220737,22.47
2026-09-18 07:02:23.083,buy,101.8,0.103088,10.49
2026-09-18 07:02:25.942,sell,101.8,0.098233,10.0
2026-09-18 07:02:35.558,sell,101.8,0.741667,75.5
2026-09-18 07:02:44.083,buy,101.8,0.515373,52.46
2026-09-18 07:02:47.150,sell,101.8,0.92357,94.02
2026-09-18 07:02:55.445,sell,101.8,6.639434,675.89
2026-09-18 07:03:01.688,sell,101.79,0.098242,10.0
2026-09-18 07:03:05.096,sell,101.79,0.098242,10.0
2026-09-18 07:03:08.542,sell,101.79,0.098242,10.0
2026-09-18 07:03:14.108,sell,101.79,0.763545,77.72
2026-09-18 07:03:34.753,sell,101.79,0.492245,50.11
2026-09-18 07:03:37.567,sell,101.79,0.333006,33.9
2026-09-18 07:03:44.292,sell,101.79,0.694589,70.7
2026-09-18 07:03:51.444,sell,101.79,1.076418,109.57
2026-09-18 07:04:14.870,sell,101.84,0.09819,10.0
2026-09-18 07:04:26.468,buy,101.84,0.326184,33.22
2026-09-18 07:04:28.707,sell,101.84,0.459138,46.76
2026-09-18 07:04:43.965,sell,101.84,0.109864,11.19
2026-09-18 07:04:47.591,sell,101.84,1.084537,110.45
2026-09-18 07:04:55.512,sell,101.84,0.09819,10.0
2026-09-18 07:05:00.121,sell,101.85,0.488708,49.78
2026-09-18 07:05:39.031,sell,101.85,0.168418,17.15
2026-09-18 07:05:39.329,sell,101.85,8.678212,883.91
2026-09-18 07:05:43.319,sell,101.85,7.542481,768.23
2026-09-18 07:05:52.635,buy,101.85,2.183379,222.39
2026-09-18 07:05:59.390,buy,101.85,0.178342,18.16
2026-09-18 07:06:07.019,buy,101.84,0.098196,10.0
2026-09-18 07:06:18.768,sell,101.84,0.25677,26.15
2026-09-18 07:06:34.015,sell,101.84,0.798236,81.29
2026-09-18 07:06:45.631,sell,101.84,0.656371,66.84
2026-09-18 07:06:59.760,buy,101.84,0.562252,57.26
2026-09-18 07:07:01.518,sell,101.76,0.594967,60.54
2026-09-18 07:07:06.183,sell,101.76,0.10844,11.03
2026-09-18 07:07:16.797,sell,101.76,1.304842,132.78
2026-09-18 07:07:22.398,sell,101.76,0.266576,27.13
2026-09-18 07:07:27.526,buy,101.76,0.142218,14.47
2026-09-18 07:07:35.956,sell,101.76,0.169772,17.28
2026-09-18 07:07:52.968,buy,101.76,1.206192,122.74
2026-09-18 07:08:11.420,sell,101.85,0.098179,10.0
2026-09-18 07:08:11.772,buy,101.85,2.457806,250.34
2026-09-18 07:08:31.676,sell,101.85,0.44285,45.11
2026-09-18 07:08:33.743,sell,101.85,0.319129,32.5
2026-09-18 07:08:35.955,buy,101.85,0.175528,17.88
2026-09-18 07:08:40.717,sell,101.85,0.236471,24.09
2026-09-18 07:08:41.226,sell,101.85,0.288063,29.34
2026-09-18 07:09:08.053,sell,101.96,0.553755,56.46
2026-09-18 07:09:31.872,buy,101.96,0.374236,38.16
2026-09-18 07:09:37.611,buy,101.96,1.281404,130.65
2026-09-18 07:09:38.701,buy,101.96,0.098081,10.0
2026-09-18 07:09:41.157,buy,101.96,0.098081,10.0
2026-09-18 07:09:43.739,buy,101.96,0.65975,67.27
2026-09-18 07:09:44.888,buy,101.96,0.789901,80.54
2026-09-18 07:09:51.492,buy,101.96,0.667364,68.04
2026-09-18 07:10:16.737,sell,101.89,1.635636,166.65
2026-09-18 07:10:25.948,sell,101.89,0.098149,10.0
2026-09-18 07:10:28.962,sell,101.89,0.369643,37.66
2026-09-18 07:11:11.330,buy,101.85,0.178833,18.21
2026-09-18 07:11:31.667,buy,101.85,1.314499,133.89
2026-09-18 07:11:35.743,buy,101.85,0.271749,27.68
2026-09-18 07:12:08.741,sell,101.89,0.570796,58.16
2026-09-18 07:12:22.914,sell,101.89,1.247089,127.07
2026-09-18 07:12:29.400,sell,101.89,0.996043,101.49
2026-09-18 07:12:30.306,sell,101.89,1.104934,112.59
2026-09-18 07:12:35.945,buy,101.89,0.183086,18.66
2026-09-18 07:12:42.298,buy,101.89,1.349399,137.49
2026-09-18 07:12:57.805,sell,101.89,0.198318,20.21
2026-09-18 07:13:02.284,sell,101.82,0.26561,27.05
2026-09-18 07:13:10.899,sell,101.82,0.920742,93.75
2026-09-18 07:13:21.626,sell,101.82,0.098209,10.0
2026-09-18 07:13:30.122,sell,101.82,1.304904,132.87
2026-09-18 07:13:35.329,buy,101.82,0.202083,20.58
2026-09-18 07:13:36.228,buy,101.82,0.239686,24.41
2026-09-18 07:13:43.837,buy,101.82,0.098209,10.0
2026-09-18 07:13:50.194,buy,101.82,0.120971,12.32
2026-09-18 07:14:09.667,buy,101.81,0.175642,17.88
2026-09-18 07:14:14.655,buy,101.81,0.127767,13.01
2026-09-18 07:14:31.148,sell,101.81,0.84309,85.83
2026-09-18 07:15:13.467,buy,101.71,0.216214,21.99
2026-09-18 07:15:15.935,buy,101.71,0.952047,96.84
2026-09-18 07:15:22.093,sell,101.71,0.256034,26.04
2026-09-18 07:15:25.609,buy,101.71,4.954935,503.98
2026-09-18 07:15:48.078,buy,101.71,0.098316,10.0
2026-09-18 07:16:06.985,buy,101.69,0.098339,10.0
2026-09-18 07:16:11.576,buy,101.69,0.098339,10.0
2026-09-18 07:16:15.759,sell,101.69,0.803244,81.68
2026-09-18 07:16:28.065,buy,101.69,0.170483,17.34
2026-09-18 07:16:35.050,buy,101.69,0.483636,49.18
2026-09-18 07:16:55.066,sell,101.69,0.314176,31.95
2026-09-18 07:17:13.540,buy,101.7,0.977691,99.43
2026-09-18 07:17:21.501,buy,101.7,0.220857,22.46
2026-09-18 07:17:23.915,buy,101.7,0.375893,38.23
2026-09-18 07:17:28.405,buy,101.7,0.238688,24.28
2026-09-18 07:17:33.107,buy,101.7,0.243608,24.78
2026-09-18 07:17:39.205,sell,101.7,0.193111,19.64
2026-09-18 07:18:00.371,sell,101.76,2.721681,276.97
2026-09-18 07:18:06.866,buy,101.76,0.098266,10.0
2026-09-18 07:18:08.651,buy,101.76,0.537284,54.68
2026-09-18 07:18:25.077,sell,101.76,0.536042,54.55
2026-09-18 07:18:51.055,sell,101.76,0.559602,56.95
2026-09-18 07:19:07.581,sell,101.81,1.768062,180.01
2026-09-18 07:19:13.945,buy,101.81,1.862742,189.65
2026-09-18 07:19:14.892,buy,101.81,1.627692,165.72
2026-09-18 07:19:20.254,buy,101.81,0.300362,30.58
2026-09-18 07:19:23.129,buy,101.81,0.098218,10.0
2026-09-18 07:19:27.779,sell,101.81,0.552047,56.21
2026-09-18 07:19:54.737,buy,101.81,0.098218,10.0
2026-09-18 07:19:58.384,buy,101.81,1.289644,131.3
2026-09-18 07:20:16.214,buy,101.77,0.09826,10.0
2026-09-18 07:20:17.114,buy,101.77,0.198775,20.23
2026-09-18 07:20:24.016,sell,101.77,0.172124,17.52
2026-09-18 07:21:10.961,sell,101.71,0.419575,42.67
2026-09-18 07:21:12.631,buy,101.71,0.121809,12.39
2026-09-18 07:21:22.744,buy,101.71,0.098323,10.0
2026-09-18 07:21:47.461,buy,101.71,0.098323,10.0
2026-09-18 07:21:53.816,sell,101.71,0.098323,10.0
2026-09-18 07:21:55.396,sell,101.71,0.269155,27.37
2026-09-18 07:22:20.808,sell,101.78,0.098248,10.0
2026-09-18 07:22:27.533,buy,101.78,1.840541,187.34
2026-09-18 07:22:46.112,sell,101.78,0.24909,25.35
2026-09-18 07:22:50.216,buy,101.78,1.965284,200.03
2026-09-18 07:23:15.055,sell,101.8,0.758523,77.22
2026-09-18 07:23:19.348,sell,101.8,0.215662,21.96
2026-09-18 07:23:21.536,sell,101.8,1.47553,150.21
2026-09-18 07:23:35.973,buy,101.8,0.098229,10.0
2026-09-18 07:23:43.227,sell,101.8,0.266546,27.14
2026-09-18 07:23:48.069,sell,101.8,0.230586,23.47
2026-09-18 07:23:48.632,buy,101.8,0.16536,16.83
2026-09-18 07:23:52.547,sell,101.8,1.016845,103.52
2026-09-18 07:24:01.621,buy,101.82,1.572019,160.06
2026-09-18 07:24:15.274,sell,101.82,1.298063,132.17
2026-09-18 07:24:32.333,buy,101.82,0.474447,48.31
2026-09-18 07:24:37.489,buy,101.82,0.894805,91.11
2026-09-18 07:24:54.341,sell,101.82,0.098211,10.0
2026-09-18 07:24:54.534,buy,101.82,0.128484,13.08
2026-09-18 07:25:08.986,sell,101.9,0.510447,52.01
2026-09-18 07:25:10.328,sell,101.9,0.717427,73.1
2026-09-18 07:25:29.217,buy,101.9,0.09814,10.0
2026-09-18 07:25:40.821,buy,101.9,0.667122,67.98
2026-09-18 07:25:42.092,sell,101.9,0.09814,10.0
2026-09-18 07:25:53.169,sell,101.9,0.308437,31.43
2026-09-18 07:26:02.498,buy,101.88,0.133579,13.61
2026-09-18 07:26:08.411,sell,101.88,2.952704,300.81
2026-09-18 07:26:21.145,buy,101.88,0.098159,10.0
2026-09-18 07:26:26.458,buy,101.88,0.125357,12.77
2026-09-18 07:26:44.327,sell,101.88,0.098159,10.0
2026-09-18 07:26:50.335,buy,101.88,0.502932,51.24
2026-09-18 07:26:50.746,sell,101.88,0.115663,11.78
2026-09-18 07:26:53.257,buy,101.88,0.283706,28.9
2026-09-18 07:27:06.125,buy,101.96,7.800018,795.27
2026-09-18 07:27:06.867,buy,101.96,7.798881,795.15
2026-09-18 07:27:08.853,buy,101.96,0.100105,10.21
2026-09-18 07:27:16.718,buy,101.96,0.115266,11.75
2026-09-18 07:27:16.822,buy,101.96,0.307098,31.31
2026-09-18 07:27:29.702,sell,101.96,2.839318,289.49
2026-09-18 07:27:44.477,sell,101.96,4.557493,464.67
2026-09-18 07:27:52.227,sell,101.96,0.098081,10.0
2026-09-18 07:28:08.921,sell,102.03,0.329484,33.62
2026-09-18 07:28:28.158,buy,102.03,0.603629,61.59
2026-09-18 07:28:43.351,buy,102.03,0.186358,19.01
2026-09-18 07:29:17.688,buy,102.02,0.132937,13.56
2026-09-18 07:29:29.578,sell,102.02,0.314422,32.08
2026-09-18 07:29:32.622,sell,102.02,0.77613,79.18
2026-09-18 07:30:06.745,buy,102.09,1.181119,120.58
2026-09-18 07:30:15.700,buy,102.09,2.489736,254.17
2026-09-18 07:30:26.391,buy,102.09,3.368262,343.85
2026-09-18 07:31:20.311,buy,102.05,1.473858,150.4
2026-09-18 07:31:33.393,sell,102.05,0.849337,86.67
2026-09-18 07:31:40.765,sell,102.05,0.097996,10.0
2026-09-18 07:31:44.797,buy,102.05,0.298901,30.5
2026-09-18 07:31:55.652,sell,102.05,5.963035,608.5
2026-09-18 07:32:00.947,sell,102.09,0.117792,12.03
2026-09-18 07:32:17.683,buy,102.09,0.364361,37.2
2026-09-18 07:32:23.232,buy,102.09,0.45505,46.46
2026-09-18 07:32:28.659,sell,102.09,0.240767,24.58
2026-09-18 07:32:32.428,sell,102.09,5.263423,537.36
2026-09-18 07:32:44.162,sell,102.09,5.372016,548.45
2026-09-18 07:32:48.008,sell,102.09,0.124294,12.69
2026-09-18 07:32:53.507,buy,102.09,0.09795,10.0
2026-09-18 07:33:04.707,sell,101.96,1.710318,174.38
2026-09-18 07:33:11.591,sell,101.96,0.146295,14.92
2026-09-18 07:33:13.214,sell,101.96,2.404374,245.15
2026-09-18 07:33:29.763,buy,101.96,0.178665,18.22
2026-09-18 07:33:40.257,sell,101.96,0.191276,19.5
2026-09-18 07:33:48.479,buy,101.96,0.800123,81.58
2026-09-18 07:33:58.178,buy,101.96,0.304246,31.02
2026-09-18 07:34:15.172,sell,101.85,0.098181,10.0
2026-09-18 07:34:20.895,buy,101.85,0.257074,26.18
2026-09-18 07:34:32.645,buy,101.85,0.76412,77.83
2026-09-18 07:35:01.548,buy,101.84,0.153387,15.62
2026-09-18 07:35:07.790,buy,101.84,6.419471,653.75
2026-09-18 07:35:30.645,sell,101.84,0.098195,10.0
2026-09-18 07:35:36.878,sell,101.84,0.51321,52.26
2026-09-18 07:35:37.626,buy,101.84,6.042726,615.38
2026-09-18 07:36:20.775,sell,101.82,0.098216,10.0
2026-09-18 07:36:37.120,buy,101.82,0.323526,32.94
2026-09-18 07:36:39.833,buy,101.82,0.789346,80.37
2026-09-18 07:36:52.047,sell,101.82,0.123348,12.56
2026-09-18 07:37:05.773,sell,101.76,0.90813,92.41
2026-09-18 07:37:08.124,sell,101.76,0.098268,10.0
2026-09-18 07:37:13.620,sell,101.76,0.40161,40.87
2026-09-18 07:37:25.808,sell,101.76,1.051441,107.0
2026-09-18 07:37:26.833,buy,101.76,0.730016,74.29
2026-09-18 07:37:30.858,sell,101.76,0.383454,39.02
2026-09-18 07:38:00.103,buy,101.74,15.957302,1623.51
2026-09-18 07:38:08.018,buy,101.74,0.098289,10.0
2026-09-18 07:38:59.708,buy,101.74,3.718783,378.35
2026-09-18 07:39:31.213,buy,101.7,0.765545,77.86
2026-09-18 07:39:50.813,buy,101.7,0.564774,57.44
2026-09-18 07:39:51.711,buy,101.7,0.187481,19.07
2026-09-18 07:39:57.170,sell,101.7,0.5929,60.3
2026-09-18 07:40:15.655,buy,101.62,2.635926,267.87
2026-09-18 07:40:55.383,buy,101.62,1.081599,109.92
2026-09-18 07:40:58.684,sell,101.62,0.098402,10.0
2026-09-18 07:41:05.941,sell,101.66,0.098364,10.0
2026-09-18 07:41:13.124,buy,101.66,3.542561,360.15
2026-09-18 07:41:27.425,sell,101.66,0.10798,10.98
2026-09-18 07:41:27.444,sell,101.66,0.293823,29.87
2026-09-18 07:41:27.651,buy,101.66,0.540216,54.92
2026-09-18 07:41:33.823,sell,101.66,0.099183,10.08
2026-09-18 07:41:41.515,sell,101.66,0.184736,18.78
2026-09-18 07:42:02.858,sell,101.68,1.145005,116.43
2026-09-18 07:42:28.534,buy,101.68,0.33945,34.52
2026-09-18 07:42:30.481,buy,101.68,0.112809,11.47
2026-09-18 07:42:53.356,sell,101.68,0.098344,10.0
2026-09-18 07:43:14.856,sell,101.69,0.477286,48.53
2026-09-18 07:43:15.516,sell,101.69,0.098339,10.0
2026-09-18 07:43:20.033,sell,101.69,0.192923,19.62
2026-09-18 07:43:28.907,sell,101.69,0.098339,10.0
2026-09-18 07:43:35.824,sell,101.69,0.387223,39.38
2026-09-18 07:43:54.939,buy,101.69,3.425028,348.29
2026-09-18 07:44:02.750,sell,101.7,0.932006,94.79
2026-09-18 07:44:19.413,buy,101.7,0.219224,22.3
2026-09-18 07:44:19.534,sell,101.7,0.098324,10.0
2026-09-18 07:44:34.719,buy,101.7,1.247919,126.92
2026-09-18 07:44:42.087,sell,101.7,1.082529,110.1
2026-09-18 07:44:44.971,sell,101.7,2.694828,274.08
2026-09-18 07:44:50.966,buy,101.7,0.721587,73.39
2026-09-18 07:45:05.776,buy,101.76,0.12547,12.77
2026-09-18 07:45:10.524,buy,101.76,0.457938,46.6
2026-09-18 07:45:22.138,sell,101.76,0.20684,21.05
2026-09-18 07:45:43.919,sell,101.76,0.19496,19.84
2026-09-18 07:45:44.224,sell,101.76,0.465566,47.38
2026-09-18 07:46:03.726,sell,101.78,0.362011,36.84
2026-09-18 07:46:20.546,buy,101.78,4.514468,459.47
2026-09-18 07:46:24.216,buy,101.78,0.392281,39.92
2026-09-18 07:46:32.209,sell,101.78,2.211358,225.06
2026-09-18 07:46:42.027,buy,101.78,0.196152,19.96
2026-09-18 07:46:46.803,sell,101.78,0.098255,10.0
2026-09-18 07:47:08.927,buy,101.79,0.206938,21.06
2026-09-18 07:47:16.126,sell,101.79,0.159861,16.27
2026-09-18 07:47:19.564,sell,101.79,0.098244,10.0
2026-09-18 07:47:22.283,sell,101.79,0.098244,10.0
2026-09-18 07:47:27.092,sell,101.79,0.558979,56.9
2026-09-18 07:47:33.423,buy,101.79,0.830781,84.56
2026-09-18 07:47:40.196,buy,101.79,0.22612,23.02
2026-09-18 07:47:56.333,sell,101.79,0.098244,10.0
2026-09-18 07:48:01.085,sell,101.78,0.098247,10.0
2026-09-18 07:48:04.025,sell,101.78,0.110998,11.3
2026-09-18 07:48:37.361,sell,101.78,0.237722,24.2
2026-09-18 07:49:02.741,buy,101.78,0.335722,34.17
2026-09-18 07:49:05.404,sell,101.78,0.098249,10.0
2026-09-18 07:49:44.548,sell,101.78,23.087553,2349.9
2026-09-18 07:49:46.198,sell,101.78,0.388937,39.59
2026-09-18 07:49:49.260,sell,101.78,2.127969,216.59
2026-09-18 07:49:54.630,buy,101.78,4.423361,450.22
2026-09-18 07:50:13.533,buy,101.88,0.304332,31.01
2026-09-18 07:50:25.910,buy,101.88,0.098156,10.0
2026-09-18 07:50:30.707,buy,101.88,1.916997,195.3
2026-09-18 07:50:53.934,sell,101.88,0.558053,56.85
2026-09-18 07:51:20.531,buy,101.8,0.756333,77.0
2026-09-18 07:51:26.514,buy,101.8,0.135249,13.77
2026-09-18 07:51:55.293,sell,101.8,0.527573,53.71
2026-09-18 07:51:59.204,buy,101.8,1.76183,179.36
2026-09-18 07:52:00.903,buy,101.88,0.675612,68.83
2026-09-18 07:52:10.885,sell,101.88,0.121092,12.34
2026-09-18 07:52:12.993,buy,101.88,0.653885,66.62
2026-09-18 07:52:32.698,buy,101.88,0.204261,20.81
2026-09-18 07:52:50.843,sell,101.88,0.899465,91.64
2026-09-18 07:52:52.824,buy,101.88,0.608737,62.02
2026-09-18 07:52:56.097,sell,101.88,1.133473,115.48
2026-09-18 07:53:17.622,buy,101.87,0.210238,21.42
2026-09-18 07:53:24.746,sell,101.87,0.098165,10.0
2026-09-18 07:53:55.442,sell,101.87,0.098165,10.0
2026-09-18 07:54:09.349,buy,101.79,2.54109,258.67
2026-09-18 07:54:09.744,buy,101.79,1.134645,115.5
2026-09-18 07:54:13.843,buy,101.79,0.098237,10.0
2026-09-18 07:54:33.928,sell,101.79,0.098237,10.0
2026-09-18 07:54:40.763,sell,101.79,0.235953,24.02
2026-09-18 07:54:45.219,sell,101.79,0.098237,10.0
2026-09-18 07:54:53.776,buy,101.79,0.291032,29.63
2026-09-18 07:54:56.483,sell,101.79,0.12042,12.26
2026-09-18 07:55:51.692,buy,101.75,0.335465,34.13
2026-09-18 07:55:58.125,sell,101.75,0.098283,10.0
2026-09-18 07:55:59.973,sell,101.75,0.263901,26.85
2026-09-18 07:56:26.911,sell,101.83,0.098198,10.0
2026-09-18 07:56:30.428,buy,101.83,0.923547,94.05
2026-09-18 07:56:32.454,buy,101.83,1.826202,185.97
2026-09-18 07:56:35.000,sell,101.83,0.246198,25.07
2026-09-18 07:56:35.971,buy,101.83,0.098198,10.0
2026-09-18 07:56:38.607,sell,101.83,0.098198,10.0
2026-09-18 07:56:54.007,sell,101.83,0.130404,13.28
2026-09-18 07:56:58.499,sell,101.83,0.585422,59.62
2026-09-18 07:57:10.809,buy,101.87,0.227067,23.13
2026-09-18 07:57:27.744,sell,101.87,0.176954,18.03
2026-09-18 07:57:30.492,sell,101.87,0.716619,73.0
2026-09-18 07:57:44.097,sell,101.87,0.098161,10.0
2026-09-18 07:58:19.879,sell,101.83,0.098206,10.0
2026-09-18 07:58:27.394,sell,101.83,1.566878,159.55
2026-09-18 07:58:37.636,sell,101.83,0.583676,59.43
2026-09-18 07:59:03.247,buy,101.92,0.168793,17.2
2026-09-18 07:59:05.716,buy,101.92,0.230539,23.5
2026-09-18 07:59:24.236,sell,101.92,8.111747,826.76
2026-09-18 07:59:24.614,sell,101.92,3.385802,345.09
2026-09-18 07:59:59.122,buy,101.92,0.098114,10.0
2026-09-18 08:00:08.341,sell,101.92,0.251665,25.65
2026-09-18 08:00:11.797,sell,101.92,0.098112,10.0
2026-09-18 08:00:28.376,buy,101.92,2.350119,239.53
2026-09-18 08:00:40.925,buy,101.92,2.87452,292.98
2026-09-18 08:00:41.651,buy,101.92,0.183435,18.7
2026-09-18 08:00:42.394,sell,101.92,0.236566,24.11
2026-09-18 08:01:18.967,sell,101.87,3.218002,327.8
2026-09-18 08:01:37.729,buy,101.87,0.105872,10.78
2026-09-18 08:01:38.523,sell,101.87,5.593481,569.78
2026-09-18 08:02:05.537,buy,101.84,0.526568,53.63
2026-09-18 08:02:08.733,sell,101.84,0.667194,67.95
2026-09-18 08:02:20.143,sell,101.84,1.317167,134.14
2026-09-18 08:02:28.999,sell,101.84,0.179995,18.33
2026-09-18 08:02:40.908,buy,101.84,0.161482,16.45
2026-09-18 08:02:51.358,buy,101.84,1.255162,127.83
2026-09-18 08:03:04.662,buy,101.83,0.510477,51.98
2026-09-18 08:03:16.375,buy,101.83,0.474398,48.31
2026-09-18 08:03:21.585,buy,101.83,1.713477,174.48
2026-09-18 08:03:22.245,sell,101.83,0.144459,14.71
2026-09-18 08:03:28.719,buy,101.83,0.160743,16.37
2026-09-18 08:03:40.854,sell,101.83,0.42633,43.41
2026-09-18 08:03:45.580,buy,101.83,0.161153,16.41
2026-09-18 08:03:49.935,sell,101.83,0.098203,10.0
2026-09-18 08:04:07.606,buy,101.79,0.098243,10.0
2026-09-18 08:04:24.945,buy,101.79,0.098243,10.0
2026-09-18 08:04:28.246,buy,101.79,1.018254,103.65
2026-09-18 08:04:33.540,sell,101.79,0.525143,53.45
2026-09-18 08:04:51.727,buy,101.79,0.270947,27.58
2026-09-18 08:04:56.480,sell,101.79,3.118883,317.47
2026-09-18 08:05:00.145,buy,101.99,0.728854,74.34
2026-09-18 08:05:01.725,buy,101.99,0.134979,13.77
2026-09-18 08:05:20.948,sell,101.99,0.255173,26.03
2026-09-18 08:05:35.765,sell,101.99,0.098045,10.0
2026-09-18 08:05:46.390,sell,101.99,9.669666,986.25
2026-09-18 08:06:03.055,sell,102.03,0.098014,10.0
2026-09-18 08:06:16.702,buy,102.03,0.098014,10.0
2026-09-18 08:06:26.289,buy,102.03,0.605584,61.79
2026-09-18 08:06:32.442,buy,102.03,0.098014,10.0
2026-09-18 08:06:39.686,buy,102.03,0.098014,10.0
2026-09-18 08:06:47.453,buy,102.03,0.384062,39.18
2026-09-18 08:07:14.730,buy,102.12,0.37761,38.56
2026-09-18 08:07:16.732,buy,102.12,0.097921,10.0
2026-09-18 08:07:39.508,buy,102.12,0.097921,10.0
2026-09-18 08:07:52.489,sell,102.12,0.097921,10.0
2026-09-18 08:08:00.350,buy,102.17,0.09788,10.0
2026-09-18 08:08:23.799,sell,102.17,0.158206,16.16
2026-09-18 08:08:35.032,sell,102.17,0.09788,10.0
2026-09-18 08:08:36.598,buy,102.17,1.377706,140.76
2026-09-18 08:08:45.028,sell,102.17,0.10869,11.1
2026-09-18 08:08:46.968,buy,102.17,0.348327,35.59
2026-09-18 08:08:49.160,buy,102.17,0.130594,13.34
2026-09-18 08:09:12.428,buy,102.15,0.13969,14.27
2026-09-18 08:09:18.476,sell,102.15,0.649158,66.31
2026-09-18 08:09:23.163,sell,102.15,0.308992,31.56
2026-09-18 08:09:24.590,buy,102.15,1.033103,105.53
2026-09-18 08:09:29.125,sell,102.15,0.344135,35.15
2026-09-18 08:09:30.059,sell,102.15,0.097893,10.0
2026-09-18 08:09:50.410,buy,102.15,0.457608,46.75
2026-09-18 08:09:58.766,buy,102.15,3.987553,407.34
2026-09-18 08:10:05.781,sell,102.21,0.097842,10.0
2026-09-18 08:10:23.319,buy,102.21,4.989498,509.95
2026-09-18 08:10:49.835,sell,102.21,0.097842,10.0
2026-09-18 08:10:54.588,sell,102.21,1.073595,109.73
2026-09-18 08:11:26.403,sell,102.23,0.141369,14.45
2026-09-18 08:11:32.901,sell,102.23,0.277558,28.38
2026-09-18 08:11:47.826,sell,102.23,7.912105,808.88
2026-09-18 08:11:52.205,sell,102.23,16.955232,1733.39
2026-09-18 08:12:17.907,sell,102.28,0.432552,44.24
2026-09-18 08:12:18.603,sell,102.28,5.086547,520.24
2026-09-18 08:12:30.635,buy,102.28,0.097773,10.0
2026-09-18 08:12:31.051,buy,102.28,0.30547,31.24
2026-09-18 08:12:33.348,buy,102.28,1.243894,127.22
2026-09-18 08:12:58.144,buy,102.28,0.266744,27.28
2026-09-18 08:12:58.181,sell,102.28,0.097773,10.0
2026-09-18 08:13:04.501,sell,102.32,0.127884,13.09
2026-09-18 08:13:12.040,sell,102.32,0.477416,48.85
2026-09-18 08:13:12.772,sell,102.32,0.305097,31.22
2026-09-18 08:13:19.616,sell,102.32,0.343984,35.2
2026-09-18 08:13:22.528,buy,102.32,0.186436,19.08
2026-09-18 08:13:26.235,buy,102.32,0.097866,10.01
2026-09-18 08:13:53.969,sell,102.32,0.317195,32.46
2026-09-18 08:14:02.637,buy,102.5,0.356212,36.51
2026-09-18 08:14:13.462,sell,102.5,0.567837,58.2
2026-09-18 08:14:16.562,buy,102.5,0.224137,22.97
2026-09-18 08:14:27.231,buy,102.5,0.097564,10.0
2026-09-18 08:14:36.154,buy,102.5,0.097564,10.0
2026-09-18 08:14:56.064,buy,102.5,0.807252,82.74
2026-09-18 08:14:59.559,sell,102.5,0.097564,10.0
2026-09-18 08:15:16.950,buy,102.5,0.36111,37.02
2026-09-18 08:15:29.098,buy,102.5,1.91814,196.62
2026-09-18 08:15:31.345,sell,102.5,0.097557,10.0
2026-09-18 08:15:51.229,sell,102.5,0.170086,17.43
2026-09-18 08:16:14.967,buy,102.46,0.118078,12.1
2026-09-18 08:16:20.194,buy,102.46,0.408969,41.9
2026-09-18 08:16:22.511,buy,102.46,1.081403,110.8
2026-09-18 08:16:27.367,sell,102.46,0.305,31.25
2026-09-18 08:16:41.826,buy,102.46,9.270372,949.84
2026-09-18 08:16:44.303,sell,102.46,0.223611,22.91
2026-09-18 08:16:52.763,sell,102.46,0.278549,28.54
2026-09-18 08:17:14.617,sell,102.49,0.38625,39.59
2026-09-18 08:17:38.866,sell,102.49,3.927781,402.57
2026-09-18 08:17:52.578,buy,102.49,0.097567,10.0
2026-09-18 08:18:16.597,buy,102.44,0.097618,10.0
2026-09-18 08:18:20.566,buy,102.44,0.149871,15.35
2026-09-18 08:18:28.023,sell,102.44,0.097618,10.0
2026-09-18 08:19:07.823,sell,102.35,0.34893,35.71
2026-09-18 08:19:26.801,buy,102.35,0.219467,22.46
2026-09-18 08:19:30.988,buy,102.35,0.097709,10.0
2026-09-18 08:19:34.514,buy,102.35,0.220063,22.52
2026-09-18 08:19:56.412,sell,102.35,0.351533,35.98
2026-09-18 08:19:56.990,sell,102.35,0.097709,10.0
2026-09-18 08:20:24.595,sell,102.33,1.142469,116.91
2026-09-18 08:20:34.261,buy,102.33,0.097718,10.0
2026-09-18 08:20:41.277,buy,102.33,0.546794,55.96
2026-09-18 08:20:45.651,buy,102.33,0.097718,10.0
2026-09-18 08:20:49.228,sell,102.33,1.393512,142.6
2026-09-18 08:21:02.409,buy,102.3,0.16744,17.13
2026-09-18 08:21:09.249,buy,102.3,0.555707,56.85
2026-09-18 08:21:28.984,sell,102.3,0.729449,74.63
2026-09-18 08:21:32.605,sell,102.3,0.534543,54.69
2026-09-18 08:21:42.132,sell,102.3,0.251349,25.71
2026-09-18 08:21:47.948,sell,102.3,0.277252,28.36
2026-09-18 08:21:53.472,buy,102.3,0.148432,15.19
2026-09-18 08:22:02.192,buy,102.4,1.90769,195.35
2026-09-18 08:22:04.203,sell,102.4,0.097655,10.0
2026-09-18 08:22:05.986,buy,102.4,1.49665,153.26
2026-09-18 08:22:26.460,sell,102.4,0.097655,10.0
2026-09-18 08:22:27.747,buy,102.4,0.168498,17.25
2026-09-18 08:22:39.984,sell,102.4,0.129045,13.21
2026-09-18 08:22:54.188,sell,102.4,0.199046,20.38
2026-09-18 08:22:58.639,buy,102.4,0.318566,32.62
2026-09-18 08:23:03.901,buy,102.48,1.655451,169.65
2026-09-18 08:23:04.327,buy,102.48,0.321576,32.96
2026-09-18 08:23:40.319,sell,102.48,0.733029,75.12
2026-09-18 08:24:05.160,sell,102.44,0.35326,36.19
2026-09-18 08:24:09.530,buy,102.44,0.366419,37.53
2026-09-18 08:24:12.238,buy,102.44,0.151107,15.48
2026-09-18 08:24:13.088,sell,102.44,0.097622,10.0
2026-09-18 08:24:22.656,sell,102.44,0.265066,27.15
2026-09-18 08:24:28.740,buy,102.44,0.097622,10.0
2026-09-18 08:25:01.749,sell,102.44,3.473614,355.84
2026-09-18 08:25:27.905,sell,102.44,0.434754,44.54
2026-09-18 08:25:30.060,buy,102.44,1.004012,102.85
2026-09-18 08:25:50.760,buy,102.44,1.142648,117.05
2026-09-18 08:26:11.959,sell,102.5,0.097563,10.0
2026-09-18 08:26:17.952,buy,102.5,0.458233,46.97
2026-09-18 08:26:23.929,sell,102.5,0.097563,10.0
2026-09-18 08:26:27.462,sell,102.5,0.14735,15.1
2026-09-18 08:26:27.595,buy,102.5,0.097563,10.0
2026-09-18 08:26:31.396,buy,102.5,0.485142,49.73
2026-09-18 08:26:40.649,buy,102.5,0.112023,11.48
2026-09-18 08:26:46.102,sell,102.5,0.194764,19.96
2026-09-18 08:27:14.560,sell,102.44,0.097617,10.0
2026-09-18 08:27:33.839,buy,102.44,0.097617,10.0
2026-09-18 08:27:36.043,buy,102.44,0.097617,10.0
2026-09-18 08:27:57.546,buy,102.44,0.097617,10.0
2026-09-18 08:28:04.367,sell,102.46,0.945613,96.89
2026-09-18 08:28:10.616,sell,102.46,0.097602,10.0
2026-09-18 08:28:29.851,sell,102.46,3.062795,313.81
2026-09-18 08:28:36.964,sell,102.46,0.160897,16.49
2026-09-18 08:28:47.226,buy,102.46,0.097602,10.0
2026-09-18 08:28:54.944,sell,102.46,0.715637,73.32
2026-09-18 08:29:07.856,sell,102.46,0.097603,10.0
2026-09-18 08:29:17.535,buy,102.46,1.045142,107.08
2026-09-18 08:29:21.709,buy,102.46,0.097713,10.01
2026-09-18 08:29:24.946,sell,102.46,0.493124,50.52
2026-09-18 08:29:25.459,sell,102.46,0.097603,10.0
2026-09-18 08:30:03.944,sell,102.43,1.158969,118.71
2026-09-18 08:30:08.491,buy,102.43,0.459183,47.03
2026-09-18 08:30:09.602,buy,102.43,0.102397,10.49
2026-09-18 08:30:22.656,sell,102.43,0.997516,102.17
2026-09-18 08:30:26.253,buy,102.43,1.217683,124.72
2026-09-18 08:30:35.081,sell,102.43,0.357758,36.64
2026-09-18 08:30:45.236,sell,102.43,5.069274,519.22
2026-09-18 08:30:59.687,buy,102.43,0.097632,10.0
2026-09-18 08:31:05.019,buy,102.44,0.140754,14.42
2026-09-18 08:31:08.252,buy,102.44,0.36032,36.91
2026-09-18 08:31:13.698,buy,102.44,0.469964,48.14
2026-09-18 08:31:36.521,sell,102.44,0.09762,10.0
2026-09-18 08:31:47.289,sell,102.44,0.189374,19.4
2026-09-18 08:31:57.138,sell,102.44,0.134594,13.79
2026-09-18 08:31:57.192,buy,102.44,0.131454,13.47
2026-09-18 08:32:08.766,buy,102.46,0.296717,30.4
2026-09-18 08:32:09.316,sell,102.46,0.403381,41.33
2026-09-18 08:32:14.911,sell,102.46,3.520413,360.69
2026-09-18 08:32:17.241,sell,102.46,0.156732,16.06
2026-09-18 08:32:42.560,buy,102.46,1.115746,114.31
2026-09-18 08:32:47.497,sell,102.46,1.258896,128.98
2026-09-18 08:32:56.081,sell,102.46,0.327481,33.55
2026-09-18 08:33:09.942,sell,102.49,0.097569,10.0
2026-09-18 08:33:11.568,buy,102.49,2.415873,247.61
2026-09-18 08:33:14.464,buy,102.49,0.238901,24.49
2026-09-18 08:33:26.112,buy,102.49,0.097569,10.0
2026-09-18 08:33:30.687,buy,102.49,0.248817,25.5
2026-09-18 08:33:37.332,sell,102.49,0.257091,26.35
2026-09-18 08:33:42.660,sell,102.49,0.177045,18.15
2026-09-18 08:34:08.846,sell,102.52,0.146984,15.07
2026-09-18 08:34:15.143,sell,102.52,0.569075,58.34
2026-09-18 08:34:29.040,buy,102.52,2.637356,270.38
2026-09-18 08:34:36.130,sell,102.52,0.097544,10.0
2026-09-18 08:34:56.926,buy,102.52,0.263017,26.96
2026-09-18 08:34:57.780,buy,102.52,0.097544,10.0
2026-09-18 08:34:58.665,buy,102.52,0.15639,16.03
2026-09-18 08:35:16.193,buy,102.46,1.478121,151.45
2026-09-18 08:35:44.493,buy,102.46,2.723823,279.08
2026-09-18 08:35:55.081,buy,102.46,3.926291,402.28
2026-09-18 08:36:16.802,buy,102.41,0.83618,85.63
2026-09-18 08:36:28.713,sell,102.41,0.435987,44.65
2026-09-18 08:36:34.423,buy,102.41,0.09765,10.0
2026-09-18 08:36:37.666,buy,102.41,3.623999,371.12
2026-09-18 08:37:04.004,sell,102.37,1.016689,104.08
2026-09-18 08:37:06.886,sell,102.37,0.097685,10.0
2026-09-18 08:37:15.645,buy,102.37,9.276071,949.59
2026-09-18 08:37:19.176,sell,102.37,0.17719,18.14
2026-09-18 08:37:21.867,buy,102.37,0.097685,10.0
2026-09-18 08:37:45.469,buy,102.37,0.097685,10.0
2026-09-18 08:37:57.867,sell,102.37,0.097685,10.0
2026-09-18 08:38:02.326,buy,102.38,8.467456,866.88
2026-09-18 08:38:10.011,sell,102.38,12.017846,1230.36
2026-09-18 08:38:16.770,sell,102.38,0.114481,11.72
2026-09-18 08:38:28.405,sell,102.38,0.206671,21.16
2026-09-18 08:38:40.437,sell,102.38,0.282065,28.88
2026-09-18 08:38:44.721,sell,102.38,0.338979,34.7
2026-09-18 08:38:57.265,buy,102.38,0.470336,48.15
2026-09-18 08:38:57.645,buy,102.38,0.289788,29.67
2026-09-18 08:39:04.223,sell,102.31,1.601813,163.88
2026-09-18 08:39:06.517,sell,102.31,0.251746,25.76
2026-09-18 08:39:27.799,sell,102.31,0.097744,10.0
2026-09-18 08:39:33.761,buy,102.31,0.956166,97.82
2026-09-18 08:39:42.254,buy,102.31,5.240968,536.19
2026-09-18 08:39:49.301,sell,102.31,0.417796,42.74
2026-09-18 08:39:52.225,sell,102.31,0.144106,14.74
2026-09-18 08:40:17.100,sell,102.37,0.372843,38.17
2026-09-18 08:40:26.410,sell,102.37,0.097682,10.0
2026-09-18 08:40:43.928,buy,102.37,0.097682,10.0
2026-09-18 08:41:02.555,buy,102.38,0.445847,45.65
2026-09-18 08:41:10.006,sell,102.38,0.103553,10.6
2026-09-18 08:41:16.314,buy,102.38,0.603037,61.74
2026-09-18 08:41:24.008,buy,102.38,0.214209,21.93
2026-09-18 08:41:33.578,sell,102.38,0.097675,10.0
2026-09-18 08:41:33.812,buy,102.38,0.097675,10.0
2026-09-18 08:41:40.072,sell,102.38,0.713516,73.05
2026-09-18 08:42:00.254,buy,102.38,0.097679,10.0
2026-09-18 08:42:16.770,buy,102.38,0.278555,28.52
2026-09-18 08:42:18.628,buy,102.38,0.097679,10.0
2026-09-18 08:43:01.630,sell,102.38,0.238427,24.41
2026-09-18 08:43:01.670,sell,102.38,0.097677,10.0
2026-09-18 08:43:08.913,buy,102.38,0.097677,10.0
2026-09-18 08:43:11.141,sell,102.38,0.191786,19.63
2026-09-18 08:43:18.842,buy,102.38,0.571392,58.5
2026-09-18 08:43:35.904,buy,102.38,0.628247,64.32
2026-09-18 08:43:36.592,buy,102.38,11.071097,1133.44
2026-09-18 08:43:43.940,sell,102.38,2.159919,221.13
2026-09-18 08:44:06.618,buy,102.41,0.197727,20.25
2026-09-18 08:44:22.617,sell,102.41,0.205297,21.02
2026-09-18 08:44:24.225,buy,102.41,0.097646,10.0
2026-09-18 08:44:31.440,sell,102.41,0.097646,10.0
2026-09-18 08:44:38.239,sell,102.41,1.165945,119.41
2026-09-18 08:44:56.917,sell,102.41,0.269328,27.58
2026-09-18 08:45:04.417,buy,102.35,0.097704,10.0
2026-09-18 08:45:13.228,sell,102.35,0.40056,41.0
2026-09-18 08:45:19.282,sell,102.35,0.097704,10.0
2026-09-18 08:45:22.133,buy,102.35,0.29509,30.2
2026-09-18 08:45:40.321,buy,102.35,0.723252,74.02
2026-09-18 08:45:48.353,buy,102.35,0.519295,53.15
2026-09-18 08:46:08.119,buy,102.39,0.496038,50.79
2026-09-18 08:46:13.678,sell,102.39,0.097668,10.0
2026-09-18 08:46:15.950,buy,102.39,0.097668,10.0
2026-09-18 08:46:26.348,sell,102.39,0.334228,34.22
2026-09-18 08:47:06.695,sell,102.44,0.097618,10.0
2026-09-18 08:47:15.784,sell,102.44,0.305766,31.32
2026-09-18 08:47:27.109,buy,102.44,1.685957,172.71
2026-09-18 08:47:53.867,sell,102.44,4.074581,417.4
2026-09-18 08:47:59.052,sell,102.44,0.308186,31.57
2026-09-18 08:47:59.842,buy,102.44,1.065383,109.14
2026-09-18 08:48:12.487,sell,102.44,0.99521,101.95
2026-09-18 08:48:19.586,sell,102.44,0.106548,10.92
2026-09-18 08:48:19.907,buy,102.44,14.074399,1441.84
2026-09-18 08:48:25.601,sell,102.44,0.097614,10.0
2026-09-18 08:48:32.383,buy,102.44,0.284048,29.1
2026-09-18 08:48:38.079,sell,102.44,0.097614,10.0
2026-09-18 08:48:42.579,buy,102.44,0.190094,19.47
2026-09-18 08:49:18.767,buy,102.42,0.743526,76.15
2026-09-18 08:49:22.842,buy,102.42,1.096175,112.27
2026-09-18 08:49:26.910,sell,102.42,1.135045,116.25
2026-09-18 08:49:32.153,sell,102.42,1.29281,132.41
2026-09-18 08:49:53.705,sell,102.42,5.676057,581.34
2026-09-18 08:49:54.052,buy,102.42,0.097638,10.0
2026-09-18 08:50:04.190,sell,102.51,0.097548,10.0
2026-09-18 08:50:23.004,sell,102.51,0.097548,10.0
2026-09-18 08:50:50.330,sell,102.51,0.155866,15.98
2026-09-18 08:51:08.963,buy,102.52,0.10539,10.8
2026-09-18 08:51:12.602,buy,102.52,0.097539,10.0
2026-09-18 08:51:29.478,buy,102.52,0.394725,40.47
2026-09-18 08:51:31.561,sell,102.52,0.097539,10.0
2026-09-18 08:51:40.454,sell,102.52,0.340202,34.88
2026-09-18 08:51:46.935,buy,102.52,0.562605,57.68
2026-09-18 08:51:55.499,sell,102.52,5.44064,557.79
2026-09-18 08:51:58.274,sell,102.52,0.097539,10.0
2026-09-18 08:52:00.573,buy,102.46,0.718029,73.57
2026-09-18 08:52:05.449,sell,102.46,0.097598,10.0
2026-09-18 08:52:12.302,buy,102.46,0.715568,73.32
2026-09-18 08:52:56.976,sell,102.46,0.097598,10.0
2026-09-18 08:53:00.396,sell,102.46,0.251703,25.79
2026-09-18 08:53:01.986,sell,102.46,0.433219,44.39
2026-09-18 08:53:10.332,sell,102.46,0.132824,13.61
2026-09-18 08:53:19.997,buy,102.46,0.097603,10.0
2026-09-18 08:53:20.854,buy,102.46,0.442226,45.31
2026-09-18 08:53:53.295,buy,102.46,0.249922,25.61
2026-09-18 08:54:14.164,sell,102.49,0.162566,16.66
2026-09-18 08:54:28.311,sell,102.49,2.913718,298.61
2026-09-18 08:54:54.599,buy,102.49,2.937329,301.03
2026-09-18 08:54:56.939,sell,102.49,0.181192,18.57
2026-09-18 08:54:57.323,buy,102.49,0.097575,10.0
2026-09-18 08:55:01.128,buy,102.45,10.215792,1046.62
2026-09-18 08:55:14.255,sell,102.45,0.097607,10.0
2026-09-18 08:55:30.955,sell,102.45,0.390397,40.0
2026-09-18 08:55:33.614,buy,102.45,0.097607,10.0
2026-09-18 08:55:34.135,sell,102.45,0.097607,10.0
2026-09-18 08:55:47.276,buy,102.45,0.097607,10.0
2026-09-18 08:55:50.425,sell,102.45,0.097607,10.0
2026-09-18 08:55:59.924,sell,102.45,1.698241,173.99
2026-09-18 08:56:04.507,sell,102.41,0.136183,13.95
2026-09-18 08:56:09.539,buy,102.41,0.097647,10.0
2026-09-18 08:56:13.229,sell,102.41,0.32567,33.35
2026-09-18 08:56:34.183,buy,102.41,1.134711,116.21
2026-09-18 08:56:36.129,buy,102.41,0.155427,15.92
2026-09-18 08:56:45.842,buy,102.41,0.097647,10.0
2026-09-18 08:56:59.359,buy,102.41,6.167678,631.63
2026-09-18 08:57:14.247,sell,102.33,0.692869,70.9
2026-09-18 08:57:21.921,buy,102.33,0.125234,12.81
2026-09-18 08:57:41.641,sell,102.33,0.404042,41.34
2026-09-18 08:57:43.953,sell,102.33,0.278294,28.48
2026-09-18 08:57:48.997,buy,102.33,0.803358,82.21
2026-09-18 08:57:50.052,buy,102.33,1.439279,147.28
2026-09-18 08:57:56.515,buy,102.33,1.296038,132.62
2026-09-18 08:57:59.072,sell,102.33,0.798407,81.7
2026-09-18 08:58:00.087,sell,102.3,0.667308,68.27
2026-09-18 08:58:01.130,sell,102.3,1.762762,180.34
2026-09-18 08:58:17.925,sell,102.3,6.374142,652.09
2026-09-18 08:58:38.140,sell,102.3,3.15907,323.18
2026-09-18 08:59:17.379,buy,102.09,0.102383,10.45
2026-09-18 08:59:46.846,sell,102.09,0.097951,10.0
2026-09-18 08:59:51.964,sell,102.09,5.55837,567.46
2026-09-18 09:00:16.450,buy,102.16,0.097888,10.0
2026-09-18 09:00:25.259,sell,102.16,0.097888,10.0
2026-09-18 09:00:28.157,buy,102.16,0.097888,10.0
2026-09-18 09:00:35.792,buy,102.16,0.182861,18.68
2026-09-18 09:00:37.387,buy,102.16,1.221676,124.8
2026-09-18 09:00:55.402,sell,102.16,0.097888,10.0
2026-09-18 09:01:01.108,sell,102.19,0.097856,10.0
2026-09-18 09:01:10.010,buy,102.19,0.50959,52.08
2026-09-18 09:01:11.127,sell,102.19,0.097856,10.0
2026-09-18 09:01:36.679,sell,102.19,0.226667,23.16
2026-09-18 09:01:47.282,buy,102.19,0.160753,16.43
2026-09-18 09:01:47.422,buy,102.19,0.133919,13.69
2026-09-18 09:02:04.231,buy,102.15,0.12818,13.09
2026-09-18 09:02:22.838,buy,102.15,0.097899,10.0
2026-09-18 09:02:44.497,buy,102.15,0.323224,33.02
2026-09-18 09:02:53.725,buy,102.15,1.161482,118.64
2026-09-18 09:02:57.207,sell,102.15,1.67084,170.67
2026-09-18 09:02:57.971,buy,102.15,0.097899,10.0
2026-09-18 09:03:42.873,sell,102.23,0.429897,43.95
2026-09-18 09:03:56.413,buy,102.23,0.097814,10.0
2026-09-18 09:03:59.018,sell,102.23,0.600541,61.4
2026-09-18 09:04:09.429,sell,102.32,0.274918,28.13
2026-09-18 09:04:18.690,buy,102.32,0.097737,10.0
2026-09-18 09:04:29.283,buy,102.32,2.295866,234.9
2026-09-18 09:04:30.397,buy,102.32,0.097737,10.0
2026-09-18 09:04:35.471,sell,102.32,3.012586,308.23
2026-09-18 09:04:37.880,buy,102.32,0.915123,93.63
2026-09-18 09:04:52.221,buy,102.32,2.0965,214.5
2026-09-18 09:04:54.149,buy,102.32,0.856554,87.64
2026-09-18 09:05:04.045,sell,102.28,1.51268,154.72
2026-09-18 09:05:41.183,sell,102.28,1.5488,158.41
2026-09-18 09:05:46.177,sell,102.28,0.337292,34.5
2026-09-18 09:06:01.101,sell,102.31,5.361131,548.5
2026-09-18 09:06:11.367,sell,102.31,0.654337,66.95
2026-09-18 09:06:37.471,sell,102.31,0.097741,10.0
2026-09-18 09:06:42.471,buy,102.31,0.654149,66.93
2026-09-18 09:06:50.442,buy,102.31,0.097741,10.0
2026-09-18 09:07:04.374,buy,102.32,0.410007,41.95
2026-09-18 09:07:13.691,sell,102.32,2.685985,274.83
2026-09-18 09:07:24.183,sell,102.32,0.097733,10.0
2026-09-18 09:07:27.027,buy,102.32,0.097733,10.0
2026-09-18 09:07:32.137,sell,102.32,0.097733,10.0
2026-09-18 09:07:53.035,sell,102.32,0.263962,27.01
2026-09-18 09:07:56.685,sell,102.32,1.357062,138.85
2026-09-18 09:08:06.159,buy,102.3,1.729703,176.95
2026-09-18 09:08:07.220,buy,102.3,0.24036,24.59
2026-09-18 09:08:12.714,buy,102.3,0.09775,10.0
2026-09-18 09:08:25.592,buy,102.3,0.09775,10.0
2026-09-18 09:08:36.867,buy,102.3,1.069132,109.37
2026-09-18 09:09:10.108,sell,102.28,0.876872,89.69
2026-09-18 09:09:11.171,sell,102.28,9.058248,926.5
2026-09-18 09:09:13.856,sell,102.28,0.304432,31.14
2026-09-18 09:09:14.927,sell,102.28,0.097769,10.0
2026-09-18 09:09:21.217,buy,102.28,1.276747,130.59
2026-09-18 09:10:13.588,sell,102.26,0.97265,99.46
2026-09-18 09:10:17.910,sell,102.26,0.102969,10.53
2026-09-18 09:10:55.039,sell,102.26,1.166788,119.32
2026-09-18 09:11:01.880,buy,102.39,0.913814,93.57
2026-09-18 09:11:20.546,buy,102.39,0.146011,14.95
2026-09-18 09:11:25.271,sell,102.39,0.126989,13.0
2026-09-18 09:12:02.278,sell,102.49,8.890041,911.1
2026-09-18 09:12:05.296,buy,102.49,3.452862,353.87
2026-09-18 09:12:17.692,sell,102.49,0.178419,18.29
2026-09-18 09:12:33.225,sell,102.49,0.144542,14.81
2026-09-18 09:12:33.800,sell,102.49,0.308828,31.65
2026-09-18 09:12:37.269,sell,102.49,22.716956,2328.17
2026-09-18 09:12:52.151,buy,102.49,1.10875,113.63
2026-09-18 09:13:03.894,sell,102.45,0.313804,32.15
2026-09-18 09:13:06.129,sell,102.45,0.097609,10.0
2026-09-18 09:13:15.371,buy,102.45,0.119936,12.29
2026-09-18 09:13:15.711,sell,102.45,0.097609,10.0
2026-09-18 09:13:21.712,buy,102.45,0.1124,11.52
2026-09-18 09:13:29.151,buy,102.45,0.605226,62.01
2026-09-18 09:13:32.736,sell,102.45,0.765249,78.4
2026-09-18 09:14:25.510,sell,102.45,0.588799,60.32
2026-09-18 09:14:41.622,buy,102.45,0.795441,81.49
2026-09-18 09:14:49.561,sell,102.45,0.257911,26.42
2026-09-18 09:15:03.895,sell,102.54,0.213417,21.88
2026-09-18 09:15:15.885,buy,102.54,18.842111,1932.0
2026-09-18 09:15:33.226,buy,102.54,0.097526,10.0
2026-09-18 09:16:11.166,sell,102.56,0.097505,10.0
2026-09-18 09:16:16.571,buy,102.56,0.634474,65.07
2026-09-18 09:16:26.765,sell,102.56,0.569761,58.43
2026-09-18 09:16:56.365,sell,102.56,1.881436,192.96
2026-09-18 09:17:16.887,sell,102.62,0.097449,10.0
2026-09-18 09:17:30.818,sell,102.62,3.874911,397.64
2026-09-18 09:17:55.805,buy,102.62,3.052686,313.26
2026-09-18 09:17:56.686,sell,102.62,0.097449,10.0
2026-09-18 09:17:59.891,sell,102.62,0.292832,30.05
2026-09-18 09:18:01.586,buy,102.65,0.237181,24.35
2026-09-18 09:18:17.520,buy,102.65,0.361925,37.15
2026-09-18 09:18:21.456,buy,102.65,0.136373,14.0
2026-09-18 09:18:54.163,sell,102.65,1.654134,169.8
2026-09-18 09:19:16.763,buy,102.64,3.599488,369.46
2026-09-18 09:19:39.399,sell,102.64,0.409547,42.04
2026-09-18 09:19:40.875,buy,102.64,0.495811,50.89
2026-09-18 09:19:50.108,sell,102.64,0.299123,30.7
2026-09-18 09:20:12.674,sell,102.58,0.097485,10.0
2026-09-18 09:20:35.584,buy,102.58,0.097485,10.0
2026-09-18 09:20:37.248,sell,102.58,1.776327,182.22
2026-09-18 09:20:55.094,sell,102.58,1.385741,142.15
2026-09-18 09:20:58.287,buy,102.58,1.084444,111.24
2026-09-18 09:21:06.043,sell,102.6,0.09747,10.0
2026-09-18 09:21:29.983,buy,102.6,0.116697,11.97
2026-09-18 09:21:39.579,sell,102.6,1.077397,110.54
2026-09-18 09:21:57.539,buy,102.6,5.222895,535.85
2026-09-18 09:21:59.649,sell,102.6,0.881961,90.49
2026-09-18 09:22:13.239,buy,102.63,0.221478,22.73
2026-09-18 09:22:13.890,buy,102.63,0.097437,10.0
2026-09-18 09:22:25.430,buy,102.63,0.097437,10.0
2026-09-18 09:22:30.750,buy,102.63,0.313908,32.22
2026-09-18 09:22:31.286,sell,102.63,0.223503,22.94
2026-09-18 09:22:48.809,buy,102.63,0.667235,68.48
2026-09-18 09:22:51.280,buy,102.63,16.888368,1733.26
2026-09-18 09:22:59.556,sell,102.63,0.158939,16.31
2026-09-18 09:23:04.037,buy,102.6,1.430278,146.75
2026-09-18 09:23:11.461,sell,102.6,9.766482,1002.04
2026-09-18 09:23:34.633,buy,102.6,0.097466,10.0
2026-09-18 09:24:03.814,buy,102.56,4.484365,459.94
2026-09-18 09:24:38.667,buy,102.56,0.79478,81.52
2026-09-18 09:24:43.828,sell,102.56,0.400236,41.05
2026-09-18 09:24:50.131,sell,102.56,3.248415,333.17
2026-09-18 09:24:53.789,buy,102.56,0.157886,16.19
2026-09-18 09:25:14.760,sell,102.54,0.09752,10.0
2026-09-18 09:25:19.694,buy,102.54,0.255897,26.24
2026-09-18 09:25:30.217,sell,102.54,2.346273,240.59
2026-09-18 09:25:40.111,sell,102.54,0.933283,95.7
2026-09-18 09:25:54.211,buy,102.54,3.712182,380.66
2026-09-18 09:26:42.943,buy,102.64,1.052336,108.01
2026-09-18 09:26:50.378,buy,102.64,0.812386,83.38
2026-09-18 09:26:58.466,sell,102.64,0.120148,12.33
2026-09-18 09:27:05.634,sell,102.57,0.92253,94.63
2026-09-18 09:27:12.103,sell,102.57,1.264875,129.74
2026-09-18 09:27:27.007,buy,102.57,0.515586,52.89
2026-09-18 09:27:31.292,buy,102.57,0.263826,27.06
2026-09-18 09:27:31.384,buy,102.57,0.097491,10.0
2026-09-18 09:27:34.798,sell,102.57,0.361753,37.11
2026-09-18 09:27:44.370,sell,102.57,0.403417,41.38
2026-09-18 09:27:55.127,sell,102.57,0.316038,32.42
2026-09-18 09:28:11.903,buy,102.57,1.240264,127.21
2026-09-18 09:28:28.456,sell,102.57,0.704166,72.23
2026-09-18 09:28:33.275,buy,102.57,0.48319,49.56
2026-09-18 09:28:33.427,sell,102.57,4.155883,426.26
2026-09-18 09:28:44.066,sell,102.57,1.041523,106.83
2026-09-18 09:28:55.045,sell,102.57,2.262299,232.04
2026-09-18 09:28:57.002,sell,102.57,0.097496,10.0
2026-09-18 09:28:59.916,sell,102.57,0.130716,13.41
2026-09-18 09:29:11.137,buy,102.61,0.13682,14.04
2026-09-18 09:29:16.602,buy,102.61,0.097456,10.0
2026-09-18 09:29:17.500,sell,102.61,0.552837,56.73
2026-09-18 09:29:25.376,sell,102.61,0.540769,55.49
2026-09-18 09:29:38.601,buy,102.61,0.262758,26.96
2026-09-18 09:29:42.914,sell,102.61,2.24536,230.4
2026-09-18 09:29:47.726,buy,102.61,0.097456,10.0
2026-09-18 09:30:14.353,sell,102.78,0.61229,62.93
2026-09-18 09:30:35.412,sell,102.78,0.192666,19.8
2026-09-18 09:30:35.436,sell,102.78,0.494122,50.78
2026-09-18 09:30:48.784,buy,102.78,0.404989,41.62
2026-09-18 09:30:49.568,buy,102.78,1.291514,132.74
2026-09-18 09:31:07.233,buy,102.7,0.48277,49.58
2026-09-18 09:31:11.741,buy,102.7,0.097571,10.02
2026-09-18 09:31:15.388,sell,102.7,0.097371,10.0
2026-09-18 09:31:39.849,buy,102.7,0.135323,13.9
2026-09-18 09:31:44.335,sell,102.7,0.575904,59.15
2026-09-18 09:31:46.094,buy,102.7,0.19287,19.81
2026-09-18 09:32:08.514,buy,102.65,0.853359,87.6
2026-09-18 09:32:11.536,sell,102.65,0.123129,12.64
2026-09-18 09:32:17.351,sell,102.65,0.133394,13.69
2026-09-18 09:32:20.069,buy,102.65,1.007558,103.43
2026-09-18 09:32:21.434,buy,102.65,0.097416,10.0
2026-09-18 09:32:24.158,sell,102.65,0.484965,49.78
2026-09-18 09:32:49.310,sell,102.65,0.262079,26.9
2026-09-18 09:33:05.583,sell,102.68,0.097385,10.0
2026-09-18 09:33:10.708,sell,102.68,0.097385,10.0
2026-09-18 09:33:17.405,sell,102.68,1.266172,130.02
2026-09-18 09:33:33.689,sell,102.68,3.062836,314.51
2026-09-18 09:34:06.116,sell,102.61,0.256496,26.32
2026-09-18 09:34:09.754,sell,102.61,0.097456,10.0
2026-09-18 09:34:11.228,sell,102.61,2.834969,290.9
2026-09-18 09:34:18.105,sell,102.61,0.897364,92.08
2026-09-18 09:34:19.580,buy,102.61,0.375922,38.57
2026-09-18 09:34:21.915,buy,102.61,0.338394,34.72
2026-09-18 09:34:56.419,buy,102.61,0.097456,10.0
2026-09-18 09:35:08.719,sell,102.64,0.097429,10.0
2026-09-18 09:35:26.088,buy,102.64,0.56963,58.47
2026-09-18 09:35:32.426,sell,102.64,0.166755,17.12
2026-09-18 09:36:21.256,sell,102.71,0.388636,39.92
2026-09-18 09:36:22.213,sell,102.71,0.097359,10.0
2026-09-18 09:36:36.057,buy,102.71,0.309521,31.79
2026-09-18 09:36:37.258,sell,102.71,0.190583,19.58
2026-09-18 09:36:44.766,sell,102.71,0.097359,10.0
2026-09-18 09:37:11.505,sell,102.8,0.694549,71.4
2026-09-18 09:37:22.582,buy,102.8,2.909645,299.12
2026-09-18 09:37:33.118,sell,102.8,1.371169,140.96
2026-09-18 09:37:53.445,sell,102.8,6.930904,712.51
2026-09-18 09:37:53.736,buy,102.8,0.774989,79.67
2026-09-18 09:38:08.961,sell,102.63,0.649217,66.63
2026-09-18 09:38:17.544,buy,102.63,0.097435,10.0
2026-09-18 09:38:27.433,sell,102.63,0.62886,64.54
2026-09-18 09:38:47.327,sell,102.63,0.097435,10.0
2026-09-18 09:38:50.841,sell,102.63,0.249573,25.61
2026-09-18 09:39:18.584,sell,102.68,0.335338,34.43
2026-09-18 09:39:41.686,buy,102.68,0.286465,29.41
2026-09-18 09:39:55.699,buy,102.68,0.199829,20.52
2026-09-18 09:40:12.183,buy,102.65,0.128172,13.16
2026-09-18 09:40:19.349,buy,102.65,0.114995,11.8
2026-09-18 09:40:25.140,buy,102.65,0.097418,10.0
2026-09-18 09:40:28.115,buy,102.65,0.488154,50.11
2026-09-18 09:40:36.406,sell,102.65,0.536181,55.04
2026-09-18 09:40:45.667,sell,102.65,2.870596,294.67
2026-09-18 09:40:54.244,buy,102.65,0.376516,38.65
2026-09-18 09:40:55.399,sell,102.65,2.1439,220.07
2026-09-18 09:41:15.785,sell,102.57,1.115779,114.44
2026-09-18 09:41:34.070,buy,102.57,1.968293,201.88
2026-09-18 09:41:41.882,buy,102.57,0.899478,92.26
2026-09-18 09:42:09.111,buy,102.42,0.097634,10.0
2026-09-18 09:42:46.642,buy,102.42,0.120238,12.32
2026-09-18 09:42:47.289,buy,102.42,0.745355,76.34
2026-09-18 09:43:00.138,buy,102.3,0.186106,19.04
2026-09-18 09:43:02.390,sell,102.3,0.401348,41.06
2026-09-18 09:43:05.122,sell,102.3,0.160515,16.42
2026-09-18 09:43:16.041,buy,102.3,0.097751,10.0
2026-09-18 09:43:27.527,buy,102.3,0.524865,53.69
2026-09-18 09:43:43.983,buy,102.3,0.146644,15.0
2026-09-18 09:43:46.266,buy,102.3,0.097751,10.0
2026-09-18 09:43:49.284,sell,102.3,1.812267,185.4
2026-09-18 09:44:10.921,sell,102.25,0.789874,80.77
2026-09-18 09:44:14.157,sell,102.25,0.160815,16.44
2026-09-18 09:44:37.834,buy,102.25,0.126159,12.9
2026-09-18 09:44:40.539,sell,102.25,0.994424,101.68
2026-09-18 09:44:49.477,buy,102.25,1.236089,126.39
2026-09-18 09:44:53.590,buy,102.25,0.31431,32.14
2026-09-18 09:44:56.104,buy,102.25,0.156177,15.97
2026-09-18 09:44:57.354,sell,102.25,0.203256,20.78
2026-09-18 09:45:11.892,sell,102.27,0.207216,21.19
2026-09-18 09:45:27.662,buy,102.27,0.097785,10.0
2026-09-18 09:45:29.482,sell,102.27,0.789393,80.73
2026-09-18 09:45:32.119,buy,102.27,0.097785,10.0
2026-09-18 09:45:33.820,buy,102.27,0.840166,85.92
2026-09-18 09:45:52.780,buy,102.27,0.323172,33.05
2026-09-18 09:46:07.363,sell,102.17,13.672701,1396.98
2026-09-18 09:46:14.134,sell,102.17,2.634108,269.13
2026-09-18 09:46:28.363,buy,102.17,0.221076,22.59
2026-09-18 09:46:28.936,sell,102.17,0.944271,96.48
2026-09-18 09:46:32.179,buy,102.17,0.198084,20.24
2026-09-18 09:46:52.751,buy,102.17,0.350674,35.83
2026-09-18 09:46:54.484,buy,102.17,0.263335,26.91
2026-09-18 09:47:06.854,sell,102.17,0.186579,19.06
2026-09-18 09:47:13.990,sell,102.17,1.654512,169.04
2026-09-18 09:47:52.622,buy,102.17,0.097875,10.0
2026-09-18 09:47:56.264,sell,102.17,0.931083,95.13
2026-09-18 09:48:10.795,sell,102.11,0.28491,29.09
2026-09-18 09:48:19.468,buy,102.11,0.097932,10.0
2026-09-18 09:48:25.350,sell,102.11,0.124032,12.67
2026-09-18 09:48:47.985,buy,102.11,0.097932,10.0
2026-09-18 09:49:04.619,buy,102.13,1.837225,187.63
2026-09-18 09:49:11.274,buy,102.13,6.76164,690.55
2026-09-18 09:49:12.746,sell,102.13,0.616693,62.98
2026-09-18 09:49:19.751,buy,102.13,0.097917,10.0
2026-09-18 09:49:35.298,sell,102.13,0.649703,66.35
2026-09-18 09:49:46.623,sell,102.13,0.287802,29.39
2026-09-18 09:49:50.628,sell,102.13,0.097917,10.0
2026-09-18 09:49:50.919,sell,102.13,0.108153,11.05
2026-09-18 09:50:05.449,sell,102.15,1.049067,107.16
2026-09-18 09:50:11.797,buy,102.15,0.097899,10.0
2026-09-18 09:50:16.394,sell,102.15,0.93203,95.2
2026-09-18 09:50:21.000,buy,99.4,100.603622,10000.0
2026-09-18 09:50:24.466,buy,102.15,1.210985,123.7
2026-09-18 09:50:24.984,sell,102.15,0.394924,40.34
2026-09-18 09:51:16.331,buy,102.12,0.115226,11.77
2026-09-18 09:51:17.965,buy,102.12,0.097922,10.0
2026-09-18 09:51:24.549,sell,102.12,0.217942,22.26
2026-09-18 09:51:33.905,buy,102.12,19.060783,1946.52
2026-09-18 09:51:44.077,buy,102.12,0.097922,10.0
2026-09-18 09:51:49.962,sell,102.12,0.383058,39.12
2026-09-18 09:52:12.083,buy,102.06,0.332173,33.9
2026-09-18 09:52:23.300,sell,102.06,0.397874,40.61
2026-09-18 09:52:42.256,sell,102.06,0.215545,22.0
2026-09-18 09:52:42.551,buy,102.06,1.120945,114.41
2026-09-18 09:53:22.603,buy,102.11,0.850172,86.81
2026-09-18 09:53:35.546,sell,102.11,0.317506,32.42
2026-09-18 09:53:54.906,sell,102.11,0.141155,14.41
2026-09-18 09:54:12.690,sell,102.05,0.250616,25.58
2026-09-18 09:54:20.488,buy,102.05,0.507672,51.81
2026-09-18 09:54:27.363,buy,102.05,3.085331,314.86
2026-09-18 09:54:55.957,sell,102.05,0.378893,38.67
2026-09-18 09:55:14.852,buy,102.09,0.108552,11.08
2026-09-18 09:55:36.532,buy,102.09,0.736802,75.22
2026-09-18 09:55:52.434,buy,102.09,0.107719,11.0
2026-09-18 09:55:53.528,buy,102.09,0.17663,18.03
2026-09-18 09:56:16.803,sell,102.09,0.11905,12.15
2026-09-18 09:56:42.847,buy,102.09,0.777738,79.4
2026-09-18 09:56:44.416,sell,102.09,0.372663,38.04
2026-09-18 09:57:00.219,sell,102.0,1.928407,196.69
2026-09-18 09:57:10.728,sell,102.0,1.93071,196.93
2026-09-18 09:57:29.287,buy,102.0,0.208561,21.27
2026-09-18 09:57:34.227,buy,102.0,0.098042,10.0
2026-09-18 09:57:45.480,sell,102.0,0.276003,28.15
2026-09-18 09:58:11.313,buy,101.88,0.150141,15.3
2026-09-18 09:58:13.122,sell,101.88,0.098159,10.0
2026-09-18 09:58:13.919,buy,101.88,0.167736,17.09
2026-09-18 09:58:37.172,buy,101.88,0.098159,10.0
2026-09-18 09:58:54.625,buy,101.88,0.304683,31.04
2026-09-18 09:58:59.101,sell,101.88,0.098159,10.0
2026-09-18 09:59:00.194,buy,101.84,0.098198,10.0
2026-09-18 09:59:09.782,sell,101.84,1.190429,121.23
2026-09-18 09:59:15.346,sell,101.84,0.152163,15.5
2026-09-18 10:00:03.553,buy,101.73,0.180482,18.36
2026-09-18 10:00:36.777,sell,101.73,0.728998,74.16
2026-09-18 10:00:45.892,sell,101.73,0.145427,14.79
2026-09-18 10:01:06.481,buy,101.7,6.149968,625.45
2026-09-18 10:01:17.415,sell,101.7,1.629872,165.76
2026-09-18 10:01:18.543,sell,101.7,0.098328,10.0
2026-09-18 10:01:25.339,sell,101.7,0.103485,10.52
2026-09-18 10:01:27.896,sell,101.7,0.233834,23.78
2026-09-18 10:01:29.008,buy,101.7,0.369185,37.55
2026-09-18 10:02:03.591,buy,101.76,0.098272,10.0
2026-09-18 10:02:33.775,buy,101.76,1.573475,160.11
2026-09-18 10:02:42.582,buy,101.76,0.444896,45.27
2026-09-18 10:02:58.629,sell,101.76,0.326184,33.19
2026-09-18 10:02:59.104,sell,101.76,0.425727,43.32
2026-09-18 10:03:06.165,buy,101.78,1.189736,121.09
2026-09-18 10:03:13.325,sell,101.78,0.129118,13.14
2026-09-18 10:03:15.487,sell,101.78,2.460754,250.46
2026-09-18 10:03:18.080,sell,101.78,0.73526,74.84
2026-09-18 10:03:19.561,buy,101.78,0.561586,57.16
2026-09-18 10:03:21.208,buy,101.78,1.444162,146.99
2026-09-18 10:03:30.967,buy,101.78,0.598588,60.93
2026-09-18 10:03:48.547,buy,101.78,0.238185,24.24
2026-09-18 10:04:06.327,sell,101.83,1.715527,174.69
2026-09-18 10:04:10.033,sell,101.83,0.098201,10.0
2026-09-18 10:04:22.561,buy,101.83,0.22769,23.19
2026-09-18 10:04:23.217,buy,101.83,0.334412,34.05
2026-09-18 10:04:33.395,sell,101.83,0.100731,10.26
2026-09-18 10:04:37.656,buy,101.83,0.098201,10.0
2026-09-18 10:04:40.438,buy,101.83,0.332643,33.87
2026-09-18 10:04:55.144,buy,101.83,0.311074,31.68
2026-09-18 10:05:25.996,buy,101.74,2.696443,274.35
2026-09-18 10:05:39.396,buy,101.74,1.946375,198.03
2026-09-18 10:05:44.529,buy,101.74,0.367874,37.43
2026-09-18 10:06:10.951,sell,101.76,6.333209,644.49
2026-09-18 10:06:21.379,buy,101.76,1.665413,169.48
2026-09-18 10:06:32.825,buy,101.76,0.176866,18.0
2026-09-18 10:06:37.805,buy,101.76,1.527771,155.47
2026-09-18 10:06:50.903,sell,101.76,0.098268,10.0
2026-09-18 10:07:26.591,buy,101.83,0.316884,32.27
2026-09-18 10:07:27.018,sell,101.83,0.184959,18.83
2026-09-18 10:07:33.441,sell,101.83,0.098207,10.0
2026-09-18 10:07:37.840,buy,101.83,0.098207,10.0
2026-09-18 10:07:40.796,buy,101.83,0.098207,10.0
2026-09-18 10:07:48.263,sell,101.83,0.12222,12.45
2026-09-18 10:08:01.506,sell,101.8,0.213745,21.76
2026-09-18 10:08:15.318,sell,101.8,1.38432,140.92
2026-09-18 10:08:22.462,sell,101.8,33.933492,3454.34
2026-09-18 10:08:22.613,buy,101.8,0.098234,10.0
2026-09-18 10:08:25.352,buy,101.8,0.523736,53.31
2026-09-18 10:08:28.130,sell,101.8,2.354635,239.7
2026-09-18 10:08:31.824,sell,101.8,0.188212,19.16
2026-09-18 10:08:31.957,sell,101.8,0.10755,10.95
2026-09-18 10:09:18.495,sell,101.71,0.288729,29.37
2026-09-18 10:09:19.073,sell,101.71,0.462677,47.06
2026-09-18 10:09:40.448,buy,101.71,0.098319,10.0
2026-09-18 10:09:41.387,buy,101.71,0.535994,54.52
2026-09-18 10:09:45.222,buy,101.71,1.188177,120.85
2026-09-18 10:10:02.308,buy,101.73,0.546199,55.56
2026-09-18 10:10:10.458,sell,101.73,0.098303,10.0
2026-09-18 10:10:12.894,buy,101.73,6.20978,631.7
2026-09-18 10:10:30.830,sell,101.73,0.098303,10.0
2026-09-18 10:10:48.899,buy,101.73,0.205017,20.86
2026-09-18 10:10:51.662,buy,101.73,0.851341,86.6
2026-09-18 10:11:07.738,buy,101.69,0.440281,44.77
2026-09-18 10:11:12.248,sell,101.69,2.496457,253.87
2026-09-18 10:11:18.797,sell,101.69,1.022561,103.99
2026-09-18 10:11:27.612,buy,101.69,0.098337,10.0
2026-09-18 10:11:32.114,sell,101.69,0.190823,19.4
2026-09-18 10:11:36.091,sell,101.69,0.379619,38.6
2026-09-18 10:11:41.943,buy,101.69,0.098337,10.0
2026-09-18 10:11:53.799,buy,101.69,0.766907,77.99
2026-09-18 10:12:21.995,buy,101.72,2.884786,293.44
2026-09-18 10:12:29.928,sell,101.72,0.321678,32.72
2026-09-18 10:12:32.470,buy,101.72,0.475403,48.36
2026-09-18 10:12:35.685,sell,101.72,3.573321,363.48
2026-09-18 10:12:44.858,buy,101.72,0.202012,20.55
2026-09-18 10:12:48.752,buy,101.72,0.364387,37.07
2026-09-18 10:12:51.160,buy,101.72,0.152939,15.56
2026-09-18 10:13:11.131,sell,101.76,1.301708,132.47
2026-09-18 10:13:12.306,sell,101.76,0.610048,62.08
2026-09-18 10:13:12.683,sell,101.76,0.739127,75.22
2026-09-18 10:14:16.469,sell,101.77,0.804561,81.88
2026-09-18 10:14:19.048,sell,101.77,0.1104,11.24
2026-09-18 10:14:27.729,sell,101.77,0.136426,13.88
2026-09-18 10:14:30.865,buy,101.77,0.701462,71.39
2026-09-18 10:14:35.698,sell,101.77,0.098262,10.0
2026-09-18 10:14:42.308,sell,101.77,3.642505,370.69
2026-09-18 10:14:47.874,buy,101.77,0.185749,18.9
2026-09-18 10:14:49.369,buy,101.77,0.193336,19.68
2026-09-18 10:15:05.642,buy,101.8,0.40826,41.56
2026-09-18 10:15:11.206,sell,101.8,0.146501,14.91
2026-09-18 10:15:11.914,sell,101.8,0.098228,10.0
2026-09-18 10:15:16.183,buy,101.8,0.231163,23.53
2026-09-18 10:15:30.690,sell,101.8,0.098228,10.0
2026-09-18 10:15:33.165,sell,101.8,0.317293,32.3
2026-09-18 10:16:16.969,buy,101.9,0.166233,16.94
2026-09-18 10:16:19.290,sell,101.9,2.45306,249.97
2026-09-18 10:16:23.119,sell,101.9,39.285509,4003.3
2026-09-18 10:16:29.599,sell,101.9,0.156098,15.91
2026-09-18 10:16:41.806,buy,101.9,0.098133,10.0
2026-09-18 10:16:41.994,sell,101.9,0.124065,12.64
2026-09-18 10:17:06.762,buy,101.86,0.250265,25.49
2026-09-18 10:17:27.954,sell,101.86,0.230703,23.5
2026-09-18 10:17:33.695,sell,101.86,0.09817,10.0
2026-09-18 10:17:37.244,buy,101.86,0.678058,69.07
2026-09-18 10:17:38.158,buy,101.86,2.645215,269.45
2026-09-18 10:17:39.038,buy,101.86,0.121584,12.39
2026-09-18 10:17:43.796,sell,101.86,0.74093,75.47
2026-09-18 10:18:04.389,sell,101.82,0.318003,32.38
2026-09-18 10:18:22.155,buy,101.82,0.099369,10.12
2026-09-18 10:18:29.247,sell,101.82,0.364471,37.11
2026-09-18 10:18:37.233,buy,101.82,0.106726,10.87
2026-09-18 10:19:02.617,sell,101.77,0.159664,16.25
2026-09-18 10:19:08.532,sell,101.77,0.098264,10.0
2026-09-18 10:19:11.143,sell,101.77,0.871713,88.71
2026-09-18 10:19:12.192,buy,101.77,0.098264,10.0
2026-09-18 10:19:17.907,sell,101.77,0.707526,72.0
2026-09-18 10:19:41.994,buy,101.77,0.761665,77.51
2026-09-18 10:19:44.523,buy,101.77,0.098264,10.0
2026-09-18 10:19:58.640,buy,101.77,0.541047,55.06
2026-09-18 10:20:04.822,buy,101.75,1.037466,105.56
2026-09-18 10:20:05.593,buy,101.75,0.18224,18.54
2026-09-18 10:20:17.432,buy,101.75,0.745626,75.87
2026-09-18 10:20:21.019,buy,101.75,1.074583,109.34
2026-09-18 10:20:26.489,sell,101.75,22.738544,2313.67
2026-09-18 10:20:31.884,buy,101.75,0.098279,10.0
2026-09-18 10:20:48.950,sell,101.75,1.915448,194.9
2026-09-18 10:21:02.635,sell,101.75,0.098281,10.0
2026-09-18 10:21:27.843,buy,101.75,0.693759,70.59
2026-09-18 10:21:30.253,buy,101.75,3.612108,367.53
2026-09-18 10:21:35.497,sell,101.75,0.262898,26.75
2026-09-18 10:21:51.347,sell,101.75,2.173247,221.13
2026-09-18 10:22:10.297,sell,101.7,0.115074,11.7
2026-09-18 10:22:51.143,buy,101.7,0.179762,18.28
2026-09-18 10:22:53.979,buy,101.7,0.09833,10.0
2026-09-18 10:22:57.969,sell,101.7,0.09833,10.0
2026-09-18 10:23:05.241,buy,101.56,0.518618,52.67
2026-09-18 10:23:19.511,buy,101.56,0.251479,25.54
2026-09-18 10:23:27.089,buy,101.56,1.860491,188.95
2026-09-18 10:24:23.363,buy,101.63,0.098394,10.0
2026-09-18 10:24:23.592,sell,101.63,0.471603,47.93
2026-09-18 10:24:34.775,buy,101.63,0.098394,10.0
2026-09-18 10:24:53.163,buy,101.63,0.169949,17.27
2026-09-18 10:25:26.154,buy,101.59,0.098437,10.0
2026-09-18 10:25:51.339,sell,101.59,0.590248,59.96
2026-09-18 10:25:52.106,sell,101.59,0.963466,97.88
2026-09-18 10:26:11.898,sell,101.6,12.021343,1221.38
2026-09-18 10:26:28.867,buy,101.6,1.455459,147.88
2026-09-18 10:26:29.315,sell,101.6,2.647292,268.97
2026-09-18 10:26:48.988,sell,101.6,0.158056,16.06
2026-09-18 10:26:58.125,sell,101.6,0.517093,52.54
2026-09-18 10:27:07.138,buy,101.67,2.5777,262.08
2026-09-18 10:27:17.375,buy,101.67,0.503659,51.21
2026-09-18 10:27:28.891,sell,101.67,0.279298,28.4
2026-09-18 10:27:43.196,sell,101.67,0.953364,96.93
2026-09-18 10:27:45.529,buy,101.67,0.414159,42.11
2026-09-18 10:28:04.102,buy,101.69,0.610164,62.05
2026-09-18 10:28:08.117,buy,101.69,10.519818,1069.76
2026-09-18 10:28:24.074,buy,101.69,0.145343,14.78
2026-09-18 10:28:24.856,buy,101.69,0.118272,12.03
2026-09-18 10:29:02.005,buy,101.63,0.338909,34.44
2026-09-18 10:29:14.725,buy,101.63,0.772042,78.46
2026-09-18 10:29:29.980,sell,101.63,1.182525,120.18
2026-09-18 10:29:49.579,buy,101.63,0.351093,35.68
2026-09-18 10:30:08.327,buy,101.62,0.098404,10.0
2026-09-18 10:30:21.509,buy,101.62,1.081374,109.89
2026-09-18 10:30:27.760,buy,101.62,0.248035,25.21
2026-09-18 10:30:44.027,sell,101.62,0.098404,10.0
2026-09-18 10:30:47.949,buy,101.62,1.925047,195.63
2026-09-18 10:31:00.527,buy,101.59,0.38298,38.91
2026-09-18 10:31:03.171,buy,101.59,2.34143,237.87
2026-09-18 10:31:04.255,buy,101.59,0.141864,14.41
2026-09-18 10:31:09.997,sell,101.59,2.315382,235.23
2026-09-18 10:31:37.186,sell,101.59,0.305913,31.08
2026-09-18 10:32:08.304,buy,101.64,0.09839,10.0
2026-09-18 10:32:11.101,sell,101.64,0.09839,10.0
2026-09-18 10:32:17.223,sell,101.64,3.463065,351.97
2026-09-18 10:32:55.621,buy,101.64,0.390813,39.72
2026-09-18 10:33:02.588,buy,101.54,0.43781,44.46
2026-09-18 10:33:06.036,sell,101.54,0.098479,10.0
2026-09-18 10:33:50.469,buy,101.54,0.976663,99.17
2026-09-18 10:33:52.118,sell,101.54,0.115719,11.75
2026-09-18 10:34:00.050,buy,101.51,0.185925,18.87
2026-09-18 10:34:02.321,buy,101.51,0.358966,36.44
2026-09-18 10:34:04.894,sell,101.51,3.018042,306.35
2026-09-18 10:34:12.207,buy,101.51,0.098515,10.0
2026-09-18 10:34:24.741,buy,101.51,0.098515,10.0
2026-09-18 10:35:01.284,sell,101.56,0.098466,10.0
2026-09-18 10:35:10.796,buy,101.56,0.374631,38.05
2026-09-18 10:35:38.526,buy,101.56,7.795116,791.65
2026-09-18 10:35:47.118,sell,101.56,0.098466,10.0
2026-09-18 10:35:59.207,buy,101.56,0.23017,23.38
2026-09-18 10:36:01.159,sell,101.66,0.217784,22.14
2026-09-18 10:36:06.714,sell,101.66,0.347721,35.35
2026-09-18 10:36:23.358,sell,101.66,0.482205,49.02
2026-09-18 10:36:32.753,buy,101.66,0.933225,94.87
2026-09-18 10:36:46.133,sell,101.66,0.098364,10.0
2026-09-18 10:37:29.517,sell,101.6,0.218993,22.25
2026-09-18 10:37:36.011,sell,101.6,0.695148,70.62
2026-09-18 10:37:50.188,sell,101.6,0.291484,29.61
2026-09-18 10:38:06.768,sell,101.66,0.098366,10.0
2026-09-18 10:38:21.993,sell,101.66,0.587375,59.71
2026-09-18 10:38:53.522,sell,101.66,0.247007,25.11
2026-09-18 10:39:18.148,buy,101.57,0.098458,10.0
2026-09-18 10:39:18.369,buy,101.57,0.098458,10.0
2026-09-18 10:39:28.998,sell,101.57,0.098458,10.0
2026-09-18 10:40:00.084,sell,101.54,0.665837,67.61
2026-09-18 10:40:03.899,buy,101.54,11.224982,1139.81
2026-09-18 10:40:26.441,buy,101.54,0.098481,10.0
2026-09-18 10:40:37.846,buy,101.54,1.054674,107.09
2026-09-18 10:40:48.886,sell,101.54,0.248873,25.27
2026-09-18 10:41:24.692,buy,101.51,0.271888,27.6
2026-09-18 10:41:24.727,buy,101.51,3.333425,338.38
2026-09-18 10:41:39.892,buy,101.51,0.109515,11.12
2026-09-18 10:41:55.908,sell,101.51,0.246016,24.97
2026-09-18 10:42:06.564,sell,101.61,0.466337,47.38
2026-09-18 10:42:27.102,buy,101.61,0.098416,10.0
2026-09-18 10:42:31.884,buy,101.61,0.098416,10.0
2026-09-18 10:42:35.953,sell,101.61,3.998641,406.3
2026-09-18 10:42:59.385,sell,101.61,0.820312,83.35
2026-09-18 10:43:05.171,buy,101.51,0.350538,35.58
2026-09-18 10:43:16.008,buy,101.51,0.099323,10.08
2026-09-18 10:43:29.971,sell,101.51,0.21408,21.73
2026-09-18 10:43:53.155,sell,101.51,0.098515,10.0
2026-09-18 10:43:54.597,buy,101.51,0.098515,10.0
2026-09-18 10:44:33.074,sell,101.44,0.098581,10.0
2026-09-18 10:44:47.681,buy,101.44,1.715795,174.05
2026-09-18 10:44:50.097,sell,101.44,2.213951,224.58
2026-09-18 10:44:53.882,sell,101.44,0.295508,29.98
2026-09-18 10:45:14.719,buy,101.4,0.299489,30.37
2026-09-18 10:45:52.721,buy,101.4,0.098621,10.0
2026-09-18 10:45:56.119,sell,101.4,0.098621,10.0
2026-09-18 10:45:59.586,buy,101.4,0.349935,35.48
2026-09-18 10:46:16.919,sell,101.48,0.098541,10.0
2026-09-18 10:46:36.774,buy,101.48,0.098541,10.0
2026-09-18 10:46:46.408,sell,101.48,27.52186,2792.94
2026-09-18 10:47:19.508,buy,101.45,0.622153,63.12
2026-09-18 10:47:23.941,sell,101.45,0.254059,25.78
2026-09-18 10:47:46.275,buy,101.45,0.111125,11.27
2026-09-18 10:48:15.388,buy,101.44,0.098581,10.0
2026-09-18 10:48:19.229,sell,101.44,0.202085,20.5
2026-09-18 10:48:39.801,buy,101.44,0.118812,12.05
2026-09-18 10:48:41.286,buy,101.44,0.229251,23.26
2026-09-18 10:48:44.459,sell,101.44,0.124181,12.6
2026-09-18 10:48:51.762,sell,101.44,0.364477,36.97
2026-09-18 10:48:57.387,buy,101.44,4.329167,439.15
2026-09-18 10:49:13.123,buy,101.52,0.31169,31.64
2026-09-18 10:49:17.698,buy,101.52,0.098502,10.0
2026-09-18 10:49:43.265,buy,101.52,0.098502,10.0
2026-09-18 10:49:58.110,sell,101.52,2.09718,212.91
2026-09-18 10:50:00.082,sell,101.56,0.111686,11.34
2026-09-18 10:50:10.244,buy,101.56,0.873692,88.73
2026-09-18 10:50:29.602,sell,101.56,0.559011,56.77
2026-09-18 10:50:34.855,sell,101.56,0.822,83.48
2026-09-18 10:50:40.517,buy,101.56,0.199872,20.3
2026-09-18 10:50:48.308,sell,101.56,0.20909,21.23
2026-09-18 10:51:06.528,buy,101.51,0.348911,35.42
2026-09-18 10:51:33.402,sell,101.51,0.181157,18.39
2026-09-18 10:51:34.878,buy,101.51,0.476804,48.4
2026-09-18 10:51:35.274,buy,101.51,0.214481,21.77
2026-09-18 10:51:36.841,buy,101.51,0.194972,19.79
2026-09-18 10:51:37.823,buy,101.51,0.098513,10.0
2026-09-18 10:51:41.500,sell,101.51,2.809987,285.24
2026-09-18 10:51:54.127,buy,101.51,6.064363,615.59
2026-09-18 10:52:03.369,buy,101.49,0.164176,16.66
2026-09-18 10:52:09.796,sell,101.49,0.12522,12.71
2026-09-18 10:52:36.672,sell,101.49,0.098534,10.0
2026-09-18 10:52:47.413,sell,101.49,0.33095,33.59
2026-09-18 10:53:00.588,sell,101.5,5.756649,584.32
2026-09-18 10:53:14.226,sell,101.5,0.09852,10.0
2026-09-18 10:53:20.217,buy,101.5,0.99473,100.97
2026-09-18 10:53:46.347,buy,101.5,0.38016,38.59
2026-09-18 10:53:48.598,buy,101.5,0.09852,10.0
2026-09-18 10:54:07.591,buy,101.62,2.363788,240.21
2026-09-18 10:54:14.410,sell,101.62,0.373923,38.0
2026-09-18 10:54:22.938,sell,101.62,1.292484,131.34
2026-09-18 10:54:57.472,buy,101.62,0.164784,16.75
2026-09-18 10:55:34.955,sell,101.56,0.09846,10.0
2026-09-18 10:55:47.789,sell,101.56,0.115524,11.73
2026-09-18 10:55:52.829,buy,101.56,1.532243,155.62
2026-09-18 10:55:59.380,sell,101.56,0.09846,10.0
2026-09-18 10:56:01.896,buy,101.57,3.898691,395.97
2026-09-18 10:56:06.260,buy,101.57,0.098458,10.0
2026-09-18 10:56:12.698,buy,101.57,0.098458,10.0
2026-09-18 10:56:18.250,buy,101.57,0.098458,10.0
2026-09-18 10:56:28.184,buy,101.57,0.101575,10.32
2026-09-18 10:56:29.466,sell,101.57,0.098458,10.0
2026-09-18 10:56:53.453,buy,101.57,0.185877,18.88
2026-09-18 10:56:58.902,sell,101.57,0.158813,16.13
2026-09-18 10:57:15.098,sell,101.69,0.122955,12.5
2026-09-18 10:57:19.879,sell,101.69,1.057296,107.51
2026-09-18 10:57:38.350,buy,101.69,0.133893,13.62
2026-09-18 10:57:41.320,sell,101.69,0.09834,10.0
2026-09-18 10:57:48.391,sell,101.69,0.790859,80.42
2026-09-18 10:57:54.827,buy,101.69,1.942016,197.48
2026-09-18 10:57:57.077,buy,101.69,1.037547,105.51
2026-09-18 10:57:57.422,buy,101.69,0.62087,63.13
2026-09-18 10:58:01.962,buy,101.66,0.574439,58.4
2026-09-18 10:58:09.600,sell,101.66,0.191647,19.48
2026-09-18 10:58:16.938,sell,101.66,0.229983,23.38
2026-09-18 10:58:16.997,sell,101.66,0.098365,10.0
2026-09-18 10:58:37.813,sell,101.66,1.072465,109.03
2026-09-18 10:58:55.477,sell,101.66,1.275366,129.66
2026-09-18 10:58:57.485,sell,101.66,0.52568,53.44
2026-09-18 10:59:03.292,sell,101.55,0.30197,30.66
2026-09-18 10:59:04.043,sell,101.55,0.546025,55.45
2026-09-18 10:59:12.250,sell,101.55,0.148912,15.12
2026-09-18 10:59:32.844,buy,101.55,0.155385,15.78
2026-09-18 10:59:44.828,buy,101.55,0.164003,16.65
2026-09-18 11:00:08.783,sell,101.57,0.492349,50.01
2026-09-18 11:00:20.082,buy,101.57,0.098456,10.0
2026-09-18 11:00:34.432,sell,101.57,0.406789,41.32
2026-09-18 11:01:07.097,sell,101.67,5.107797,519.3
2026-09-18 11:01:20.641,buy,101.67,0.098634,10.03
2026-09-18 11:01:56.461,buy,101.67,0.483918,49.2
2026-09-18 11:01:57.886,sell,101.67,0.553833,56.31
2026-09-18 11:02:04.480,sell,101.72,0.241535,24.57
2026-09-18 11:02:20.931,buy,101.72,0.893893,90.93
2026-09-18 11:02:42.334,sell,101.72,0.757088,77.01
2026-09-18 11:02:44.255,sell,101.72,0.181361,18.45
2026-09-18 11:02:49.149,buy,101.72,0.703119,71.52
2026-09-18 11:02:52.626,sell,101.72,3.351428,340.91
2026-09-18 11:03:07.513,buy,101.66,0.281302,28.6
2026-09-18 11:03:10.904,sell,101.66,3.245431,329.94
2026-09-18 11:03:20.000,buy,101.66,10.64352,1082.05
2026-09-18 11:03:38.828,sell,101.66,0.466849,47.46
2026-09-18 11:03:41.520,sell,101.66,0.282498,28.72
2026-09-18 11:03:55.067,buy,101.66,0.386257,39.27
2026-09-18 11:03:58.349,sell,101.66,1.426541,145.03
2026-09-18 11:04:12.975,sell,101.74,1.102959,112.21
2026-09-18 11:04:17.175,buy,101.74,0.127842,13.01
2026-09-18 11:04:28.861,sell,101.74,0.241812,24.6
2026-09-18 11:04:42.762,buy,101.74,0.098292,10.0
2026-09-18 11:05:01.762,buy,101.77,5.322903,541.7
2026-09-18 11:05:05.579,sell,101.77,0.098262,10.0
2026-09-18 11:05:10.046,sell,101.77,0.098262,10.0
2026-09-18 11:05:11.878,buy,101.77,0.594224,60.47
2026-09-18 11:05:12.678,sell,101.77,0.233885,23.8
2026-09-18 11:05:19.208,sell,101.77,0.159248,16.21
2026-09-18 11:05:43.910,sell,101.77,0.189427,19.28
2026-09-18 11:05:57.488,buy,101.77,3.600541,366.42
2026-09-18 11:06:19.647,sell,101.78,9.486859,965.6
2026-09-18 11:06:30.645,sell,101.78,0.098249,10.0
2026-09-18 11:06:36.689,buy,101.78,0.130594,13.29
2026-09-18 11:06:41.779,buy,101.78,0.600184,61.09
2026-09-18 11:07:10.819,buy,101.77,0.098264,10.0
2026-09-18 11:07:42.341,buy,101.77,2.300159,234.08
2026-09-18 11:07:53.929,sell,101.77,2.284595,232.49
2026-09-18 11:07:54.723,buy,101.77,0.327397,33.32
2026-09-18 11:08:09.969,buy,101.71,0.098317,10.0
2026-09-18 11:08:22.153,sell,101.71,0.856891,87.16
2026-09-18 11:08:30.979,buy,101.71,1.029069,104.67
2026-09-18 11:08:34.318,buy,101.71,0.594194,60.44
2026-09-18 11:08:58.966,sell,101.71,0.685366,69.71
2026-09-18 11:09:00.040,buy,101.63,0.257147,26.13
2026-09-18 11:09:07.907,sell,101.63,0.718391,73.01
2026-09-18 11:09:09.842,sell,101.63,0.1811,18.41
2026-09-18 11:09:21.566,sell,101.63,4.045502,411.15
2026-09-18 11:09:22.613,sell,101.63,0.14088,14.32
2026-09-18 11:09:34.548,sell,101.63,1.361406,138.36
2026-09-18 11:09:37.741,sell,101.63,0.101068,10.27
2026-09-18 11:09:52.020,sell,101.63,0.222106,22.57
2026-09-18 11:10:06.264,buy,101.59,0.704966,71.62
2026-09-18 11:10:09.436,buy,101.59,0.680988,69.18
2026-09-18 11:10:15.466,sell,101.59,0.29211,29.68
2026-09-18 11:10:26.045,sell,101.59,0.098433,10.0
2026-09-18 11:10:40.310,buy,101.59,0.098433,10.0
2026-09-18 11:11:03.233,sell,101.66,3.026623,307.68
2026-09-18 11:11:14.379,buy,101.66,0.098369,10.0
2026-09-18 11:11:37.906,sell,101.66,0.645158,65.59
2026-09-18 11:11:56.119,buy,101.66,0.773196,78.6
2026-09-18 11:12:02.069,sell,101.64,2.58593,262.84
2026-09-18 11:12:04.335,buy,101.64,0.270647,27.51
2026-09-18 11:12:12.389,buy,101.64,0.098386,10.0
2026-09-18 11:12:15.733,buy,101.64,0.098386,10.0
2026-09-18 11:12:21.753,sell,101.64,0.190623,19.38
2026-09-18 11:12:35.534,buy,101.64,0.098386,10.0
2026-09-18 11:12:37.786,buy,101.64,0.300746,30.57
2026-09-18 11:12:41.011,buy,101.64,4.147279,421.53
2026-09-18 11:13:05.697,buy,101.62,0.289401,29.41
2026-09-18 11:13:09.127,sell,101.62,0.940602,95.58
2026-09-18 11:13:34.914,buy,101.62,1.050462,106.74
2026-09-18 11:13:45.927,sell,101.62,0.403129,40.96
2026-09-18 11:13:52.627,buy,101.62,0.487752,49.56
2026-09-18 11:13:56.437,buy,101.62,8.197718,833.02
2026-09-18 11:14:02.849,sell,101.55,0.130218,13.22
2026-09-18 11:14:33.559,sell,101.55,0.326783,33.18
2026-09-18 11:14:46.694,buy,101.55,0.148909,15.12
2026-09-18 11:14:59.336,buy,101.55,0.273195,27.74
2026-09-18 11:15:24.118,sell,101.56,0.10885,11.06
2026-09-18 11:15:36.495,sell,101.56,0.09846,10.0
2026-09-18 11:15:39.199,buy,101.56,1.309733,133.02
2026-09-18 11:15:39.666,sell,101.56,0.09846,10.0
2026-09-18 11:15:50.255,sell,101.56,0.09846,10.0
2026-09-18 11:15:59.855,buy,101.56,1.037636,105.39
2026-09-18 11:16:44.175,buy,101.52,0.098506,10.0
2026-09-18 11:16:45.131,sell,101.52,0.305995,31.06
2026-09-18 11:16:56.443,sell,101.52,0.417312,42.36
2026-09-18 11:17:09.474,buy,101.49,0.098529,10.0
2026-09-18 11:17:11.728,sell,101.49,1.524311,154.71
2026-09-18 11:17:25.010,buy,101.49,0.098529,10.0
2026-09-18 11:17:28.036,buy,101.49,0.318013,32.28
2026-09-18 11:17:28.514,sell,101.49,0.128026,12.99
2026-09-18 11:17:44.585,sell,101.49,0.203912,20.7
2026-09-18 11:17:46.303,buy,101.49,0.265654,26.96
2026-09-18 11:17:59.109,sell,101.49,0.161024,16.34
2026-09-18 11:18:06.583,sell,101.44,0.539993,54.78
2026-09-18 11:18:23.200,sell,101.44,1.074834,109.04
2026-09-18 11:18:25.813,sell,101.44,0.118392,12.01
2026-09-18 11:18:28.567,sell,101.44,0.242141,24.56
2026-09-18 11:18:37.057,buy,101.44,0.241952,24.54
2026-09-18 11:18:45.198,sell,101.44,0.339429,34.43
2026-09-18 11:19:15.999,buy,101.47,0.938741,95.26
2026-09-18 11:19:27.454,buy,101.47,0.098549,10.0
2026-09-18 11:19:28.301,buy,101.47,0.879527,89.25
2026-09-18 11:19:37.717,sell,101.47,0.42818,43.45
2026-09-18 11:19:48.415,buy,101.47,0.125559,12.74
2026-09-18 11:19:49.226,sell,101.47,0.098549,10.0
2026-09-18 11:19:50.561,buy,101.47,0.991796,100.64
2026-09-18 11:20:18.505,sell,101.51,0.632653,64.22
2026-09-18 11:20:24.604,buy,101.51,0.193756,19.67
2026-09-18 11:20:31.566,sell,101.51,0.293288,29.77
2026-09-18 11:20:35.186,sell,101.51,0.707256,71.79
2026-09-18 11:20:38.804,sell,101.51,8.996037,913.15
2026-09-18 11:20:45.999,sell,101.51,0.277449,28.16
2026-09-18 11:20:46.305,sell,101.51,1.059948,107.59
2026-09-18 11:20:54.291,sell,101.51,0.277191,28.14
2026-09-18 11:21:06.808,sell,101.63,0.213836,21.73
2026-09-18 11:21:11.521,buy,101.63,1.188255,120.77
2026-09-18 11:21:25.679,buy,101.63,0.346482,35.21
2026-09-18 11:21:32.444,sell,101.63,0.11657,11.85
2026-09-18 11:21:38.821,buy,101.63,0.348163,35.38
2026-09-18 11:21:57.457,buy,101.63,0.343632,34.92
2026-09-18 11:22:05.744,sell,101.59,0.310282,31.52
2026-09-18 11:22:22.930,buy,101.59,0.098431,10.0
2026-09-18 11:22:35.302,sell,101.59,0.182876,18.58
2026-09-18 11:22:45.497,sell,101.59,0.199696,20.29
2026-09-18 11:22:54.680,sell,101.59,0.557135,56.6
2026-09-18 11:23:02.887,buy,101.56,0.717033,72.82
2026-09-18 11:23:07.110,sell,101.56,0.167437,17.0
2026-09-18 11:23:07.152,buy,101.56,0.8552,86.85
2026-09-18 11:23:08.023,buy,101.56,0.454928,46.2
2026-09-18 11:23:20.361,sell,101.56,0.098465,10.0
2026-09-18 11:23:27.061,buy,101.56,4.558717,462.98
2026-09-18 11:23:41.951,buy,101.56,1.08854,110.55
2026-09-18 11:23:43.843,buy,101.56,0.098465,10.0
2026-09-18 11:24:05.886,sell,101.54,1.320116,134.05
2026-09-18 11:24:06.453,sell,101.54,2.458351,249.63
2026-09-18 11:24:07.171,buy,101.54,0.813284,82.58
2026-09-18 11:24:10.170,sell,101.54,0.216795,22.01
2026-09-18 11:24:11.506,sell,101.54,2.039419,207.09
2026-09-18 11:24:11.694,sell,101.54,0.214545,21.79
2026-09-18 11:24:26.531,buy,101.54,0.09848,10.0
2026-09-18 11:25:26.104,buy,101.63,0.0984,10.0
2026-09-18 11:25:31.962,sell,101.63,0.288333,29.3
2026-09-18 11:25:48.547,sell,101.63,0.522268,53.08
2026-09-18 11:25:49.050,sell,101.63,0.126605,12.87
2026-09-18 11:25:56.008,buy,101.63,0.286748,29.14
2026-09-18 11:26:13.889,sell,101.57,0.098453,10.0
2026-09-18 11:26:19.611,buy,101.57,0.098453,10.0
2026-09-18 11:26:20.979,sell,101.57,4.758607,483.34
2026-09-18 11:26:22.469,buy,101.57,0.230339,23.4
2026-09-18 11:26:47.525,buy,101.57,2.443463,248.19
2026-09-18 11:26:53.411,sell,101.57,0.098453,10.0
2026-09-18 11:27:09.097,sell,101.51,1.117882,113.47
2026-09-18 11:27:12.214,buy,101.51,1.417462,143.88
2026-09-18 11:27:21.721,buy,101.51,2.930802,297.5
2026-09-18 11:27:34.755,buy,101.51,1.192741,121.07
2026-09-18 11:27:47.472,buy,101.51,0.31678,32.16
2026-09-18 11:28:08.840,sell,101.6,0.506062,51.41
2026-09-18 11:28:10.895,sell,101.6,0.098428,10.0
2026-09-18 11:28:21.921,sell,101.6,1.636467,166.26
2026-09-18 11:28:33.276,buy,101.6,0.098428,10.0
2026-09-18 11:28:34.073,sell,101.6,0.54491,55.36
2026-09-18 11:28:37.854,buy,101.6,2.445804,248.49
2026-09-18 11:28:39.491,buy,101.6,0.371829,37.78
2026-09-18 11:29:20.184,sell,101.64,0.098387,10.0
2026-09-18 11:29:24.090,sell,101.64,0.902051,91.68
2026-09-18 11:29:32.244,sell,101.64,0.178703,18.16
2026-09-18 11:29:32.668,buy,101.64,0.969659,98.56
2026-09-18 11:29:47.567,buy,101.64,0.47787,48.57
2026-09-18 11:30:17.975,buy,101.62,0.65795,66.86
2026-09-18 11:30:30.389,buy,101.62,0.098408,10.0
2026-09-18 11:30:36.519,buy,101.62,0.274698,27.91
2026-09-18 11:30:39.731,buy,101.62,0.098408,10.0
2026-09-18 11:30:50.882,sell,101.62,0.286105,29.07
2026-09-18 11:31:08.068,sell,101.64,0.911012,92.6
2026-09-18 11:31:11.338,buy,101.64,0.098386,10.0
2026-09-18 11:31:47.255,buy,101.64,1.807342,183.7
2026-09-18 11:31:49.635,buy,101.64,0.788201,80.11
2026-09-18 11:32:03.980,sell,101.69,1.249287,127.03
2026-09-18 11:32:07.020,buy,101.69,0.162989,16.57
2026-09-18 11:32:21.340,sell,101.69,0.376359,38.27
2026-09-18 11:32:33.181,sell,101.69,0.098342,10.0
2026-09-18 11:32:47.075,buy,101.69,0.382233,38.87
2026-09-18 11:32:47.084,sell,101.69,0.248728,25.29
2026-09-18 11:32:56.598,buy,101.69,0.098342,10.0
2026-09-18 11:33:07.508,buy,101.57,0.098456,10.0
2026-09-18 11:33:15.444,buy,101.57,1.121781,113.94
2026-09-18 11:33:27.963,sell,101.57,0.098456,10.0
2026-09-18 11:33:32.122,sell,101.57,0.998725,101.44
2026-09-18 11:33:35.973,buy,101.57,0.175223,17.8
2026-09-18 11:33:40.059,buy,101.57,0.319803,32.48
2026-09-18 11:33:46.775,buy,101.57,0.098456,10.0
2026-09-18 11:34:19.790,buy,101.57,13.575267,1378.89
2026-09-18 11:34:28.493,buy,101.57,0.09845,10.0
2026-09-18 11:34:38.049,sell,101.57,0.519493,52.77
2026-09-18 11:34:41.863,buy,101.57,0.523584,53.18
2026-09-18 11:35:06.313,sell,101.55,0.098476,10.0
2026-09-18 11:35:19.505,sell,101.55,0.376597,38.24
2026-09-18 11:35:43.790,sell,101.55,1.701194,172.75
2026-09-18 11:36:12.053,buy,101.49,0.768463,77.99
2026-09-18 11:36:19.120,sell,101.49,0.586937,59.57
2026-09-18 11:36:49.454,sell,101.49,0.098536,10.0
2026-09-18 11:37:03.693,sell,101.38,15.237846,1544.8
2026-09-18 11:37:13.024,buy,101.38,4.14768,420.49
2026-09-18 11:37:22.007,sell,101.38,4.183593,424.13
2026-09-18 11:37:33.657,buy,101.38,0.621634,63.02
2026-09-18 11:37:35.657,sell,101.38,0.983161,99.67
2026-09-18 11:37:45.100,sell,101.38,0.09864,10.0
2026-09-18 11:37:48.331,sell,101.38,0.09864,10.0
2026-09-18 11:37:53.000,buy,99.32,30.205397,3000.0
2026-09-18 11:38:01.410,buy,101.26,0.184206,18.65
2026-09-18 11:38:06.522,sell,101.26,0.164775,16.68
2026-09-18 11:38:14.174,sell,101.26,0.09876,10.0
2026-09-18 11:38:27.672,buy,101.26,0.262689,26.6
2026-09-18 11:38:34.949,buy,101.26,1.166112,118.08
2026-09-18 11:38:38.433,sell,101.26,0.102911,10.42
2026-09-18 11:38:44.615,sell,101.26,0.340721,34.5
2026-09-18 11:39:39.480,buy,101.19,0.13949,14.12
2026-09-18 11:39:39.671,sell,101.19,0.098823,10.0
2026-09-18 11:39:39.700,buy,101.19,0.130972,13.25
2026-09-18 11:39:44.140,buy,101.19,0.197738,20.01
2026-09-18 11:39:49.449,buy,101.19,0.098823,10.0
2026-09-18 11:39:55.066,sell,101.19,1.329607,134.54
2026-09-18 11:40:13.364,sell,101.07,0.736266,74.42
2026-09-18 11:40:34.012,sell,101.07,0.823018,83.19
2026-09-18 11:40:37.791,sell,101.07,0.337728,34.14
2026-09-18 11:40:38.369,sell,101.07,0.226266,22.87
2026-09-18 11:40:51.305,sell,101.07,2.487636,251.43
2026-09-18 11:41:01.630,buy,101.07,0.155647,15.73
2026-09-18 11:41:15.296,buy,101.07,0.413909,41.84
2026-09-18 11:41:20.053,sell,101.07,0.382773,38.69
2026-09-18 11:41:20.689,sell,101.07,0.098937,10.0
2026-09-18 11:41:37.670,sell,101.07,0.390415,39.46
2026-09-18 11:41:50.242,buy,101.07,0.098937,10.0
2026-09-18 11:41:57.402,sell,101.07,0.127618,12.9
2026-09-18 11:42:13.590,buy,101.04,0.123923,12.52
2026-09-18 11:42:15.476,buy,101.04,1.36396,137.82
2026-09-18 11:42:19.678,sell,101.04,0.704882,71.22
2026-09-18 11:42:20.026,sell,101.04,0.610327,61.67
2026-09-18 11:42:25.857,buy,101.04,2.066526,208.8
2026-09-18 11:42:40.966,sell,101.04,0.09897,10.0
2026-09-18 11:43:14.052,buy,101.09,1.762206,178.14
2026-09-18 11:43:29.291,sell,101.09,0.098923,10.0
2026-09-18 11:43:56.800,buy,101.09,0.098923,10.0
2026-09-18 11:44:02.979,sell,101.18,0.164182,16.61
2026-09-18 11:44:03.267,sell,101.18,0.098834,10.0
2026-09-18 11:44:14.410,buy,101.18,10.261912,1038.3
2026-09-18 11:44:25.269,buy,101.18,0.098834,10.0
2026-09-18 11:44:32.016,buy,101.18,0.098834,10.0
2026-09-18 11:44:39.452,sell,101.18,0.270781,27.4
2026-09-18 11:44:55.435,buy,101.18,0.098834,10.0
2026-09-18 11:45:09.769,sell,101.13,0.885453,89.55
2026-09-18 11:45:10.670,sell,101.13,0.408329,41.29
2026-09-18 11:45:15.516,sell,101.13,0.098883,10.0
2026-09-18 11:45:30.038,buy,101.13,0.779228,78.8
2026-09-18 11:45:38.725,sell,101.13,0.295676,29.9
2026-09-18 11:45:41.714,sell,101.13,0.202615,20.49
2026-09-18 11:45:54.508,sell,101.13,0.098883,10.0
2026-09-18 11:46:06.632,sell,101.15,0.09886,10.0
2026-09-18 11:46:11.585,buy,101.15,0.781344,79.04
2026-09-18 11:46:22.096,sell,101.15,0.957836,96.89
2026-09-18 11:46:25.183,buy,101.15,0.352853,35.69
2026-09-18 11:46:50.325,buy,101.15,0.614753,62.18
2026-09-18 11:47:41.432,sell,101.23,0.165532,16.76
2026-09-18 11:47:42.089,sell,101.23,0.88631,89.72
2026-09-18 11:47:42.598,buy,101.23,0.098785,10.0
2026-09-18 11:47:42.729,sell,101.23,4.070305,412.04
2026-09-18 11:47:55.533,buy,101.23,0.180489,18.27
2026-09-18 11:47:58.729,sell,101.23,0.098785,10.0
2026-09-18 11:48:03.540,sell,101.33,0.098686,10.0
2026-09-18 11:48:13.581,sell,101.33,0.161799,16.4
2026-09-18 11:48:13.765,buy,101.33,0.098686,10.0
2026-09-18 11:48:14.427,sell,101.33,2.09021,211.8
2026-09-18 11:48:51.190,buy,101.33,0.733298,74.31
2026-09-18 11:49:12.582,sell,101.4,0.101159,10.26
2026-09-18 11:49:21.983,buy,101.4,0.098619,10.0
2026-09-18 11:49:30.424,sell,101.4,0.098619,10.0
2026-09-18 11:50:05.936,sell,101.32,0.334444,33.89
2026-09-18 11:50:07.767,sell,101.32,1.470376,148.98
2026-09-18 11:50:33.357,sell,101.32,0.098698,10.0
2026-09-18 11:50:37.241,buy,101.32,0.240762,24.39
2026-09-18 11:50:43.915,buy,101.32,0.302689,30.67
2026-09-18 11:50:49.787,buy,101.32,0.098698,10.0
2026-09-18 11:50:52.338,buy,101.32,1.254975,127.15
2026-09-18 11:50:55.069,buy,101.32,0.64563,65.42
2026-09-18 11:51:13.470,buy,101.36,1.626272,164.84
2026-09-18 11:51:29.976,sell,101.36,0.098655,10.0
2026-09-18 11:51:30.535,sell,101.36,0.507787,51.47
2026-09-18 11:51:33.807,sell,101.36,0.902622,91.49
2026-09-18 11:51:37.345,sell,101.36,0.283667,28.75
2026-09-18 11:51:56.984,sell,101.36,0.149737,15.18
2026-09-18 11:52:01.140,buy,101.42,1.193013,121.0
2026-09-18 11:52:02.536,sell,101.42,0.195528,19.83
2026-09-18 11:52:06.347,buy,101.42,0.65181,66.11
2026-09-18 11:52:08.286,sell,101.42,2.581541,261.82
2026-09-18 11:52:11.651,sell,101.42,0.443568,44.99
2026-09-18 11:52:25.950,buy,101.42,3.129509,317.4
2026-09-18 11:52:48.803,sell,101.42,2.902757,294.4
2026-09-18 11:52:51.558,buy,101.42,0.124885,12.67
2026-09-18 11:53:02.829,buy,101.45,2.402846,243.76
2026-09-18 11:53:37.514,sell,101.45,1.424432,144.5
2026-09-18 11:53:49.309,sell,101.45,0.310481,31.5
2026-09-18 11:54:04.517,sell,101.39,0.598722,60.7
2026-09-18 11:54:09.260,buy,101.39,0.110015,11.15
2026-09-18 11:54:16.219,sell,101.39,0.270992,27.48
2026-09-18 11:54:21.928,sell,101.39,0.33119,33.58
2026-09-18 11:54:23.662,sell,101.39,0.10746,10.9
2026-09-18 11:54:24.208,buy,101.39,13.039126,1322.03
2026-09-18 11:54:24.431,buy,101.39,0.541657,54.92
2026-09-18 11:54:50.300,sell,101.39,0.245805,24.92
2026-09-18 11:55:18.521,sell,101.36,0.098654,10.0
2026-09-18 11:55:26.326,buy,101.36,1.231983,124.88
2026-09-18 11:55:33.858,buy,101.36,0.750983,76.12
2026-09-18 11:56:05.509,sell,101.33,0.487236,49.37
2026-09-18 11:56:06.456,buy,101.33,0.208873,21.16
2026-09-18 11:56:25.192,sell,101.33,0.194665,19.72
2026-09-18 11:56:33.090,buy,101.33,0.206519,20.93
2026-09-18 11:56:38.655,buy,101.33,0.259078,26.25
2026-09-18 11:56:40.533,sell,101.33,0.916981,92.92
2026-09-18 11:56:44.179,sell,101.33,0.09869,10.0
2026-09-18 11:56:57.926,sell,101.33,0.132335,13.41
2026-09-18 11:57:02.975,buy,101.29,1.316439,133.35
2026-09-18 11:57:13.735,sell,101.29,0.119734,12.13
2026-09-18 11:57:25.980,buy,101.29,0.098723,10.0
2026-09-18 11:57:27.440,sell,101.29,0.439242,44.49
2026-09-18 11:57:52.760,buy,101.29,0.646697,65.51
2026-09-18 11:57:58.207,sell,101.29,1.671377,169.3
2026-09-18 11:58:08.845,sell,101.36,0.188044,19.06
2026-09-18 11:58:22.830,sell,101.36,0.098659,10.0
2026-09-18 11:58:40.316,sell,101.36,0.098659,10.0
2026-09-18 11:58:41.513,buy,101.36,2.922134,296.18
2026-09-18 11:58:48.402,sell,101.36,0.425515,43.13
2026-09-18 11:58:59.134,buy,101.36,5.516673,559.16
2026-09-18 11:59:01.446,buy,101.29,3.134884,317.54
2026-09-18 11:59:03.903,buy,101.29,1.488474,150.77
2026-09-18 11:59:16.111,buy,101.29,0.14137,14.32
2026-09-18 11:59:56.944,sell,101.29,0.145104,14.7
2026-09-18 11:59:59.165,buy,101.29,0.098723,10.0
2026-09-18 12:00:16.700,buy,101.27,0.970149,98.25
2026-09-18 12:00:18.724,sell,101.27,0.795551,80.57
2026-09-18 12:00:24.888,sell,101.27,2.62891,266.23
2026-09-18 12:00:41.093,buy,101.27,0.973456,98.58
2026-09-18 12:00:49.211,buy,101.27,5.561012,563.17
2026-09-18 12:00:59.062,buy,101.27,0.098745,10.0
2026-09-18 12:01:31.752,buy,101.32,1.227525,124.38
2026-09-18 12:01:39.008,sell,101.32,0.098693,10.0
2026-09-18 12:01:44.173,sell,101.32,6.684471,677.3
2026-09-18 12:01:50.244,sell,101.32,0.449083,45.5
2026-09-18 12:01:51.534,sell,101.32,0.220109,22.3
2026-09-18 12:01:55.398,buy,101.32,0.098693,10.0
2026-09-18 12:02:17.122,sell,101.3,0.838953,84.99
2026-09-18 12:02:49.971,sell,101.3,0.098718,10.0
2026-09-18 12:02:50.710,buy,101.3,0.098718,10.0
2026-09-18 12:03:01.755,sell,101.4,5.48434,556.1
2026-09-18 12:03:13.127,sell,101.4,0.424511,43.04
2026-09-18 12:03:19.550,buy,101.4,3.808153,386.14
2026-09-18 12:03:38.795,buy,101.4,0.622321,63.1
2026-09-18 12:03:45.726,sell,101.4,1.994286,202.22
2026-09-18 12:03:50.407,sell,101.4,2.49247,252.73
2026-09-18 12:03:53.742,sell,101.4,1.495017,151.59
2026-09-18 12:03:58.197,buy,101.4,2.862709,290.27
2026-09-18 12:04:07.565,buy,101.41,0.207249,21.02
2026-09-18 12:04:13.048,buy,101.41,1.378283,139.77
2026-09-18 12:04:59.580,sell,101.41,0.142064,14.41
2026-09-18 12:05:34.159,buy,101.41,0.100941,10.24
2026-09-18 12:05:42.039,sell,101.41,0.350633,35.56
2026-09-18 12:05:44.603,sell,101.41,0.098607,10.0
2026-09-18 12:05:48.198,sell,101.41,0.978236,99.21
2026-09-18 12:05:48.775,buy,101.41,0.66988,67.93
2026-09-18 12:06:03.400,sell,101.34,0.098673,10.0
2026-09-18 12:06:04.575,buy,101.34,1.176405,119.22
2026-09-18 12:06:05.230,sell,101.34,0.098673,10.0
2026-09-18 12:06:22.227,buy,101.34,0.691259,70.06
2026-09-18 12:06:22.796,sell,101.34,2.521947,255.59
2026-09-18 12:06:23.299,sell,101.34,0.098673,10.0
2026-09-18 12:06:35.159,buy,101.34,0.181583,18.4
2026-09-18 12:07:41.116,sell,101.24,0.808143,81.81
2026-09-18 12:07:46.459,sell,101.24,1.297385,131.34
2026-09-18 12:07:46.890,sell,101.24,1.599873,161.97
2026-09-18 12:08:00.966,buy,101.3,0.270252,27.38
2026-09-18 12:08:03.368,buy,101.3,0.098715,10.0
2026-09-18 12:08:03.560,sell,101.3,0.573586,58.11
2026-09-18 12:08:13.276,buy,101.3,0.098715,10.0
2026-09-18 12:08:32.344,sell,101.3,0.325705,32.99
2026-09-18 12:08:51.815,sell,101.3,0.515215,52.19
2026-09-18 12:08:51.973,sell,101.3,0.098715,10.0
2026-09-18 12:09:03.642,buy,101.36,0.862623,87.43
2026-09-18 12:09:20.898,sell,101.36,0.170037,17.23
2026-09-18 12:09:34.055,buy,101.36,9.994065,1012.96
2026-09-18 12:09:42.941,sell,101.36,0.996254,100.98
2026-09-18 12:10:13.811,sell,101.36,5.402395,547.61
2026-09-18 12:10:19.580,buy,101.36,0.27874,28.25
2026-09-18 12:10:33.975,sell,101.36,0.315084,31.94
2026-09-18 12:10:41.989,buy,101.36,1.152783,116.85
2026-09-18 12:10:43.169,sell,101.36,0.766987,77.75
2026-09-18 12:10:57.728,sell,101.36,0.5903,59.84
2026-09-18 12:10:59.053,sell,101.36,0.725337,73.52
2026-09-18 12:11:24.052,sell,101.36,0.130729,13.25
2026-09-18 12:11:47.568,sell,101.36,0.358715,36.36
2026-09-18 12:11:57.123,buy,101.36,0.098656,10.0
2026-09-18 12:12:08.658,buy,101.31,0.098709,10.0
2026-09-18 12:12:10.446,buy,101.31,0.897654,90.94
2026-09-18 12:12:10.738,buy,101.31,0.236521,23.96
2026-09-18 12:12:24.618,buy,101.31,0.551899,55.91
2026-09-18 12:12:43.235,sell,101.31,0.350875,35.55
2026-09-18 12:12:48.611,buy,101.31,0.098709,10.0
2026-09-18 12:12:48.957,sell,101.31,0.098709,10.0
2026-09-18 12:12:56.555,buy,101.31,0.398384,40.36
2026-09-18 12:13:06.499,sell,101.2,0.098811,10.0
2026-09-18 12:13:09.691,sell,101.2,0.098811,10.0
2026-09-18 12:13:31.853,sell,101.2,0.534562,54.1
2026-09-18 12:13:37.383,sell,101.2,2.649473,268.13
2026-09-18 12:13:55.377,buy,101.2,0.098811,10.0
2026-09-18 12:13:55.941,sell,101.2,0.098811,10.0
2026-09-18 12:14:05.242,sell,101.26,3.060561,309.91
2026-09-18 12:14:25.888,sell,101.26,0.486696,49.28
2026-09-18 12:14:28.937,sell,101.26,0.39587,40.09
2026-09-18 12:14:30.971,buy,101.26,0.176174,17.84
2026-09-18 12:14:42.314,sell,101.26,0.41373,41.89
2026-09-18 12:15:17.312,sell,101.26,0.727697,73.68
2026-09-18 12:15:18.515,buy,101.26,0.517846,52.43
2026-09-18 12:15:30.255,sell,101.26,0.176999,17.92
2026-09-18 12:15:36.250,sell,101.26,0.313004,31.69
2026-09-18 12:15:44.095,sell,101.26,2.131793,215.86
2026-09-18 12:15:54.162,sell,101.26,1.471365,148.98
2026-09-18 12:15:56.004,sell,101.26,0.296961,30.07
2026-09-18 12:16:04.983,sell,101.23,0.098785,10.0
2026-09-18 12:16:09.174,sell,101.23,0.422589,42.78
2026-09-18 12:16:29.587,sell,101.23,6.300412,637.79
2026-09-18 12:16:34.712,sell,101.23,0.098785,10.0
2026-09-18 12:16:57.015,sell,101.23,1.001869,101.42
2026-09-18 12:17:11.981,buy,101.1,0.224988,22.75
2026-09-18 12:17:17.786,buy,101.1,0.098911,10.0
2026-09-18 12:17:27.908,buy,101.1,0.198914,20.11
2026-09-18 12:17:38.905,sell,101.1,0.098911,10.0
2026-09-18 12:17:40.822,sell,101.1,13.893228,1404.62
2026-09-18 12:17:58.274,buy,101.1,0.159257,16.1
2026-09-18 12:17:58.599,sell,101.1,0.161725,16.35
2026-09-18 12:18:14.789,buy,101.15,2.496675,252.55
2026-09-18 12:18:16.230,sell,101.15,0.098859,10.0
2026-09-18 12:18:22.708,buy,101.15,0.176847,17.89
2026-09-18 12:18:33.765,sell,101.15,0.098859,10.0
2026-09-18 12:18:40.161,buy,101.15,0.992495,100.4
2026-09-18 12:18:43.854,buy,101.15,1.204998,121.89
2026-09-18 12:18:46.107,buy,101.15,0.553193,55.96
2026-09-18 12:19:03.676,sell,101.19,0.717856,72.64
2026-09-18 12:19:08.879,buy,101.19,1.096148,110.92
2026-09-18 12:19:28.826,sell,101.19,0.171967,17.4
2026-09-18 12:19:48.435,sell,101.19,0.098819,10.0
2026-09-18 12:20:15.564,sell,101.18,0.194707,19.7
2026-09-18 12:20:17.800,buy,101.18,0.098833,10.0
2026-09-18 12:20:23.212,buy,101.18,0.558505,56.51
2026-09-18 12:20:27.035,buy,101.18,0.704897,71.32
2026-09-18 12:21:16.448,buy,101.29,0.09873,10.0
2026-09-18 12:21:17.039,buy,101.29,1.2812,129.77
2026-09-18 12:21:22.439,buy,101.29,0.272407,27.59
2026-09-18 12:21:23.134,buy,101.29,0.102771,10.41
2026-09-18 12:21:42.982,buy,101.29,0.09873,10.0
2026-09-18 12:21:50.191,buy,101.29,0.103158,10.45
2026-09-18 12:21:51.848,sell,101.29,0.782695,79.28
2026-09-18 12:21:53.591,sell,101.29,0.101822,10.31
2026-09-18 12:22:23.147,sell,101.29,1.734759,175.72
2026-09-18 12:22:27.726,sell,101.29,0.285512,28.92
2026-09-18 12:22:55.716,buy,101.29,2.138615,216.63
2026-09-18 12:22:56.516,buy,101.29,0.306238,31.02
2026-09-18 12:23:08.610,buy,101.31,0.124177,12.58
2026-09-18 12:23:17.096,sell,101.31,1.092099,110.64
2026-09-18 12:23:51.009,sell,101.31,0.435995,44.17
2026-09-18 12:24:15.299,buy,101.34,1.346855,136.49
2026-09-18 12:24:25.302,sell,101.34,2.491825,252.53
2026-09-18 12:24:41.127,buy,101.34,0.098675,10.0
2026-09-18 12:24:55.900,sell,101.34,0.84785,85.92
2026-09-18 12:25:06.927,buy,101.33,11.797563,1195.4
2026-09-18 12:25:13.769,buy,101.33,0.098691,10.0
2026-09-18 12:25:17.739,buy,101.33,0.129924,13.16
2026-09-18 12:25:23.633,sell,101.33,0.364816,36.97
2026-09-18 12:25:24.301,sell,101.33,1.869537,189.43
2026-09-18 12:25:37.084,buy,101.33,0.098691,10.0
2026-09-18 12:25:51.604,buy,101.33,0.166709,16.89
2026-09-18 12:26:00.270,sell,101.31,0.124439,12.61
2026-09-18 12:26:13.042,buy,101.31,0.632634,64.09
2026-09-18 12:26:24.352,buy,101.31,0.511243,51.79
2026-09-18 12:26:26.083,buy,101.31,0.205779,20.85
2026-09-18 12:26:26.207,buy,101.31,0.540031,54.71
2026-09-18 12:26:27.819,buy,101.31,0.098711,10.0
2026-09-18 12:26:40.789,sell,101.31,0.318275,32.24
2026-09-18 12:26:42.991,buy,101.31,0.544924,55.2
2026-09-18 12:27:09.890,buy,101.35,1.951012,197.73
2026-09-18 12:27:14.147,buy,101.35,0.098672,10.0
2026-09-18 12:27:17.491,buy,101.35,0.098672,10.0
2026-09-18 12:27:26.435,sell,101.35,0.569384,57.7
2026-09-18 12:27:29.008,buy,101.35,0.125633,12.73
2026-09-18 12:27:34.624,buy,101.35,0.166382,16.86
2026-09-18 12:27:49.151,sell,101.35,1.120276,113.54
2026-09-18 12:28:01.539,sell,101.32,4.623845,468.49
2026-09-18 12:28:04.850,sell,101.32,0.098698,10.0
2026-09-18 12:28:12.161,buy,101.32,0.358616,36.33
2026-09-18 12:28:23.671,sell,101.32,0.098698,10.0
2026-09-18 12:28:28.079,sell,101.32,0.409136,41.45
2026-09-18 12:28:28.352,sell,101.32,0.098698,10.0
2026-09-18 12:28:50.078,sell,101.32,2.375782,240.71
2026-09-18 12:28:57.079,buy,101.32,2.536058,256.95
2026-09-18 12:29:14.245,buy,101.41,0.098726,10.01
2026-09-18 12:29:15.409,buy,101.41,0.200449,20.33
2026-09-18 12:29:23.907,buy,101.41,2.006642,203.49
2026-09-18 12:29:32.392,buy,101.41,0.09861,10.0
2026-09-18 12:29:38.937,buy,101.41,0.09861,10.0
2026-09-18 12:29:49.201,sell,101.41,3.337314,338.43
2026-09-18 12:29:58.800,sell,101.41,0.104201,10.57
2026-09-18 12:30:04.543,buy,101.27,0.098748,10.0
2026-09-18 12:30:05.234,buy,101.27,0.098748,10.0
2026-09-18 12:30:05.831,buy,101.27,0.098748,10.0
2026-09-18 12:30:06.068,buy,101.27,0.733745,74.3
2026-09-18 12:30:20.343,buy,101.27,2.283784,231.27
2026-09-18 12:30:27.604,sell,101.27,0.545787,55.27
2026-09-18 12:30:45.097,buy,101.27,0.098748,10.0
2026-09-18 12:30:51.695,sell,101.27,0.203589,20.62
2026-09-18 12:31:03.459,sell,101.32,0.098696,10.0
2026-09-18 12:31:07.828,buy,101.32,0.098696,10.0
2026-09-18 12:31:11.197,buy,101.32,0.261263,26.47
2026-09-18 12:31:25.365,sell,101.32,0.581119,58.88
2026-09-18 12:31:28.605,buy,101.32,0.098696,10.0
2026-09-18 12:31:40.946,sell,101.32,0.447056,45.3
2026-09-18 12:32:04.411,sell,101.36,0.400067,40.55
2026-09-18 12:32:08.041,buy,101.36,0.098662,10.0
2026-09-18 12:32:17.281,sell,101.36,6.31371,639.93
2026-09-18 12:32:19.346,buy,101.36,0.4173,42.3
2026-09-18 12:32:55.828,buy,101.36,0.179676,18.21
2026-09-18 12:32:59.505,buy,101.36,0.098662,10.0
2026-09-18 12:33:21.595,sell,101.33,0.15851,16.06
2026-09-18 12:33:23.492,sell,101.33,5.382736,545.41
2026-09-18 12:33:23.519,buy,101.33,0.542792,55.0
2026-09-18 12:33:51.428,sell,101.33,0.1726,17.49
2026-09-18 12:34:05.976,buy,101.27,0.783969,79.39
2026-09-18 12:34:06.785,sell,101.27,0.896964,90.83
2026-09-18 12:34:06.892,buy,101.27,0.945669,95.77
2026-09-18 12:34:07.339,buy,101.27,0.259932,26.32
2026-09-18 12:34:08.372,buy,101.27,0.784269,79.42
2026-09-18 12:34:14.803,buy,101.27,0.116406,11.79
2026-09-18 12:34:23.376,buy,101.27,6.949677,703.77
2026-09-18 12:34:41.265,sell,101.27,5.374623,544.27
2026-09-18 12:35:00.264,sell,101.27,0.163044,16.51
2026-09-18 12:35:16.152,buy,101.27,0.713148,72.22
2026-09-18 12:35:23.573,sell,101.27,0.253976,25.72
2026-09-18 12:35:34.210,buy,101.27,0.715986,72.51
2026-09-18 12:36:01.988,buy,101.22,0.162155,16.41
2026-09-18 12:36:24.554,buy,101.22,0.606211,61.36
2026-09-18 12:36:35.348,buy,101.22,0.131004,13.26
2026-09-18 12:36:41.889,sell,101.22,0.098794,10.0
2026-09-18 12:36:50.939,buy,101.22,6.460997,653.99
2026-09-18 12:37:13.358,buy,101.25,1.214011,122.92
2026-09-18 12:37:50.311,buy,101.25,2.30611,233.49
2026-09-18 12:37:56.423,buy,101.25,0.349322,35.37
2026-09-18 12:38:06.474,sell,101.25,0.663687,67.2
2026-09-18 12:38:25.645,buy,101.25,0.098763,10.0
2026-09-18 12:38:30.454,sell,101.25,0.099338,10.06
2026-09-18 12:38:37.006,sell,101.25,0.810733,82.09
2026-09-18 12:38:57.313,buy,101.25,0.282447,28.6
2026-09-18 12:39:04.683,sell,101.33,0.293099,29.7
2026-09-18 12:39:18.252,sell,101.33,0.09869,10.0
2026-09-18 12:39:22.188,sell,101.33,0.135964,13.78
2026-09-18 12:39:26.248,sell,101.33,0.239066,24.22
2026-09-18 12:39:56.652,sell,101.33,0.382106,38.72
2026-09-18 12:40:16.062,buy,101.28,0.106875,10.82
2026-09-18 12:40:21.959,sell,101.28,4.711502,477.19
2026-09-18 12:40:24.451,buy,101.28,0.212437,21.52
2026-09-18 12:41:01.378,buy,101.25,0.098763,10.0
2026-09-18 12:41:03.812,buy,101.25,0.402143,40.72
2026-09-18 12:41:15.896,buy,101.25,2.282393,231.1
2026-09-18 12:41:19.298,sell,101.25,0.098763,10.0
2026-09-18 12:41:23.920,sell,101.25,0.876942,88.79
2026-09-18 12:41:38.890,buy,101.25,1.12142,113.55
2026-09-18 12:41:39.492,sell,101.25,0.178718,18.1
2026-09-18 12:42:00.278,sell,101.22,0.43117,43.64
2026-09-18 12:42:10.421,sell,101.22,0.411291,41.63
2026-09-18 12:42:33.854,sell,101.22,0.218301,22.1
2026-09-18 12:42:52.321,buy,101.22,0.594053,60.13
2026-09-18 12:43:33.633,sell,101.21,0.323267,32.72
2026-09-18 12:43:48.058,sell,101.21,0.098807,10.0
2026-09-18 12:43:54.247,buy,101.21,0.146853,14.86
2026-09-18 12:44:29.338,sell,101.12,0.112057,11.33
2026-09-18 12:44:40.315,sell,101.12,0.339659,34.35
2026-09-18 12:44:41.623,buy,101.12,0.09889,10.0
2026-09-18 12:44:43.442,buy,101.12,0.745168,75.35
2026-09-18 12:44:45.623,sell,101.12,0.24902,25.18
2026-09-18 12:44:53.782,buy,101.12,0.202336,20.46
2026-09-18 12:44:54.398,buy,101.12,15.214565,1538.54
2026-09-18 12:45:09.356,sell,101.1,0.098908,10.0
2026-09-18 12:45:16.926,buy,101.1,0.098908,10.0
2026-09-18 12:45:22.239,buy,101.1,4.238509,428.53
2026-09-18 12:45:27.402,sell,101.1,0.376058,38.02
2026-09-18 12:45:46.670,sell,101.1,0.620415,62.73
2026-09-18 12:46:06.667,sell,101.13,0.228203,23.08
2026-09-18 12:46:11.681,sell,101.13,0.743755,75.22
2026-09-18 12:46:12.741,buy,101.13,0.098879,10.0
2026-09-18 12:46:15.376,buy,101.13,1.506696,152.38
2026-09-18 12:46:17.083,sell,101.13,1.786196,180.64
2026-09-18 12:46:23.587,buy,101.13,0.327494,33.12
2026-09-18 12:46:35.139,buy,101.13,0.408921,41.36
2026-09-18 12:46:44.391,sell,101.13,0.241727,24.45
2026-09-18 12:47:02.121,sell,101.04,1.084235,109.56
2026-09-18 12:47:12.499,sell,101.04,0.495484,50.07
2026-09-18 12:47:26.338,buy,101.04,0.2837,28.67
2026-09-18 12:48:06.076,sell,101.04,3.67711,371.55
2026-09-18 12:48:09.839,sell,101.04,0.098968,10.0
2026-09-18 12:48:17.046,sell,101.04,0.098968,10.0
2026-09-18 12:48:26.303,buy,101.04,0.274233,27.71
2026-09-18 12:48:26.409,sell,101.04,0.318735,32.21
2026-09-18 12:48:27.207,sell,101.04,0.098968,10.0
2026-09-18 12:48:46.648,sell,101.04,1.945612,196.59
2026-09-18 12:49:02.561,buy,100.98,0.481926,48.67
2026-09-18 12:49:14.951,buy,100.98,0.099028,10.0
2026-09-18 12:49:15.814,buy,100.98,0.099028,10.0
2026-09-18 12:49:27.483,buy,100.98,0.488665,49.35
2026-09-18 12:49:39.639,sell,100.98,0.301097,30.41
2026-09-18 12:49:52.362,sell,100.98,2.032173,205.21
2026-09-18 12:50:07.199,sell,100.99,0.099023,10.0
2026-09-18 12:50:11.145,buy,100.99,0.918198,92.73
2026-09-18 12:50:26.456,sell,100.99,0.382215,38.6
2026-09-18 12:50:47.439,sell,100.99,2.782457,280.99
2026-09-18 12:51:14.356,sell,100.83,0.11195,11.29
2026-09-18 12:51:16.028,sell,100.83,0.264368,26.66
2026-09-18 12:51:16.364,sell,100.83,0.500318,50.45
2026-09-18 12:51:24.518,sell,100.83,0.119745,12.07
2026-09-18 12:51:34.861,sell,100.83,0.340479,34.33
2026-09-18 12:52:17.893,sell,100.81,1.572931,158.57
2026-09-18 12:52:26.711,sell,100.81,1.193358,120.31
2026-09-18 12:52:41.326,sell,100.81,0.793394,79.98
2026-09-18 12:52:47.172,buy,100.81,0.864173,87.12
2026-09-18 12:52:53.361,sell,100.81,0.505991,51.01
2026-09-18 12:53:00.228,sell,100.77,12.271397,1236.55
2026-09-18 12:53:00.350,buy,100.77,3.178947,320.33
2026-09-18 12:53:13.715,buy,100.77,0.502854,50.67
2026-09-18 12:53:49.059,sell,100.77,0.099239,10.0
2026-09-18 12:54:06.256,buy,100.74,0.099268,10.0
2026-09-18 12:54:22.888,buy,100.74,64.843563,6532.19
2026-09-18 12:54:41.072,buy,100.74,0.468959,47.24
2026-09-18 12:54:43.597,buy,100.74,1.311603,132.13
2026-09-18 12:54:43.648,sell,100.74,0.244831,24.66
2026-09-18 12:54:56.170,sell,100.74,0.181877,18.32
2026-09-18 12:55:25.356,buy,100.72,0.154203,15.53
2026-09-18 12:55:26.775,buy,100.72,3.395723,342.02
2026-09-18 12:55:36.799,buy,100.72,0.099284,10.0
2026-09-18 12:56:00.233,sell,100.71,0.589404,59.36
2026-09-18 12:56:18.156,sell,100.71,0.542582,54.64
2026-09-18 12:56:27.558,sell,100.71,0.0993,10.0
2026-09-18 12:56:27.796,sell,100.71,0.169808,17.1
2026-09-18 12:56:31.350,buy,100.71,0.82449,83.03
2026-09-18 12:56:56.788,buy,100.71,0.122198,12.31
2026-09-18 12:56:58.369,sell,100.71,0.127343,12.82
2026-09-18 12:57:07.119,buy,100.76,0.404458,40.75
2026-09-18 12:57:46.677,buy,100.76,2.415072,243.35
2026-09-18 12:57:58.098,buy,100.76,1.162353,117.12
2026-09-18 12:58:07.964,buy,100.72,0.118543,11.94
2026-09-18 12:58:15.620,sell,100.72,0.295128,29.72
2026-09-18 12:58:18.014,sell,100.72,0.099288,10.0
2026-09-18 12:58:42.911,sell,100.72,0.660825,66.56
2026-09-18 12:58:45.143,buy,100.72,2.325361,234.2
2026-09-18 12:59:23.598,sell,100.7,1.47449,148.48
2026-09-18 12:59:31.927,sell,100.7,0.099308,10.0
2026-09-18 12:59:42.008,sell,100.7,0.763439,76.88
2026-09-18 12:59:45.067,buy,100.7,1.998184,201.21
2026-09-18 12:59:52.148,sell,100.7,0.258827,26.06
2026-09-18 13:00:12.730,sell,100.65,0.251469,25.31
2026-09-18 13:00:15.510,sell,100.65,1.098144,110.53
2026-09-18 13:00:30.787,buy,100.65,5.028647,506.15
2026-09-18 13:01:08.255,sell,100.67,0.324491,32.67
2026-09-18 13:01:45.179,sell,100.67,0.185304,18.65
2026-09-18 13:01:45.762,buy,100.67,0.682434,68.7
2026-09-18 13:02:10.054,sell,100.5,4.030132,405.03
2026-09-18 13:02:30.082,buy,100.5,0.099502,10.0
2026-09-18 13:02:36.765,buy,100.5,1.696355,170.49
2026-09-18 13:02:41.735,buy,100.5,1.397565,140.46
2026-09-18 13:03:10.998,buy,100.44,1.842536,185.06
2026-09-18 13:03:27.184,buy,100.44,2.438209,244.89
2026-09-18 13:03:46.004,buy,100.44,7.04538,707.64
2026-09-18 13:03:50.678,buy,100.44,3.584261,360.0
2026-09-18 13:03:54.669,buy,100.44,0.226266,22.73
2026-09-18 13:04:04.180,buy,100.47,0.513588,51.6
2026-09-18 13:04:31.179,buy,100.47,15.742572,1581.73
2026-09-18 13:04:52.303,buy,100.47,1.222767,122.86
2026-09-18 13:04:57.005,sell,100.47,3.508633,352.53
2026-09-18 13:05:10.671,buy,100.46,0.09954,10.0
2026-09-18 13:05:13.598,sell,100.46,0.228747,22.98
2026-09-18 13:05:20.479,buy,100.46,0.09954,10.0
2026-09-18 13:05:25.943,sell,100.46,0.427602,42.96
2026-09-18 13:05:26.269,buy,100.46,0.782901,78.65
2026-09-18 13:05:39.537,sell,100.46,0.09954,10.0
2026-09-18 13:05:58.438,buy,100.46,0.22894,23.0
2026-09-18 13:05:58.472,sell,100.46,0.09954,10.0
2026-09-18 13:06:02.656,buy,100.57,0.09943,10.0
2026-09-18 13:06:18.767,buy,100.57,1.138521,114.5
2026-09-18 13:06:25.855,sell,100.57,0.397039,39.93
2026-09-18 13:06:26.652,sell,100.57,0.7245,72.87
2026-09-18 13:06:51.367,buy,100.57,0.793996,79.85
2026-09-18 13:06:51.860,buy,100.57,26.671295,2682.42
2026-09-18 13:06:56.537,buy,100.57,0.230177,23.15
2026-09-18 13:07:04.452,buy,100.6,0.099406,10.0
2026-09-18 13:07:15.776,sell,100.6,3.068444,308.68
2026-09-18 13:07:31.000,sell,99.42,10.058338,1000.0
2026-09-18 13:07:35.347,sell,100.6,0.099406,10.0
2026-09-18 13:07:42.483,sell,100.6,0.099406,10.0
2026-09-18 13:07:43.632,buy,100.6,0.099406,10.0
2026-09-18 13:08:08.931,buy,100.56,1.853644,186.4
2026-09-18 13:08:26.254,buy,100.56,0.470858,47.35
2026-09-18 13:08:49.318,sell,100.56,0.679838,68.36
2026-09-18 13:09:13.882,sell,100.51,0.508854,51.15
2026-09-18 13:09:20.337,buy,100.51,1.077862,108.34
2026-09-18 13:09:22.476,sell,100.51,0.451143,45.35
2026-09-18 13:09:25.211,sell,100.51,2.06749,207.81
2026-09-18 13:09:32.546,buy,100.51,0.289398,29.09
2026-09-18 13:09:57.472,sell,100.51,0.099488,10.0
2026-09-18 13:10:00.794,buy,100.62,0.099383,10.0
2026-09-18 13:10:03.640,buy,100.62,0.103751,10.44
2026-09-18 13:10:04.226,sell,100.62,0.345319,34.75
2026-09-18 13:10:15.679,sell,100.62,0.372926,37.52
2026-09-18 13:10:23.227,buy,100.62,0.099383,10.0
2026-09-18 13:10:23.901,buy,100.62,0.139425,14.03
2026-09-18 13:10:56.085,sell,100.62,0.857338,86.27
2026-09-18 13:11:02.708,buy,100.65,0.099355,10.0
2026-09-18 13:11:05.379,sell,100.65,0.099355,10.0
2026-09-18 13:11:32.204,sell,100.65,0.099355,10.0
2026-09-18 13:11:48.814,buy,100.65,0.099355,10.0
2026-09-18 13:11:58.380,sell,100.65,0.261319,26.3
2026-09-18 13:12:11.884,buy,100.7,1.062877,107.03
2026-09-18 13:12:21.520,buy,100.7,0.117438,11.83
2026-09-18 13:12:35.046,sell,100.7,0.207348,20.88
2026-09-18 13:13:02.844,sell,100.66,0.099349,10.0
2026-09-18 13:13:19.774,buy,100.66,0.204233,20.56
2026-09-18 13:13:23.532,sell,100.66,0.47284,47.59
2026-09-18 13:13:29.437,sell,100.66,0.562719,56.64
2026-09-18 13:13:44.517,buy,100.66,1.452884,146.24
2026-09-18 13:13:47.337,sell,100.66,0.609762,61.38
2026-09-18 13:13:58.647,buy,100.66,0.099349,10.0
2026-09-18 13:13:58.808,buy,100.66,2.08586,209.95
2026-09-18 13:14:14.778,buy,100.65,5.012691,504.52
2026-09-18 13:14:24.568,buy,100.65,1.399766,140.88
2026-09-18 13:14:27.706,buy,100.65,0.652149,65.64
2026-09-18 13:14:33.504,buy,100.65,0.291408,29.33
2026-09-18 13:14:40.490,buy,100.65,0.105468,10.62
2026-09-18 13:14:44.829,sell,100.65,0.229673,23.12
2026-09-18 13:14:50.325,buy,100.65,11.136425,1120.86
2026-09-18 13:15:10.735,sell,100.57,0.163181,16.41
2026-09-18 13:15:18.667,buy,100.57,0.80415,80.88
2026-09-18 13:15:20.833,sell,100.57,3.075248,309.29
2026-09-18 13:15:34.953,buy,100.57,0.518297,52.13
2026-09-18 13:15:39.585,buy,100.57,0.325766,32.76
2026-09-18 13:15:42.704,sell,100.57,0.09943,10.0
2026-09-18 13:15:55.598,buy,100.57,0.09943,10.0
2026-09-18 13:16:28.804,buy,100.55,0.474353,47.7
2026-09-18 13:16:30.973,sell,100.55,0.139057,13.98
2026-09-18 13:16:47.644,sell,100.55,0.197776,19.89
2026-09-18 13:17:33.639,sell,100.51,1.222267,122.85
2026-09-18 13:17:49.411,buy,100.51,0.148782,14.95
2026-09-18 13:17:51.385,sell,100.51,0.09949,10.0
2026-09-18 13:17:58.077,sell,100.51,0.688026,69.16
2026-09-18 13:18:08.775,sell,100.38,0.099618,10.0
2026-09-18 13:18:21.378,sell,100.38,0.099618,10.0
2026-09-18 13:18:35.000,buy,100.38,0.099618,10.0
2026-09-18 13:18:46.886,buy,100.38,0.131574,13.21
2026-09-18 13:19:09.667,buy,100.36,0.272787,27.38
2026-09-18 13:19:11.975,sell,100.36,0.316883,31.8
2026-09-18 13:19:21.852,buy,100.36,0.370487,37.18
2026-09-18 13:19:23.907,sell,100.36,0.227978,22.88
2026-09-18 13:19:38.512,sell,100.36,1.487911,149.33
2026-09-18 13:19:43.556,buy,100.36,1.647422,165.34
2026-09-18 13:19:47.714,buy,100.36,5.925388,594.68
2026-09-18 13:19:59.753,sell,100.36,0.466423,46.81
2026-09-18 13:20:21.201,buy,100.31,0.099691,10.0
2026-09-18 13:20:22.044,buy,100.31,0.554354,55.61
2026-09-18 13:20:35.262,sell,100.31,0.834571,83.72
2026-09-18 13:20:44.124,sell,100.31,0.168594,16.91
2026-09-18 13:20:54.826,sell,100.31,1.89638,190.22
2026-09-18 13:21:34.827,buy,100.35,0.578594,58.06
2026-09-18 13:21:36.872,buy,100.35,0.464174,46.58
2026-09-18 13:21:39.512,buy,100.35,0.099655,10.0
2026-09-18 13:21:40.606,sell,100.35,0.578644,58.06
2026-09-18 13:21:44.117,sell,100.35,0.099655,10.0
2026-09-18 13:21:52.262,sell,100.35,0.099655,10.0
2026-09-18 13:21:52.675,sell,100.35,0.176275,17.69
2026-09-18 13:22:12.728,sell,100.48,2.937131,295.12
2026-09-18 13:22:34.446,sell,100.48,5.299407,532.47
2026-09-18 13:22:53.061,buy,100.48,0.296674,29.81
2026-09-18 13:23:03.551,buy,100.52,0.996283,100.14
2026-09-18 13:23:12.126,sell,100.52,0.099486,10.0
2026-09-18 13:23:20.083,sell,100.52,0.099486,10.0
2026-09-18 13:23:22.240,sell,100.52,1.201118,120.73
2026-09-18 13:23:30.383,sell,100.52,1.999037,200.94
2026-09-18 13:23:49.258,buy,100.52,0.099486,10.0
2026-09-18 13:23:54.219,buy,100.52,0.370041,37.2
2026-09-18 13:23:54.348,sell,100.52,0.19512,19.61
2026-09-18 13:24:05.317,buy,100.49,0.217279,21.83
2026-09-18 13:24:09.267,buy,100.49,0.135536,13.62
2026-09-18 13:24:14.568,sell,100.49,0.099513,10.0
2026-09-18 13:24:43.559,buy,100.49,0.663584,66.68
2026-09-18 13:24:52.188,sell,100.49,0.270132,27.15
2026-09-18 13:25:17.034,buy,100.39,4.629638,464.78
2026-09-18 13:25:24.440,buy,100.39,0.698895,70.16
2026-09-18 13:25:26.547,sell,100.39,0.09961,10.0
2026-09-18 13:25:58.941,sell,100.39,9.293102,932.95
2026-09-18 13:26:07.510,buy,100.35,0.105997,10.64
2026-09-18 13:26:15.259,buy,100.35,0.099649,10.0
2026-09-18 13:26:21.521,sell,100.35,0.099649,10.0
2026-09-18 13:26:29.980,buy,100.35,0.292088,29.31
2026-09-18 13:26:41.186,sell,100.35,0.360107,36.14
2026-09-18 13:27:13.001,sell,100.23,0.43261,43.36
2026-09-18 13:27:15.661,sell,100.23,0.288969,28.96
2026-09-18 13:27:20.010,sell,100.23,0.840982,84.29
2026-09-18 13:27:35.069,sell,100.23,1.791285,179.54
2026-09-18 13:27:38.850,buy,100.23,3.517481,352.56
2026-09-18 13:27:39.173,buy,100.23,0.165478,16.59
2026-09-18 13:27:43.444,sell,100.23,0.164306,16.47
2026-09-18 13:28:08.238,sell,100.1,0.375999,37.64
2026-09-18 13:28:13.419,buy,100.1,0.099895,10.0
2026-09-18 13:28:17.706,sell,100.1,1.651987,165.37
2026-09-18 13:28:22.022,buy,100.1,6.594194,660.11
2026-09-18 13:28:36.492,sell,100.1,0.188426,18.86
2026-09-18 13:28:43.871,sell,100.1,0.160162,16.03
2026-09-18 13:29:06.375,sell,100.1,0.099896,10.0
2026-09-18 13:29:08.801,buy,100.1,0.164308,16.45
2026-09-18 13:29:19.722,buy,100.1,0.099896,10.0
2026-09-18 13:29:22.560,sell,100.1,5.537615,554.34
2026-09-18 13:29:31.826,buy,100.1,3.943473,394.76
2026-09-18 13:29:32.892,buy,100.1,0.300932,30.12
2026-09-18 13:29:53.411,buy,100.1,0.741552,74.23
2026-09-18 13:29:57.021,buy,100.1,0.099896,10.0
2026-09-18 13:30:00.667,buy,100.05,1.329851,133.05
2026-09-18 13:30:13.434,sell,100.05,2.888929,289.04
2026-09-18 13:30:17.616,sell,100.05,0.287611,28.78
2026-09-18 13:30:35.382,buy,100.05,0.265086,26.52
2026-09-18 13:30:45.479,buy,100.05,0.204028,20.41
2026-09-18 13:31:07.879,buy,100.06,0.230173,23.03
2026-09-18 13:31:22.651,sell,100.06,0.162313,16.24
2026-09-18 13:31:26.960,buy,100.06,0.099937,10.0
2026-09-18 13:31:30.274,sell,100.06,1.975735,197.7
2026-09-18 13:32:03.698,sell,100.12,0.208252,20.85
2026-09-18 13:32:09.321,sell,100.12,0.390164,39.06
2026-09-18 13:32:17.920,buy,100.12,0.099879,10.0
2026-09-18 13:32:36.659,sell,100.12,0.119671,11.98
2026-09-18 13:32:42.902,sell,100.12,0.130523,13.07
2026-09-18 13:32:50.578,sell,100.12,0.099879,10.0
2026-09-18 13:33:09.175,buy,100.07,1.660757,166.19
2026-09-18 13:33:15.810,sell,100.07,1.790988,179.23
2026-09-18 13:33:29.880,sell,100.07,0.339493,33.97
2026-09-18 13:33:34.391,buy,100.07,0.671404,67.19
2026-09-18 13:33:55.317,sell,100.07,0.099929,10.0
2026-09-18 13:34:13.480,sell,100.12,0.353741,35.41
2026-09-18 13:34:24.659,buy,100.12,0.099885,10.0
2026-09-18 13:34:41.028,buy,100.12,0.099885,10.0
2026-09-18 13:34:54.884,buy,100.12,0.361886,36.23
2026-09-18 13:34:56.407,buy,100.12,1.239782,124.12
2026-09-18 13:35:03.335,sell,100.14,0.130527,13.07
2026-09-18 13:35:11.324,sell,100.14,0.151788,15.2
2026-09-18 13:35:13.710,sell,100.14,0.571918,57.27
2026-09-18 13:35:23.130,sell,100.14,0.626587,62.75
2026-09-18 13:36:14.889,sell,100.26,0.5614,56.28
2026-09-18 13:36:16.074,sell,100.26,0.193913,19.44
2026-09-18 13:36:19.681,buy,100.26,0.170594,17.1
2026-09-18 13:36:27.203,sell,100.26,0.422256,42.33
2026-09-18 13:36:39.748,sell,100.26,0.14791,14.83
2026-09-18 13:36:46.277,sell,100.26,1.125337,112.82
2026-09-18 13:36:56.966,sell,100.26,0.249127,24.98
2026-09-18 13:37:00.189,buy,100.25,0.176357,17.68
2026-09-18 13:37:02.843,sell,100.25,0.797335,79.93
2026-09-18 13:37:10.891,buy,100.25,0.099749,10.0
2026-09-18 13:37:14.187,sell,100.25,7.402424,742.11
2026-09-18 13:37:21.707,sell,100.25,0.646393,64.8
2026-09-18 13:38:18.128,sell,100.23,0.961432,96.36
2026-09-18 13:38:20.350,buy,100.23,0.841864,84.38
2026-09-18 13:38:25.470,buy,100.23,0.423948,42.49
2026-09-18 13:39:11.771,buy,100.18,0.099822,10.0
2026-09-18 13:39:18.856,sell,100.18,0.099822,10.0
2026-09-18 13:39:24.027,sell,100.18,0.899207,90.08
2026-09-18 13:39:24.960,buy,100.18,0.248558,24.9
2026-09-18 13:39:42.526,sell,100.18,0.100312,10.05
2026-09-18 13:40:08.264,buy,100.23,0.216309,21.68
2026-09-18 13:40:23.300,sell,100.23,0.099773,10.0
2026-09-18 13:40:43.164,buy,100.23,0.368665,36.95
2026-09-18 13:40:54.000,buy,99.42,10.058338,1000.0
2026-09-18 13:41:02.764,buy,100.24,0.117643,11.79
2026-09-18 13:41:29.734,buy,100.24,0.099763,10.0
2026-09-18 13:41:47.065,buy,100.24,1.74866,175.28
2026-09-18 13:41:49.116,sell,100.24,0.423332,42.43
2026-09-18 13:41:52.901,sell,100.24,0.104517,10.48
2026-09-18 13:42:00.108,sell,100.22,3.707652,371.57
2026-09-18 13:42:23.800,buy,100.22,0.854852,85.67
2026-09-18 13:42:41.651,sell,100.22,1.301001,130.38
2026-09-18 13:42:52.128,sell,100.22,0.466152,46.72
2026-09-18 13:42:59.069,buy,100.22,0.099783,10.0
2026-09-18 13:43:03.667,buy,100.31,0.823897,82.65
2026-09-18 13:43:05.540,sell,100.31,0.102511,10.28
2026-09-18 13:43:17.771,sell,100.31,0.124557,12.49
2026-09-18 13:44:04.944,sell,100.2,1.51631,151.93
2026-09-18 13:44:09.274,sell,100.2,0.0998,10.0
2026-09-18 13:44:34.547,buy,100.2,0.433108,43.4
2026-09-18 13:44:35.769,sell,100.2,0.0998,10.0
2026-09-18 13:44:37.649,buy,100.2,0.400429,40.12
2026-09-18 13:44:52.373,buy,100.2,0.0998,10.0
2026-09-18 13:44:55.376,buy,100.2,0.354031,35.47
2026-09-18 13:44:59.421,buy,100.2,9.198809,921.72
2026-09-18 13:45:02.389,buy,100.19,1.624014,162.72
2026-09-18 13:45:03.492,buy,100.19,1.106989,110.91
2026-09-18 13:45:13.630,buy,100.19,3.379948,338.65
2026-09-18 13:45:14.909,sell,100.19,0.456624,45.75
2026-09-18 13:45:31.410,sell,100.19,1.12373,112.59
2026-09-18 13:45:33.373,buy,100.19,1.849846,185.34
2026-09-18 13:46:08.587,sell,100.3,1.427595,143.19
2026-09-18 13:46:12.441,sell,100.3,0.099698,10.0
2026-09-18 13:46:13.078,sell,100.3,2.034288,204.05
2026-09-18 13:46:26.234,sell,100.3,0.211515,21.22
2026-09-18 13:46:26.769,sell,100.3,1.135281,113.87
2026-09-18 13:46:48.346,buy,100.3,0.294652,29.55
2026-09-18 13:47:05.427,sell,100.25,0.099746,10.0
2026-09-18 13:47:10.327,buy,100.25,0.099746,10.0
2026-09-18 13:47:34.117,sell,100.25,20.870402,2092.35
2026-09-18 13:47:43.588,buy,100.25,4.569757,458.14
2026-09-18 13:47:48.395,buy,100.25,0.194675,19.52
2026-09-18 13:48:01.354,sell,100.27,0.762261,76.44
2026-09-18 13:48:10.734,sell,100.27,0.421825,42.3
2026-09-18 13:48:14.463,buy,100.27,0.367047,36.81
2026-09-18 13:48:42.334,sell,100.27,18.566613,1861.76
2026-09-18 13:48:59.405,buy,100.27,0.141673,14.21
2026-09-18 13:49:24.416,sell,100.29,0.102843,10.31
2026-09-18 13:49:42.569,sell,100.29,1.092186,109.54
2026-09-18 13:49:44.957,sell,100.29,2.799758,280.79
2026-09-18 13:49:48.845,buy,100.29,0.320727,32.17
2026-09-18 13:49:52.331,buy,100.29,0.519898,52.14
2026-09-18 13:49:56.613,buy,100.29,0.099711,10.0
2026-09-18 13:49:58.323,sell,100.29,1.735187,174.02
2026-09-18 13:50:18.085,sell,100.23,0.136053,13.64
2026-09-18 13:50:29.513,sell,100.23,0.099775,10.0
2026-09-18 13:50:40.099,sell,100.23,2.651264,265.73
2026-09-18 13:50:48.515,sell,100.23,0.138663,13.9
2026-09-18 13:51:06.248,sell,100.26,0.725624,72.75
2026-09-18 13:51:14.956,buy,100.26,1.898568,190.36
2026-09-18 13:51:16.103,buy,100.26,0.359246,36.02
2026-09-18 13:51:20.259,buy,100.26,14.501609,1453.97
2026-09-18 13:51:28.408,buy,100.26,0.099738,10.0
2026-09-18 13:51:32.189,buy,100.26,0.401483,40.25
2026-09-18 13:52:08.381,sell,100.14,0.217074,21.74
2026-09-18 13:52:10.433,buy,100.14,4.055864,406.13
2026-09-18 13:52:18.280,buy,100.14,0.503,50.37
2026-09-18 13:52:31.753,sell,100.14,0.110479,11.06
2026-09-18 13:52:34.538,buy,100.14,1.467703,146.97
2026-09-18 13:52:36.560,buy,100.14,1.109349,111.08
2026-09-18 13:52:57.360,sell,100.14,1.032353,103.37
2026-09-18 13:53:04.778,sell,100.1,0.139106,13.92
2026-09-18 13:53:28.983,buy,100.1,0.507012,50.75
2026-09-18 13:53:31.284,buy,100.1,3.491103,349.45
2026-09-18 13:53:45.201,sell,100.1,5.891394,589.71
2026-09-18 13:53:57.272,buy,100.1,0.690592,69.13
2026-09-18 13:53:57.400,buy,100.1,0.336902,33.72
2026-09-18 13:53:57.528,sell,100.1,0.099903,10.0
2026-09-18 13:54:18.201,sell,100.1,0.198983,19.92
2026-09-18 13:54:19.757,buy,100.1,0.099902,10.0
2026-09-18 13:54:24.160,sell,100.1,0.24625,24.65
2026-09-18 13:54:38.576,buy,100.1,0.111498,11.16
2026-09-18 13:54:39.804,sell,100.1,0.099902,10.0
2026-09-18 13:54:44.522,sell,100.1,0.099902,10.0
2026-09-18 13:54:51.731,sell,100.1,0.703422,70.41
2026-09-18 13:54:52.580,buy,100.1,8.091642,809.96
2026-09-18 13:55:08.946,sell,100.08,0.362474,36.28
2026-09-18 13:55:36.356,buy,100.08,0.497936,49.83
2026-09-18 13:55:41.475,sell,100.08,0.883276,88.4
2026-09-18 13:55:57.982,buy,100.08,0.912034,91.28
2026-09-18 13:56:20.132,sell,100.1,0.099901,10.0
2026-09-18 13:56:27.081,sell,100.1,0.241782,24.2
2026-09-18 13:56:36.543,buy,100.1,0.14239,14.25
2026-09-18 13:56:48.911,buy,100.1,4.38025,438.46
2026-09-18 13:56:53.036,buy,100.1,0.671716,67.24
2026-09-18 13:57:18.821,buy,100.0,0.099998,10.0
2026-09-18 13:57:26.494,sell,100.0,0.864339,86.44
2026-09-18 13:57:36.499,sell,100.0,0.345459,34.55
2026-09-18 13:57:48.391,buy,100.0,7.999035,799.92
2026-09-18 13:57:49.290,buy,100.0,0.099998,10.0
2026-09-18 13:57:57.020,sell,100.0,2.366552,236.66
2026-09-18 13:58:03.959,sell,99.99,0.699382,69.93
2026-09-18 13:58:11.173,buy,99.99,4.953414,495.28
2026-09-18 13:58:21.912,sell,99.99,0.100012,10.0
2026-09-18 13:58:24.570,sell,99.99,2.873531,287.32
2026-09-18 13:58:35.913,buy,99.99,0.100012,10.0
2026-09-18 13:59:22.122,sell,99.95,0.100049,10.0
2026-09-18 13:59:32.149,buy,99.95,5.065565,506.31
2026-09-18 13:59:42.157,buy,99.95,0.606373,60.61
2026-09-18 13:59:49.277,buy,99.95,4.714694,471.24
2026-09-18 13:59:54.437,sell,99.95,0.119222,11.92
2026-09-18 14:00:09.000,buy,99.92,0.401113,40.08
2026-09-18 14:00:17.597,sell,99.92,0.100076,10.0
2026-09-18 14:00:35.603,sell,99.92,0.100076,10.0
2026-09-18 14:00:39.602,sell,99.92,8.45339,844.7
2026-09-18 14:00:42.863,sell,99.92,0.100076,10.0
2026-09-18 14:00:56.296,sell,99.92,0.174931,17.48
2026-09-18 14:00:58.434,buy,99.92,0.844726,84.41
2026-09-18 14:01:09.212,buy,99.89,0.545713,54.51
2026-09-18 14:01:13.810,buy,99.89,0.364317,36.39
2026-09-18 14:01:53.097,buy,99.89,2.386309,238.37
2026-09-18 14:02:01.391,sell,99.84,0.325666,32.51
2026-09-18 14:02:15.436,buy,99.84,0.39386,39.32
2026-09-18 14:02:18.329,sell,99.84,0.321279,32.08
2026-09-18 14:02:18.927,buy,99.84,19.374429,1934.34
2026-09-18 14:02:20.585,sell,99.84,0.10016,10.0
2026-09-18 14:02:30.000,buy,99.23,10.077598,1000.0
2026-09-18 14:02:53.611,buy,99.84,0.10016,10.0
2026-09-18 14:03:20.012,buy,99.87,1.221713,122.01
2026-09-18 14:03:23.474,sell,99.87,14.06492,1404.68
2026-09-18 14:03:41.909,sell,99.87,0.132627,13.25
2026-09-18 14:03:48.329,buy,99.87,0.100129,10.0
2026-09-18 14:03:53.497,sell,99.87,7.244457,723.51
2026-09-18 14:04:03.311,sell,99.81,0.54617,54.51
2026-09-18 14:04:11.987,buy,99.81,0.395945,39.52
2026-09-18 14:04:18.226,sell,99.81,0.100194,10.0
2026-09-18 14:04:19.266,buy,99.81,0.100194,10.0
2026-09-18 14:04:35.645,buy,99.81,0.157562,15.73
2026-09-18 14:04:36.472,sell,99.81,1.276596,127.41
2026-09-18 14:04:37.786,sell,99.81,4.304993,429.67
2026-09-18 14:04:42.894,buy,99.81,0.204178,20.38
2026-09-18 14:05:03.282,buy,99.77,1.36109,135.79
2026-09-18 14:05:07.815,sell,99.77,1.43627,143.29
2026-09-18 14:05:11.230,sell,99.77,0.100235,10.0
2026-09-18 14:05:18.091,sell,99.77,0.592876,59.15
2026-09-18 14:05:20.228,buy,99.77,15.59684,1556.03
2026-09-18 14:05:27.088,sell,99.77,0.100235,10.0
2026-09-18 14:05:36.301,buy,99.77,4.662686,465.18
2026-09-18 14:05:45.558,sell,99.77,0.159853,15.95
2026-09-18 14:06:04.422,buy,99.71,1.538468,153.4
2026-09-18 14:06:04.809,sell,99.71,0.259226,25.85
2026-09-18 14:06:13.782,buy,99.71,2.267733,226.11
2026-09-18 14:06:37.432,sell,99.71,0.100292,10.0
2026-09-18 14:06:49.730,buy,99.71,2.693104,268.53
2026-09-18 14:06:55.749,sell,99.71,0.946049,94.33
2026-09-18 14:06:58.120,sell,99.71,0.680577,67.86
2026-09-18 14:07:02.983,buy,99.7,1.595442,159.07
2026-09-18 14:07:43.954,sell,99.7,0.438734,43.74
2026-09-18 14:07:49.075,buy,99.7,0.1003,10.0
2026-09-18 14:07:49.717,sell,99.7,9.46361,943.53
2026-09-18 14:08:00.230,sell,99.69,0.100315,10.0
2026-09-18 14:08:03.757,sell,99.69,3.928596,391.63
2026-09-18 14:08:24.476,sell,99.69,0.100315,10.0
2026-09-18 14:08:48.859,buy,99.69,0.959497,95.65
2026-09-18 14:08:56.674,sell,99.69,0.100315,10.0
2026-09-18 14:08:58.573,sell,99.69,2.428225,242.06
2026-09-18 14:09:06.191,sell,99.63,0.100368,10.0
2026-09-18 14:09:34.372,sell,99.63,0.646645,64.43
2026-09-18 14:09:50.679,sell,99.63,0.100368,10.0
2026-09-18 14:10:15.572,sell,99.67,0.352868,35.17
2026-09-18 14:10:26.219,sell,99.67,4.478308,446.38
2026-09-18 14:10:37.869,sell,99.67,0.157081,15.66
2026-09-18 14:10:45.492,sell,99.67,0.258027,25.72
2026-09-18 14:10:48.343,buy,99.67,1.65416,164.88
2026-09-18 14:10:50.260,sell,99.67,0.242142,24.14
2026-09-18 14:11:25.922,buy,99.65,0.441408,43.99
2026-09-18 14:11:31.845,sell,99.65,0.100348,10.0
2026-09-18 14:11:42.348,buy,99.65,8.0592,803.12
2026-09-18 14:12:01.880,sell,99.65,0.144108,14.36
2026-09-18 14:12:33.195,sell,99.65,12.43851,1239.55
2026-09-18 14:12:36.082,buy,99.65,0.100347,10.0
2026-09-18 14:12:48.583,sell,99.65,0.100347,10.0
2026-09-18 14:12:52.392,sell,99.65,1.793042,178.68
2026-09-18 14:12:53.660,sell,99.65,0.100347,10.0
2026-09-18 14:13:00.497,buy,99.61,0.731163,72.83
2026-09-18 14:13:01.281,sell,99.61,0.100391,10.0
2026-09-18 14:13:06.102,sell,99.61,0.884265,88.08
2026-09-18 14:13:13.577,sell,99.61,0.602012,59.97
2026-09-18 14:13:18.855,sell,99.61,0.115015,11.46
2026-09-18 14:13:27.763,sell,99.61,0.155374,15.48
2026-09-18 14:13:38.031,buy,99.61,0.504613,50.26
2026-09-18 14:13:50.043,sell,99.61,0.777349,77.43
2026-09-18 14:14:12.542,buy,99.49,1.095961,109.04
2026-09-18 14:14:16.690,buy,99.49,0.111709,11.11
2026-09-18 14:14:18.538,buy,99.49,3.192574,317.63
2026-09-18 14:15:02.412,buy,99.45,0.100557,10.0
2026-09-18 14:15:05.707,sell,99.45,0.213756,21.26
2026-09-18 14:15:07.137,buy,99.45,4.808662,478.2
2026-09-18 14:15:10.092,buy,99.45,2.001111,199.0
2026-09-18 14:15:27.969,sell,99.45,0.109454,10.88
2026-09-18 14:15:34.405,sell,99.45,1.191231,118.46
2026-09-18 14:15:39.078,buy,99.45,0.346895,34.5
2026-09-18 14:15:52.567,sell,99.45,1.929811,191.91
2026-09-18 14:16:15.406,buy,99.41,0.100596,10.0
2026-09-18 14:16:21.397,sell,99.41,0.100596,10.0
2026-09-18 14:16:32.324,sell,99.41,0.350638,34.86
2026-09-18 14:17:00.879,sell,99.31,0.100698,10.0
2026-09-18 14:17:07.250,buy,99.31,0.100698,10.0
2026-09-18 14:17:08.512,buy,99.31,0.177345,17.61
2026-09-18 14:17:23.891,buy,99.31,0.100698,10.0
2026-09-18 14:17:47.105,buy,99.31,0.183617,18.23
2026-09-18 14:17:52.954,sell,99.31,0.327848,32.56
2026-09-18 14:18:03.807,buy,99.34,0.100662,10.0
2026-09-18 14:18:04.084,sell,99.34,0.100662,10.0
2026-09-18 14:18:09.209,sell,99.34,2.60196,258.49
2026-09-18 14:18:27.023,sell,99.34,0.280326,27.85
2026-09-18 14:18:29.963,sell,99.34,0.105537,10.48
2026-09-18 14:18:32.013,sell,99.34,0.14601,14.51
2026-09-18 14:18:35.608,buy,99.34,0.677906,67.34
2026-09-18 14:18:40.413,sell,99.34,0.100662,10.0
2026-09-18 14:19:02.372,sell,99.34,0.592019,58.81
2026-09-18 14:19:05.413,sell,99.34,4.765676,473.41
2026-09-18 14:19:07.739,sell,99.34,0.248909,24.73
2026-09-18 14:19:08.263,sell,99.34,0.100668,10.0
2026-09-18 14:19:20.180,buy,99.34,0.145429,14.45
2026-09-18 14:19:22.437,buy,99.34,0.100668,10.0
2026-09-18 14:19:41.629,sell,99.34,2.399151,238.32
2026-09-18 14:20:22.977,buy,99.42,0.24482,24.34
2026-09-18 14:20:31.009,sell,99.42,1.301009,129.34
2026-09-18 14:20:32.625,buy,99.42,0.135131,13.43
2026-09-18 14:20:32.917,sell,99.42,0.442412,43.98
2026-09-18 14:21:00.971,buy,99.41,1.035048,102.89
2026-09-18 14:21:04.356,buy,99.41,0.891801,88.65
2026-09-18 14:21:14.249,sell,99.41,0.100593,10.0
2026-09-18 14:21:25.266,sell,99.41,1.527057,151.8
2026-09-18 14:21:27.439,sell,99.41,0.136074,13.53
2026-09-18 14:21:49.101,sell,99.41,1.454512,144.59
2026-09-18 14:21:50.678,sell,99.41,2.234159,222.1
2026-09-18 14:21:59.225,buy,99.41,0.707371,70.32
2026-09-18 14:22:05.328,sell,99.53,2.070276,206.05
2026-09-18 14:22:10.577,sell,99.53,0.100475,10.0
2026-09-18 14:22:50.081,buy,99.53,0.199716,19.88
2026-09-18 14:22:56.593,sell,99.53,0.267432,26.62
2026-09-18 14:23:34.101,buy,99.51,0.100496,10.0
2026-09-18 14:23:42.684,sell,99.51,0.100496,10.0
2026-09-18 14:23:46.084,buy,99.51,0.100496,10.0
2026-09-18 14:23:54.679,sell,99.51,1.480378,147.31
2026-09-18 14:24:02.869,buy,99.47,0.100529,10.0
2026-09-18 14:24:15.451,buy,99.47,0.354305,35.24
2026-09-18 14:24:28.066,sell,99.47,0.100529,10.0
2026-09-18 14:24:39.054,sell,99.47,1.631383,162.28
2026-09-18 14:24:43.217,buy,99.47,0.100529,10.0
2026-09-18 14:24:51.594,sell,99.47,0.198172,19.71
2026-09-18 14:24:52.686,sell,99.47,0.476758,47.43
2026-09-18 14:24:55.995,sell,99.47,0.100529,10.0
2026-09-18 14:25:18.981,sell,99.51,0.100496,10.0
2026-09-18 14:25:22.470,sell,99.51,4.985919,496.13
2026-09-18 14:25:22.938,buy,99.51,0.129126,12.85
2026-09-18 14:25:32.029,sell,99.51,0.146098,14.54
2026-09-18 14:25:59.374,buy,99.51,1.301061,129.46
2026-09-18 14:26:03.061,buy,99.49,1.053934,104.86
2026-09-18 14:26:12.295,sell,99.49,1.174295,116.83
2026-09-18 14:26:21.827,sell,99.49,0.100512,10.0
2026-09-18 14:26:27.121,sell,99.49,0.632324,62.91
2026-09-18 14:26:35.294,buy,99.49,0.304897,30.33
2026-09-18 14:26:40.516,sell,99.49,0.397938,39.59
2026-09-18 14:26:47.375,buy,99.49,0.212973,21.19
2026-09-18 14:26:58.408,sell,99.49,1.419339,141.21
2026-09-18 14:27:10.165,sell,99.38,0.535433,53.21
2026-09-18 14:27:13.473,sell,99.38,0.965034,95.91
2026-09-18 14:27:25.675,sell,99.38,0.298983,29.71
2026-09-18 14:27:49.105,buy,99.38,0.802325,79.74
2026-09-18 14:27:58.850,buy,99.38,1.486839,147.76
2026-09-18 14:28:00.739,sell,99.44,0.85163,84.69
2026-09-18 14:28:25.183,buy,99.44,1.715794,170.62
2026-09-18 14:28:37.459,buy,99.44,0.10056,10.0
2026-09-18 14:28:38.596,sell,99.44,0.228121,22.69
2026-09-18 14:28:49.001,buy,99.44,0.10056,10.0
2026-09-18 14:29:04.989,buy,99.49,0.117411,11.68
2026-09-18 14:29:12.254,sell,99.49,1.531811,152.41
2026-09-18 14:29:29.429,sell,99.49,2.14114,213.03
2026-09-18 14:29:31.440,buy,99.49,1.852207,184.28
2026-09-18 14:29:47.835,buy,99.49,0.100508,10.0
2026-09-18 14:29:48.507,sell,99.49,0.39173,38.97
2026-09-18 14:29:49.219,sell,99.49,1.122409,111.67
2026-09-18 14:29:55.946,sell,99.49,9.615555,956.69
2026-09-18 14:30:07.639,buy,99.55,0.208322,20.74
2026-09-18 14:30:28.875,sell,99.55,0.174334,17.35
2026-09-18 14:30:58.639,buy,99.55,1.14445,113.93
2026-09-18 14:31:00.870,buy,99.55,0.602611,59.99
2026-09-18 14:31:09.511,buy,99.55,0.355987,35.44
2026-09-18 14:31:20.478,buy,99.55,0.322055,32.06
2026-09-18 14:31:34.664,buy,99.55,0.967169,96.28
2026-09-18 14:31:38.274,buy,99.55,0.100453,10.0
2026-09-18 14:31:44.135,sell,99.55,1.24862,124.3
2026-09-18 14:32:10.685,sell,99.55,0.411877,41.0
2026-09-18 14:32:18.232,buy,99.55,1.007067,100.25
2026-09-18 14:32:29.452,buy,99.55,0.100454,10.0
2026-09-18 14:32:32.503,buy,99.55,0.37122,36.95
2026-09-18 14:32:38.243,buy,99.55,0.27715,27.59
2026-09-18 14:32:44.603,sell,99.55,4.040518,402.23
2026-09-18 14:32:46.949,buy,99.55,0.650563,64.76
2026-09-18 14:33:13.651,buy,99.48,0.493984,49.14
2026-09-18 14:33:19.380,sell,99.48,0.375202,37.33
2026-09-18 14:33:25.849,sell,99.48,1.575472,156.73
2026-09-18 14:33:31.767,sell,99.48,0.10052,10.0
2026-09-18 14:33:35.304,sell,99.48,0.14172,14.1
2026-09-18 14:33:41.604,buy,99.48,0.619441,61.62
2026-09-18 14:33:59.441,sell,99.48,0.10052,10.0
2026-09-18 14:34:00.070,buy,99.44,0.100568,10.0
2026-09-18 14:34:12.199,sell,99.44,12.205856,1213.69
2026-09-18 14:34:14.515,sell,99.44,0.87319,86.83
2026-09-18 14:34:19.447,sell,99.44,0.153528,15.27
2026-09-18 14:34:26.860,sell,99.44,2.07393,206.22
2026-09-18 14:34:37.182,buy,99.44,0.341211,33.93
2026-09-18 14:34:40.281,buy,99.44,0.100568,10.0
2026-09-18 14:35:09.949,buy,99.44,0.100559,10.0
2026-09-18 14:35:17.136,sell,99.44,0.100559,10.0
2026-09-18 14:35:20.650,sell,99.44,0.244492,24.31
2026-09-18 14:35:40.435,sell,99.44,0.576094,57.29
2026-09-18 14:35:50.874,buy,99.44,0.189538,18.85
2026-09-18 14:35:54.848,sell,99.44,6.677642,664.05
2026-09-18 14:36:02.764,buy,99.51,0.306146,30.46
2026-09-18 14:36:35.531,buy,99.51,0.119462,11.89
2026-09-18 14:36:48.337,buy,99.51,0.2897,28.83
2026-09-18 14:37:05.504,buy,99.5,0.287899,28.65
2026-09-18 14:37:08.119,buy,99.5,0.389263,38.73
2026-09-18 14:37:14.529,sell,99.5,13.757619,1368.95
2026-09-18 14:37:35.127,buy,99.5,3.065455,305.03
2026-09-18 14:37:36.317,sell,99.5,0.532056,52.94
2026-09-18 14:37:40.716,buy,99.5,0.148939,14.82
2026-09-18 14:37:42.730,sell,99.5,0.271016,26.97
2026-09-18 14:38:07.363,sell,99.48,1.69777,168.9
2026-09-18 14:38:09.933,buy,99.48,0.100519,10.0
2026-09-18 14:38:17.036,buy,99.48,0.24162,24.04
2026-09-18 14:38:19.689,buy,99.48,0.100519,10.0
2026-09-18 14:38:20.635,buy,99.48,0.211469,21.04
2026-09-18 14:38:30.158,buy,99.48,0.246029,24.48
2026-09-18 14:38:49.525,sell,99.48,9.422167,937.35
2026-09-18 14:39:04.047,buy,99.55,0.100448,10.0
2026-09-18 14:39:11.463,buy,99.55,2.678103,266.62
2026-09-18 14:39:32.863,buy,99.55,0.293124,29.18
2026-09-18 14:39:36.239,sell,99.55,1.455164,144.87
2026-09-18 14:40:02.278,sell,99.55,0.293284,29.2
2026-09-18 14:40:13.282,sell,99.55,6.628441,659.85
2026-09-18 14:40:50.266,buy,99.55,0.713926,71.07
2026-09-18 14:40:54.318,buy,99.55,0.100454,10.0
2026-09-18 14:41:09.836,sell,99.48,0.100519,10.0
2026-09-18 14:41:16.870,buy,99.48,3.800276,378.06
2026-09-18 14:41:17.391,sell,99.48,2.930367,291.52
2026-09-18 14:41:28.234,buy,99.48,0.740453,73.66
2026-09-18 14:41:38.965,sell,99.48,0.276902,27.55
2026-09-18 14:41:49.847,sell,99.48,7.167681,713.07
2026-09-18 14:41:54.449,buy,99.48,0.108113,10.76
2026-09-18 14:41:56.378,buy,99.48,0.187673,18.67
2026-09-18 14:42:15.058,sell,99.62,1.205033,120.04
2026-09-18 14:42:16.159,sell,99.62,0.100386,10.0
2026-09-18 14:42:21.504,buy,99.62,1.533452,152.76
2026-09-18 14:43:05.609,sell,99.63,0.109482,10.91
2026-09-18 14:43:16.316,buy,99.63,0.302251,30.11
2026-09-18 14:43:35.788,buy,99.63,0.100368,10.0
2026-09-18 14:43:43.367,sell,99.63,0.24356,24.27
2026-09-18 14:43:46.263,sell,99.63,0.100368,10.0
2026-09-18 14:43:47.975,sell,99.63,1.761385,175.49
2026-09-18 14:43:55.010,sell,99.63,0.149423,14.89
2026-09-18 14:44:00.115,buy,99.62,0.100379,10.0
2026-09-18 14:44:20.040,sell,99.62,0.485643,48.38
2026-09-18 14:44:21.420,buy,99.62,0.100379,10.0
2026-09-18 14:44:26.625,sell,99.62,7.400431,737.25
2026-09-18 14:45:06.049,buy,99.55,10.04476,999.93
2026-09-18 14:45:07.190,buy,99.55,0.100454,10.0
2026-09-18 14:45:10.143,sell,99.55,0.489716,48.75
2026-09-18 14:45:25.361,buy,99.55,0.457159,45.51
2026-09-18 14:45:32.236,sell,99.55,0.718701,71.55
2026-09-18 14:45:47.808,sell,99.55,1.723997,171.62
2026-09-18 14:46:43.356,sell,99.49,2.395671,238.33
2026-09-18 14:46:49.740,sell,99.49,0.100517,10.0
2026-09-18 14:46:52.568,buy,99.49,7.036905,700.07
2026-09-18 14:47:00.312,buy,99.37,0.100631,10.0
2026-09-18 14:47:22.004,buy,99.37,0.559068,55.56
2026-09-18 14:47:29.554,sell,99.37,0.724249,71.97
2026-09-18 14:47:51.448,buy,99.37,0.524903,52.16
2026-09-18 14:48:05.690,sell,99.43,0.753014,74.87
2026-09-18 14:48:39.722,sell,99.43,0.801486,79.69
2026-09-18 14:48:49.381,sell,99.43,0.192127,19.1
2026-09-18 14:48:49.933,sell,99.43,0.100575,10.0
2026-09-18 14:48:54.363,buy,99.43,8.681018,863.14
2026-09-18 14:49:04.686,sell,99.5,2.072684,206.24
2026-09-18 14:49:11.023,buy,99.5,1.174657,116.88
2026-09-18 14:49:18.241,sell,99.5,0.557503,55.47
2026-09-18 14:49:23.451,buy,99.5,2.529354,251.68
2026-09-18 14:50:00.005,buy,99.52,0.100478,10.0
2026-09-18 14:50:05.235,buy,99.52,0.181376,18.05
2026-09-18 14:50:22.249,buy,99.52,0.100478,10.0
2026-09-18 14:50:34.512,sell,99.52,0.100478,10.0
2026-09-18 14:50:36.722,sell,99.52,1.149001,114.35
2026-09-18 14:50:47.353,buy,99.52,0.100478,10.0
2026-09-18 14:51:36.020,sell,99.54,0.677722,67.46
2026-09-18 14:51:58.955,sell,99.54,0.435641,43.36
2026-09-18 14:51:59.757,sell,99.54,0.100466,10.0
2026-09-18 14:52:10.015,buy,99.42,0.28626,28.46
2026-09-18 14:52:24.180,buy,99.42,0.317859,31.6
2026-09-18 14:52:40.769,buy,99.42,0.254661,25.32
2026-09-18 14:53:22.379,buy,99.41,5.142084,511.18
2026-09-18 14:53:51.627,sell,99.41,0.100593,10.0
2026-09-18 14:53:58.295,buy,99.41,18.609728,1850.0
2026-09-18 14:54:29.534,buy,99.45,0.198975,19.79
2026-09-18 14:54:31.397,buy,99.45,2.286256,227.38
2026-09-18 14:54:44.893,buy,99.45,1.959839,194.92
2026-09-18 14:54:51.758,sell,99.45,25.887845,2574.67
2026-09-18 14:54:53.225,sell,99.45,0.16736,16.64
2026-09-18 14:55:12.695,sell,99.5,40.360186,4015.85
2026-09-18 14:55:24.542,sell,99.5,1.793962,178.5
2026-09-18 14:55:46.083,sell,99.5,0.100502,10.0
2026-09-18 14:55:50.140,sell,99.5,0.100502,10.0
2026-09-18 14:56:01.772,sell,99.52,0.27284,27.15
2026-09-18 14:56:11.938,sell,99.52,0.102655,10.22
2026-09-18 14:56:17.547,buy,99.52,0.474385,47.21
2026-09-18 14:56:20.812,buy,99.52,0.971018,96.64
2026-09-18 14:56:49.564,buy,99.52,0.100482,10.0
2026-09-18 14:56:54.753,sell,99.52,0.100482,10.0
2026-09-18 14:56:56.443,buy,99.52,0.173306,17.25
2026-09-18 14:57:04.528,sell,99.58,0.181225,18.05
2026-09-18 14:57:11.145,sell,99.58,0.200568,19.97
2026-09-18 14:57:14.946,sell,99.58,0.100423,10.0
2026-09-18 14:57:15.445,buy,99.58,3.439816,342.53
2026-09-18 14:57:25.356,sell,99.58,0.164426,16.37
2026-09-18 14:57:52.049,sell,99.58,0.100423,10.0
2026-09-18 14:57:57.598,sell,99.58,0.100423,10.0
2026-09-18 14:58:29.006,buy,99.6,1.231594,122.67
2026-09-18 14:58:30.344,buy,99.6,0.339218,33.79
2026-09-18 14:58:30.513,buy,99.6,0.100399,10.0
2026-09-18 14:58:40.729,buy,99.6,142.723159,14215.53
2026-09-18 14:58:47.386,sell,99.6,1.104336,109.99
2026-09-18 14:58:57.282,buy,99.6,2.772516,276.15
2026-09-18 14:59:07.128,sell,99.68,0.781781,77.93
2026-09-18 14:59:07.685,sell,99.68,0.10032,10.0
2026-09-18 14:59:11.550,sell,99.68,0.662862,66.07
2026-09-18 14:59:15.376,sell,99.68,0.113272,11.29
2026-09-18 14:59:55.878,buy,99.68,0.10032,10.0
2026-09-18 14:59:58.936,sell,99.68,3.324128,331.35
2026-09-18 15:00:03.685,buy,99.7,0.133113,13.27
2026-09-18 15:00:04.336,buy,99.7,1.323625,131.96
2026-09-18 15:00:38.942,buy,99.7,0.381986,38.08
2026-09-18 15:00:41.831,buy,99.7,0.157766,15.73
2026-09-18 15:01:28.455,buy,99.62,9.346426,931.13
2026-09-18 15:01:35.911,buy,99.62,0.100377,10.0
2026-09-18 15:01:37.548,sell,99.62,0.823967,82.09
2026-09-18 15:02:08.954,buy,99.65,0.100347,10.0
2026-09-18 15:02:19.796,buy,99.65,0.168201,16.76
2026-09-18 15:02:25.217,sell,99.65,0.122533,12.21
2026-09-18 15:02:33.050,sell,99.65,0.100347,10.0
2026-09-18 15:02:37.063,buy,99.65,3.221923,321.08
2026-09-18 15:02:39.512,buy,99.65,0.793865,79.11
2026-09-18 15:02:42.684,buy,99.65,5.400149,538.15
2026-09-18 15:02:54.491,buy,99.65,1.047065,104.34
2026-09-18 15:03:14.497,sell,99.74,0.10026,10.0
2026-09-18 15:03:28.763,sell,99.74,0.112256,11.2
2026-09-18 15:03:32.247,sell,99.74,0.358919,35.8
2026-09-18 15:03:48.776,sell,99.74,0.843185,84.1
2026-09-18 15:03:57.628,buy,99.74,0.828105,82.6
2026-09-18 15:03:58.588,buy,99.74,0.10026,10.0
2026-09-18 15:04:01.891,sell,99.87,0.834662,83.36
2026-09-18 15:04:15.792,buy,99.87,1.188781,118.73
2026-09-18 15:04:30.048,sell,99.87,0.100126,10.0
2026-09-18 15:04:52.425,buy,99.87,1.368241,136.65
2026-09-18 15:05:07.550,buy,99.86,1.229424,122.76
2026-09-18 15:05:08.708,buy,99.86,3.027498,302.31
2026-09-18 15:05:10.306,sell,99.86,0.324772,32.43
2026-09-18 15:05:15.409,sell,99.86,0.695452,69.44
2026-09-18 15:05:40.138,buy,99.86,0.12992,12.97
2026-09-18 15:05:43.671,buy,99.86,2.63516,263.13
2026-09-18 15:05:45.417,buy,99.86,0.230879,23.05
2026-09-18 15:05:56.359,buy,99.86,0.859569,85.83
2026-09-18 15:06:20.943,buy,99.85,0.10015,10.0
2026-09-18 15:06:42.813,sell,99.85,0.520171,51.94
2026-09-18 15:06:57.600,buy,99.85,0.14213,14.19
2026-09-18 15:07:05.128,buy,99.8,20.991542,2094.87
2026-09-18 15:07:21.148,sell,99.8,0.4382,43.73
2026-09-18 15:07:36.582,buy,99.8,0.105409,10.52
2026-09-18 15:07:37.086,buy,99.8,0.407206,40.64
2026-09-18 15:07:52.216,sell,99.8,0.476249,47.53
2026-09-18 15:08:01.359,buy,99.91,0.100091,10.0
2026-09-18 15:08:18.800,sell,99.91,0.21818,21.8
2026-09-18 15:08:28.322,buy,99.91,3.007827,300.51
2026-09-18 15:08:56.675,buy,99.91,0.25745,25.72
2026-09-18 15:08:59.938,sell,99.91,0.100091,10.0
2026-09-18 15:09:18.899,sell,99.85,0.100147,10.0
2026-09-18 15:09:29.044,buy,99.85,2.944135,293.98
2026-09-18 15:09:57.136,buy,99.85,1.438342,143.62
2026-09-18 15:10:39.626,sell,99.92,0.100078,10.0
2026-09-18 15:10:52.290,sell,99.92,1.724927,172.36
2026-09-18 15:10:52.598,buy,99.92,0.238051,23.79
2026-09-18 15:11:13.331,sell,99.89,2.360339,235.77
2026-09-18 15:11:29.337,sell,99.89,0.100112,10.0
2026-09-18 15:11:57.858,sell,99.89,0.193912,19.37
2026-09-18 15:12:02.456,buy,99.86,0.139081,13.89
2026-09-18 15:12:12.255,buy,99.86,0.285502,28.51
2026-09-18 15:12:18.224,buy,99.86,0.100139,10.0
2026-09-18 15:12:34.302,buy,99.86,0.346848,34.64
2026-09-18 15:12:39.797,buy,99.86,1.022294,102.09
2026-09-18 15:12:46.714,sell,99.86,1.353406,135.15
2026-09-18 15:12:58.589,buy,99.86,0.100139,10.0
2026-09-18 15:13:01.344,sell,99.86,0.969296,96.8
2026-09-18 15:13:14.266,sell,99.86,0.470185,46.95
2026-09-18 15:13:37.847,buy,99.86,0.103461,10.33
2026-09-18 15:13:44.616,buy,99.86,9.946399,993.28
2026-09-18 15:14:01.832,buy,99.9,0.235457,23.52
2026-09-18 15:14:18.770,sell,99.9,0.100102,10.0
2026-09-18 15:14:22.628,buy,99.9,4.685397,468.06
2026-09-18 15:14:49.002,sell,99.9,0.615467,61.48
2026-09-18 15:14:49.499,sell,99.9,1.671005,166.93
2026-09-18 15:14:59.456,sell,99.9,1.282958,128.17
2026-09-18 15:15:15.964,buy,99.88,0.920313,91.92
2026-09-18 15:15:45.048,buy,99.88,0.198776,19.85
2026-09-18 15:15:59.966,buy,99.88,0.100117,10.0
2026-09-18 15:16:13.195,sell,99.91,0.800403,79.97
2026-09-18 15:16:25.224,buy,99.91,0.332887,33.26
2026-09-18 15:16:32.161,buy,99.91,6.470594,646.51
2026-09-18 15:16:36.859,buy,99.91,0.600006,59.95
2026-09-18 15:16:42.441,sell,99.91,0.100085,10.0
2026-09-18 15:16:43.546,sell,99.91,0.268571,26.83
2026-09-18 15:16:47.526,sell,99.91,0.111811,11.17
2026-09-18 15:16:55.165,buy,99.91,6.317293,631.19
2026-09-18 15:17:02.424,sell,99.93,0.100066,10.0
2026-09-18 15:17:03.608,buy,99.93,2.277972,227.65
2026-09-18 15:17:31.080,buy,99.93,0.412352,41.21
2026-09-18 15:17:35.900,buy,99.93,0.318751,31.85
2026-09-18 15:17:40.016,sell,99.93,0.100066,10.0
2026-09-18 15:18:20.213,buy,99.91,0.100089,10.0
2026-09-18 15:18:27.829,buy,99.91,0.103073,10.3
2026-09-18 15:18:29.738,sell,99.91,1.381041,137.98
2026-09-18 15:18:33.241,buy,99.91,0.42394,42.36
2026-09-18 15:18:36.515,buy,99.91,0.279075,27.88
2026-09-18 15:18:53.336,sell,99.91,0.209786,20.96
2026-09-18 15:19:18.878,buy,99.81,0.105449,10.52
2026-09-18 15:19:19.317,buy,99.81,1.651743,164.86
2026-09-18 15:19:37.016,sell,99.81,0.100191,10.0
2026-09-18 15:19:45.013,sell,99.81,0.144716,14.44
2026-09-18 15:19:53.336,sell,99.81,1.110865,110.87
2026-09-18 15:20:08.439,sell,99.85,2.822598,281.85
2026-09-18 15:20:10.686,buy,99.85,0.264954,26.46
2026-09-18 15:20:44.528,sell,99.85,0.187263,18.7
2026-09-18 15:21:07.220,sell,99.91,0.100092,10.0
2026-09-18 15:21:16.403,sell,99.91,2.228161,222.61
2026-09-18 15:21:17.000,buy,99.91,0.217784,21.76
2026-09-18 15:21:24.478,sell,99.91,0.25789,25.77
2026-09-18 15:21:28.769,sell,99.91,17.382161,1736.62
2026-09-18 15:21:47.940,buy,99.91,0.549009,54.85
2026-09-18 15:22:04.515,sell,99.85,0.676392,67.54
2026-09-18 15:22:05.103,sell,99.85,0.269773,26.94
2026-09-18 15:22:10.318,buy,99.85,0.100152,10.0
2026-09-18 15:22:12.789,buy,99.85,0.775824,77.46
2026-09-18 15:22:19.092,sell,99.85,0.339243,33.87
2026-09-18 15:22:22.010,sell,99.85,1.034851,103.33
2026-09-18 15:22:25.446,sell,99.85,0.643294,64.23
2026-09-18 15:22:29.979,sell,99.85,0.163078,16.28
2026-09-18 15:23:24.285,buy,99.86,2.331669,232.84
2026-09-18 15:23:35.434,sell,99.86,0.112629,11.25
2026-09-18 15:23:37.840,sell,99.86,5.995623,598.73
2026-09-18 15:23:41.699,sell,99.86,0.418757,41.82
2026-09-18 15:23:42.461,buy,99.86,0.10014,10.0
2026-09-18 15:23:52.879,buy,99.86,1.757051,175.46
2026-09-18 15:23:57.002,buy,99.86,0.212785,21.25
2026-09-18 15:24:19.450,buy,99.79,1.710396,170.67
2026-09-18 15:24:36.996,buy,99.79,0.100215,10.0
2026-09-18 15:24:44.689,buy,99.79,0.674316,67.29
2026-09-18 15:25:08.037,buy,99.77,0.169477,16.91
2026-09-18 15:25:26.410,buy,99.77,0.744572,74.28
2026-09-18 15:25:26.757,sell,99.77,0.166538,16.61
2026-09-18 15:25:48.237,sell,99.77,0.100236,10.0
2026-09-18 15:26:14.159,sell,99.76,1.303498,130.04
2026-09-18 15:26:17.527,buy,99.76,0.177262,17.68
2026-09-18 15:26:30.922,buy,99.76,2.665632,265.94
2026-09-18 15:26:47.964,buy,99.76,0.49726,49.61
2026-09-18 15:27:10.167,sell,99.8,1.39558,139.28
2026-09-18 15:27:34.376,buy,99.8,1.349461,134.68
2026-09-18 15:27:36.875,buy,99.8,0.685142,68.38
2026-09-18 15:27:47.379,sell,99.8,0.181251,18.09
2026-09-18 15:27:56.522,buy,99.8,0.859417,85.77
2026-09-18 15:28:03.678,sell,99.78,2.338281,233.31
2026-09-18 15:28:39.295,sell,99.78,1.698488,169.48
2026-09-18 15:28:57.339,buy,99.78,0.15016,14.98
2026-09-18 15:29:05.969,sell,99.77,0.348197,34.74
2026-09-18 15:29:22.960,buy,99.77,0.277277,27.66
2026-09-18 15:29:28.694,sell,99.77,6.230253,621.61
2026-09-18 15:29:39.856,sell,99.77,1.155637,115.3
2026-09-18 15:29:43.210,sell,99.77,1.538098,153.46
2026-09-18 15:29:58.424,sell,99.77,6.373316,635.88
2026-09-18 15:30:04.713,buy,99.71,0.100296,10.0
2026-09-18 15:30:08.352,sell,99.71,0.598571,59.68
2026-09-18 15:30:09.516,sell,99.71,3.159844,315.05
2026-09-18 15:30:10.117,sell,99.71,0.142498,14.21
2026-09-18 15:30:19.902,buy,99.71,0.504495,50.3
2026-09-18 15:30:41.914,sell,99.71,1.823174,181.78
2026-09-18 15:30:59.883,sell,99.71,3.060614,305.16
2026-09-18 15:31:13.431,sell,99.62,0.101554,10.12
2026-09-18 15:31:24.434,buy,99.62,0.228109,22.72
2026-09-18 15:31:53.158,buy,99.62,1.419526,141.41
2026-09-18 15:32:01.236,sell,99.74,0.100258,10.0
2026-09-18 15:32:24.423,buy,99.74,0.489374,48.81
2026-09-18 15:32:36.098,buy,99.74,2.786469,277.93
2026-09-18 15:32:44.991,buy,99.74,0.212591,21.2
2026-09-18 15:32:55.310,buy,99.74,0.100258,10.0
2026-09-18 15:33:09.566,sell,99.65,0.100356,10.0
2026-09-18 15:33:27.564,buy,99.65,5.038573,502.07
2026-09-18 15:33:45.386,sell,99.65,1.837442,183.09
2026-09-18 15:34:01.684,sell,99.69,0.100313,10.0
2026-09-18 15:34:02.710,buy,99.69,0.100313,10.0
2026-09-18 15:34:27.444,buy,99.69,0.427155,42.58
2026-09-18 15:34:34.890,sell,99.69,0.625099,62.31
2026-09-18 15:34:38.923,sell,99.69,0.215869,21.52
2026-09-18 15:34:40.935,sell,99.69,0.100313,10.0
2026-09-18 15:34:45.367,buy,99.69,2.38701,237.96
2026-09-18 15:35:00.304,buy,99.69,0.387026,38.58
2026-09-18 15:35:05.113,buy,99.69,0.100314,10.0
2026-09-18 15:35:08.882,buy,99.69,0.392037,39.08
2026-09-18 15:35:16.574,sell,99.69,0.100314,10.0
2026-09-18 15:35:19.642,buy,99.69,1.350084,134.59
2026-09-18 15:35:42.524,buy,99.69,1.090558,108.71
2026-09-18 15:35:53.141,sell,99.69,0.100314,10.0
2026-09-18 15:36:00.810,buy,99.64,0.262109,26.12
2026-09-18 15:36:08.609,sell,99.64,0.720898,71.83
2026-09-18 15:36:28.420,buy,99.64,0.311195,31.01
2026-09-18 15:36:34.573,buy,99.64,0.100361,10.0
2026-09-18 15:36:37.721,buy,99.64,0.692284,68.98
2026-09-18 15:36:45.130,buy,99.64,0.414779,41.33
2026-09-18 15:37:04.145,buy,99.74,0.100264,10.0
2026-09-18 15:37:16.696,buy,99.74,0.126033,12.57
2026-09-18 15:37:41.589,buy,99.74,0.100264,10.0
2026-09-18 15:38:07.530,sell,99.81,0.283881,28.33
2026-09-18 15:38:18.601,buy,99.81,4.89852,488.93
2026-09-18 15:38:32.074,buy,99.81,0.100189,10.0
2026-09-18 15:38:32.171,buy,99.81,1.683861,168.07
2026-09-18 15:38:38.867,sell,99.81,4.120732,411.3
2026-09-18 15:39:10.222,sell,99.74,0.100256,10.0
2026-09-18 15:39:20.498,buy,99.74,0.100256,10.0
2026-09-18 15:39:44.615,buy,99.74,0.262521,26.18
2026-09-18 15:39:54.411,buy,99.74,1.20961,120.65
2026-09-18 15:40:06.722,buy,99.76,1.031697,102.92
2026-09-18 15:40:24.972,buy,99.76,1.293786,129.07
2026-09-18 15:40:28.474,buy,99.76,0.100243,10.0
2026-09-18 15:40:49.606,sell,99.76,0.715798,71.41
2026-09-18 15:40:54.940,buy,99.76,0.923576,92.13
2026-09-18 15:41:02.747,sell,99.75,1.435091,143.15
2026-09-18 15:41:18.558,sell,99.75,0.100254,10.0
2026-09-18 15:41:23.328,buy,99.75,1.22186,121.88
2026-09-18 15:41:23.928,buy,99.75,0.127761,12.74
2026-09-18 15:41:27.104,sell,99.75,0.718837,71.7
2026-09-18 15:41:28.638,sell,99.75,1.215748,121.27
2026-09-18 15:42:05.265,sell,99.76,0.342819,34.2
2026-09-18 15:42:07.327,sell,99.76,1.593667,158.98
2026-09-18 15:42:07.769,buy,99.76,0.100244,10.0
2026-09-18 15:42:13.269,sell,99.76,0.317177,31.64
2026-09-18 15:42:15.821,sell,99.76,0.711776,71.0
2026-09-18 15:42:31.929,buy,99.76,0.61559,61.41
2026-09-18 15:42:35.037,sell,99.76,0.17906,17.86
2026-09-18 15:42:58.189,buy,99.76,0.413639,41.26
2026-09-18 15:43:00.308,sell,99.7,6.609031,658.91
2026-09-18 15:43:14.483,sell,99.7,0.856043,85.35
2026-09-18 15:43:19.476,buy,99.7,0.100303,10.0
2026-09-18 15:43:19.602,sell,99.7,1.436637,143.23
2026-09-18 15:43:43.035,sell,99.7,0.64978,64.78
2026-09-18 15:43:44.512,buy,99.7,1.402407,139.82
2026-09-18 15:43:50.380,buy,99.7,0.303962,30.3
2026-09-18 15:44:11.726,buy,99.87,7.324788,731.51
2026-09-18 15:44:20.033,buy,99.87,1.087641,108.62
2026-09-18 15:44:41.931,buy,99.87,0.724571,72.36
2026-09-18 15:44:53.406,sell,99.87,0.531439,53.07
2026-09-18 15:45:19.835,buy,99.81,0.126154,12.59
2026-09-18 15:45:27.027,sell,99.81,0.443699,44.29
2026-09-18 15:45:35.909,sell,99.81,0.10147,10.13
2026-09-18 15:45:37.008,buy,99.81,0.100187,10.0
2026-09-18 15:45:54.217,sell,99.81,0.87951,87.79
2026-09-18 15:46:03.878,sell,99.68,0.113057,11.27
2026-09-18 15:46:04.060,sell,99.68,4.242125,422.86
2026-09-18 15:46:10.018,sell,99.68,0.355781,35.47
2026-09-18 15:46:16.167,buy,99.68,0.100319,10.0
2026-09-18 15:46:17.089,sell,99.68,0.400539,39.93
2026-09-18 15:46:32.345,sell,99.68,1.535933,153.11
2026-09-18 15:47:08.244,sell,99.66,0.100341,10.0
2026-09-18 15:47:08.911,buy,99.66,17.356762,1729.78
2026-09-18 15:47:09.411,sell,99.66,0.478851,47.72
2026-09-18 15:47:25.522,buy,99.66,0.100341,10.0
2026-09-18 15:47:27.604,sell,99.66,0.100341,10.0
2026-09-18 15:47:28.304,buy,99.66,0.100341,10.0
2026-09-18 15:47:38.517,sell,99.66,0.189753,18.91
2026-09-18 15:47:54.108,buy,99.66,0.430273,42.88
2026-09-18 15:48:11.762,sell,99.6,0.142475,14.19
2026-09-18 15:48:34.035,sell,99.6,17.707156,1763.7
2026-09-18 15:48:41.722,sell,99.6,0.399094,39.75
2026-09-18 15:48:42.250,sell,99.6,0.434243,43.25
2026-09-18 15:48:47.988,buy,99.6,1.51823,151.22
2026-09-18 15:48:49.184,buy,99.6,0.558612,55.64
2026-09-18 15:49:01.573,buy,99.59,0.279222,27.81
2026-09-18 15:49:02.835,sell,99.59,0.220273,21.94
2026-09-18 15:49:08.071,sell,99.59,0.906199,90.25
2026-09-18 15:49:17.495,buy,99.59,0.100412,10.0
2026-09-18 15:49:18.904,sell,99.59,0.180948,18.02
2026-09-18 15:49:53.213,sell,99.59,0.151836,15.12
2026-09-18 15:50:02.933,buy,99.47,0.104431,10.39
2026-09-18 15:50:03.030,sell,99.47,1.092611,108.68
2026-09-18 15:50:14.189,buy,99.47,0.245236,24.39
2026-09-18 15:50:28.723,sell,99.47,0.190541,18.95
2026-09-18 15:50:32.771,sell,99.47,0.463276,46.08
2026-09-18 15:50:39.608,buy,99.47,0.156979,15.61
2026-09-18 15:50:42.089,buy,99.47,1.077034,107.13
2026-09-18 15:51:00.843,buy,99.38,0.10062,10.0
2026-09-18 15:51:28.057,buy,99.38,1.390499,138.19
2026-09-18 15:51:36.124,buy,99.38,0.460426,45.76
2026-09-18 15:51:38.439,sell,99.38,0.10062,10.0
2026-09-18 15:51:42.216,sell,99.38,0.10062,10.0
2026-09-18 15:51:42.302,buy,99.38,0.10062,10.0
2026-09-18 15:51:44.457,buy,99.38,2.119142,210.61
2026-09-18 15:51:45.806,buy,99.38,7.824478,777.63
2026-09-18 15:52:01.524,sell,99.43,9.089053,903.74
2026-09-18 15:52:13.801,buy,99.43,0.100572,10.0
2026-09-18 15:52:49.013,sell,99.43,2.319153,230.6
2026-09-18 15:52:56.903,sell,99.43,0.42226,41.99
2026-09-18 15:53:09.033,buy,99.48,0.362859,36.1
2026-09-18 15:53:17.377,sell,99.48,0.10052,10.0
2026-09-18 15:53:28.841,sell,99.48,0.744625,74.08
2026-09-18 15:53:32.692,sell,99.48,1.309256,130.25
2026-09-18 15:53:37.092,sell,99.48,0.304406,30.28
2026-09-18 15:53:38.753,sell,99.48,2.275776,226.4
2026-09-18 15:53:39.075,sell,99.48,0.10052,10.0
2026-09-18 15:53:43.287,sell,99.48,0.118329,11.77
2026-09-18 15:54:05.983,sell,99.42,0.279611,27.8
2026-09-18 15:54:15.989,sell,99.42,0.683821,67.99
2026-09-18 15:54:19.769,sell,99.42,0.112418,11.18
2026-09-18 15:54:40.203,sell,99.42,1.203667,119.67
2026-09-18 15:54:44.115,buy,99.42,0.100583,10.0
2026-09-18 15:54:59.370,sell,99.42,0.50186,49.9
2026-09-18 15:55:39.717,buy,99.41,5.41218,538.04
2026-09-18 15:55:52.701,sell,99.41,2.359494,234.56
2026-09-18 15:55:53.603,buy,99.41,3.373409,335.36
2026-09-18 15:55:55.470,buy,99.41,0.54882,54.56
2026-09-18 15:56:22.356,sell,99.42,5.461196,542.97
2026-09-18 15:56:28.202,buy,99.42,1.523831,151.5
2026-09-18 15:56:36.024,buy,99.42,4.401862,437.65
2026-09-18 15:57:21.616,buy,99.46,0.100539,10.0
2026-09-18 15:57:30.445,buy,99.46,0.371284,36.93
2026-09-18 15:57:49.788,buy,99.46,0.100539,10.0
2026-09-18 15:57:50.905,sell,99.46,16.211763,1612.49
2026-09-18 15:57:59.739,sell,99.46,1.758616,174.92
2026-09-18 15:58:03.155,buy,99.4,0.500474,49.75
2026-09-18 15:58:10.677,buy,99.4,1.087221,108.07
2026-09-18 15:58:58.787,buy,99.4,0.770495,76.59
2026-09-18 15:59:17.458,buy,99.34,0.100663,10.0
2026-09-18 15:59:20.773,buy,99.34,0.774307,76.92
2026-09-18 15:59:36.153,buy,99.34,0.219297,21.79
2026-09-18 15:59:40.487,buy,99.34,0.3117,30.96
2026-09-18 15:59:44.569,buy,99.34,0.121232,12.04
2026-09-18 15:59:52.237,buy,99.34,0.100663,10.0
2026-09-18 16:00:09.981,sell,99.33,0.184995,18.37
2026-09-18 16:00:11.100,buy,99.33,1.981836,196.85
2026-09-18 16:00:23.630,sell,99.33,0.100678,10.0
2026-09-18 16:00:24.905,buy,99.33,0.119558,11.88
2026-09-18 16:00:26.476,sell,99.33,13.307553,1321.79
2026-09-18 16:00:45.000,buy,99.33,0.149416,14.84
2026-09-18 16:00:48.742,buy,99.33,0.100678,10.0
2026-09-18 16:00:49.086,buy,99.33,0.122505,12.17
2026-09-18 16:01:01.076,buy,99.5,0.100505,10.0
2026-09-18 16:01:26.257,sell,99.5,0.965787,96.09
2026-09-18 16:01:27.744,sell,99.5,0.402699,40.07
2026-09-18 16:01:37.787,buy,99.5,0.890459,88.6
2026-09-18 16:01:39.154,sell,99.5,0.102864,10.23
2026-09-18 16:01:49.968,sell,99.5,0.457529,45.52
2026-09-18 16:01:53.205,sell,99.5,0.184184,18.33
2026-09-18 16:02:11.626,buy,99.57,0.154887,15.42
2026-09-18 16:02:16.952,sell,99.57,0.209785,20.89
2026-09-18 16:02:27.846,sell,99.57,0.487895,48.58
2026-09-18 16:02:59.950,sell,99.57,0.100433,10.0
2026-09-18 16:03:07.643,buy,99.52,0.258227,25.7
2026-09-18 16:03:33.253,sell,99.52,10.378628,1032.9
2026-09-18 16:03:36.460,buy,99.52,1.389213,138.26
2026-09-18 16:03:39.286,buy,99.52,0.50971,50.73
2026-09-18 16:03:40.097,sell,99.52,0.149327,14.86
2026-09-18 16:03:41.178,sell,99.52,0.621687,61.87
2026-09-18 16:03:59.969,buy,99.52,0.392723,39.08
2026-09-18 16:04:17.219,buy,99.54,0.10722,10.67
2026-09-18 16:04:19.379,buy,99.54,0.179261,17.84
2026-09-18 16:04:32.666,sell,99.54,0.35381,35.22
2026-09-18 16:04:53.399,sell,99.54,0.254429,25.33
2026-09-18 16:04:54.310,sell,99.54,0.52664,52.42
2026-09-18 16:05:16.429,sell,99.45,0.346158,34.43
2026-09-18 16:05:20.615,sell,99.45,0.721705,71.77
2026-09-18 16:05:26.844,buy,99.45,1.083177,107.72
2026-09-18 16:05:40.240,sell,99.45,0.18012,17.91
2026-09-18 16:05:41.140,buy,99.45,0.657874,65.43
2026-09-18 16:05:44.190,sell,99.45,0.100552,10.0
2026-09-18 16:05:52.124,sell,99.45,0.54585,54.29
2026-09-18 16:05:56.711,sell,99.45,0.100552,10.0
2026-09-18 16:06:18.698,sell,99.35,0.161825,16.08
2026-09-18 16:06:34.981,sell,99.35,0.477273,47.42
2026-09-18 16:06:37.859,sell,99.35,0.100649,10.0
2026-09-18 16:06:50.211,sell,99.35,0.49383,49.06
2026-09-18 16:07:08.067,buy,99.38,0.10062,10.0
2026-09-18 16:07:10.555,sell,99.38,1.058253,105.17
2026-09-18 16:07:24.371,buy,99.38,0.102257,10.16
2026-09-18 16:07:37.920,buy,99.38,0.615819,61.2
2026-09-18 16:07:40.322,buy,99.38,0.4992,49.61
2026-09-18 16:07:51.956,buy,99.38,0.10062,10.0
2026-09-18 16:08:10.891,buy,99.36,0.100643,10.0
2026-09-18 16:08:18.770,sell,99.36,1.705777,169.49
2026-09-18 16:08:58.747,sell,99.36,0.304502,30.26
2026-09-18 16:08:59.654,buy,99.36,6.096581,605.77
2026-09-18 16:09:14.783,buy,99.41,0.79618,79.15
2026-09-18 16:09:25.986,sell,99.41,0.299013,29.73
2026-09-18 16:09:40.140,sell,99.41,0.308056,30.63
2026-09-18 16:09:41.910,sell,99.41,0.112283,11.16
2026-09-18 16:09:47.178,buy,99.41,11.957803,1188.78
2026-09-18 16:09:58.128,sell,99.41,0.496862,49.4
2026-09-18 16:10:09.475,buy,99.42,0.100582,10.0
2026-09-18 16:10:18.552,sell,99.42,0.462643,46.0
2026-09-18 16:10:24.583,buy,99.42,0.184419,18.34
2026-09-18 16:10:29.052,sell,99.42,8.635973,858.6
2026-09-18 16:10:47.421,sell,99.42,0.143349,14.25
2026-09-18 16:11:03.432,sell,99.39,0.100613,10.0
2026-09-18 16:11:21.846,sell,99.39,0.100613,10.0
2026-09-18 16:11:25.697,buy,99.39,0.203504,20.23
2026-09-18 16:11:31.026,sell,99.39,0.313229,31.13
2026-09-18 16:11:46.582,buy,99.39,0.20356,20.23
2026-09-18 16:11:51.601,buy,99.39,2.275418,226.16
2026-09-18 16:11:53.209,sell,99.39,8.536474,848.45
2026-09-18 16:12:03.949,sell,99.4,0.121202,12.05
2026-09-18 16:12:28.897,sell,99.4,0.145636,14.48
2026-09-18 16:12:38.983,buy,99.4,0.273555,27.19
2026-09-18 16:12:39.784,sell,99.4,1.500259,149.12
2026-09-18 16:12:40.230,buy,99.4,0.100605,10.0
2026-09-18 16:12:47.170,buy,99.4,0.201554,20.03
2026-09-18 16:12:56.810,sell,99.4,3.441383,342.07
2026-09-18 16:13:13.349,sell,99.46,0.183197,18.22
2026-09-18 16:13:26.131,buy,99.46,0.589411,58.63
2026-09-18 16:13:32.551,sell,99.46,1.249988,124.33
2026-09-18 16:13:36.967,sell,99.46,0.18811,18.71
2026-09-18 16:13:41.317,sell,99.46,0.100538,10.0
2026-09-18 16:13:49.430,buy,99.46,0.47408,47.15
2026-09-18 16:14:33.597,sell,99.48,0.88374,87.92
2026-09-18 16:14:49.963,sell,99.48,0.100521,10.0
2026-09-18 16:14:53.111,sell,99.48,0.100521,10.0
2026-09-18 16:14:54.283,sell,99.48,0.994935,98.98
2026-09-18 16:15:12.247,sell,99.52,2.359313,234.79
2026-09-18 16:15:31.159,sell,99.52,0.100485,10.0
2026-09-18 16:15:42.396,sell,99.52,0.100485,10.0
2026-09-18 16:16:13.034,sell,99.48,3.510107,349.2
2026-09-18 16:16:16.064,buy,99.48,2.218369,220.69
2026-09-18 16:16:27.515,sell,99.48,2.897359,288.24
2026-09-18 16:16:40.294,sell,99.48,0.995849,99.07
2026-09-18 16:16:49.698,sell,99.48,0.625917,62.27
2026-09-18 16:16:52.130,sell,99.48,3.417857,340.02
2026-09-18 16:16:52.676,sell,99.48,2.054846,204.42
2026-09-18 16:16:53.633,sell,99.48,0.100518,10.0
2026-09-18 16:17:29.067,buy,99.47,0.703969,70.02
2026-09-18 16:17:44.683,sell,99.47,0.179787,17.88
2026-09-18 16:17:51.339,sell,99.47,0.100533,10.0
2026-09-18 16:18:08.453,sell,99.51,0.18617,18.52
2026-09-18 16:18:19.593,buy,99.51,0.100497,10.0
2026-09-18 16:18:20.447,sell,99.51,0.100497,10.0
2026-09-18 16:18:32.971,buy,99.51,0.41148,40.94
2026-09-18 16:18:44.312,sell,99.51,4.045831,402.58
2026-09-18 16:18:51.548,buy,99.51,0.478567,47.62
2026-09-18 16:18:52.329,buy,99.51,0.899148,89.47
2026-09-18 16:19:07.912,buy,99.45,1.767921,175.82
2026-09-18 16:19:26.450,buy,99.45,1.955399,194.47
2026-09-18 16:19:30.673,sell,99.45,0.277301,27.58
2026-09-18 16:19:50.103,buy,99.45,0.125058,12.44
2026-09-18 16:19:54.998,sell,99.45,0.10055,10.0
2026-09-18 16:19:55.488,buy,99.45,0.495891,49.32
2026-09-18 16:19:58.917,sell,99.45,0.147123,14.63
2026-09-18 16:20:08.022,buy,99.43,0.722942,71.88
2026-09-18 16:20:20.823,sell,99.43,0.229307,22.8
2026-09-18 16:20:37.164,sell,99.43,0.66621,66.24
2026-09-18 16:20:37.275,sell,99.43,8.953578,890.27
2026-09-18 16:20:39.986,buy,99.43,0.100572,10.0
2026-09-18 16:20:44.967,buy,99.43,0.756321,75.2
2026-09-18 16:20:45.788,sell,99.43,0.343059,34.11
2026-09-18 16:21:01.314,buy,99.47,0.123895,12.32
2026-09-18 16:21:04.513,buy,99.47,2.781397,276.66
2026-09-18 16:21:09.649,sell,99.47,0.199665,19.86
2026-09-18 16:21:12.556,buy,99.47,0.123437,12.28
2026-09-18 16:21:24.829,buy,99.47,0.3707,36.87
2026-09-18 16:21:27.342,buy,99.47,0.445773,44.34
2026-09-18 16:21:49.844,sell,99.47,0.334022,33.22
2026-09-18 16:22:02.024,sell,99.51,0.670138,66.68
2026-09-18 16:22:07.621,buy,99.51,0.100497,10.0
2026-09-18 16:22:08.703,sell,99.51,0.126723,12.61
2026-09-18 16:22:21.117,sell,99.51,2.338944,232.74
2026-09-18 16:22:59.990,buy,99.51,0.10147,10.1
2026-09-18 16:23:03.842,sell,99.58,0.100424,10.0
2026-09-18 16:23:10.524,sell,99.58,0.134654,13.41
2026-09-18 16:23:15.154,sell,99.58,2.237846,222.84
2026-09-18 16:23:19.158,sell,99.58,0.201363,20.05
2026-09-18 16:23:21.361,buy,99.58,0.100424,10.0
2026-09-18 16:23:32.350,sell,99.58,0.100424,10.0
2026-09-18 16:23:39.990,buy,99.58,6.955117,692.57
2026-09-18 16:23:58.712,buy,99.58,1.204532,119.94
2026-09-18 16:24:07.411,sell,99.53,0.854493,85.05
2026-09-18 16:24:13.751,sell,99.53,0.414215,41.23
2026-09-18 16:24:29.088,buy,99.53,0.864788,86.07
2026-09-18 16:24:41.869,buy,99.53,0.385327,38.35
2026-09-18 16:24:49.598,buy,99.53,0.23139,23.03
2026-09-18 16:24:57.098,buy,99.53,0.40844,40.65
2026-09-18 16:25:04.723,sell,99.54,0.673349,67.02
2026-09-18 16:25:09.272,buy,99.54,0.355023,35.34
2026-09-18 16:25:27.857,buy,99.54,8.58956,855.0
2026-09-18 16:25:46.118,buy,99.54,1.549687,154.26
2026-09-18 16:26:19.111,buy,99.43,0.352878,35.09
2026-09-18 16:26:23.153,buy,99.43,0.100576,10.0
2026-09-18 16:26:45.971,sell,99.43,0.174876,17.39
2026-09-18 16:26:51.546,sell,99.43,0.178282,17.73
2026-09-18 16:26:53.312,sell,99.43,4.353617,432.87
2026-09-18 16:27:37.881,sell,99.45,0.116223,11.56
2026-09-18 16:27:43.446,buy,99.45,0.177761,17.68
2026-09-18 16:27:50.741,sell,99.45,0.100557,10.0
2026-09-18 16:28:08.984,sell,99.42,0.439115,43.66
2026-09-18 16:28:21.858,sell,99.42,0.387393,38.51
2026-09-18 16:28:30.275,buy,99.42,0.213815,21.26
2026-09-18 16:28:38.226,buy,99.42,2.261114,224.79
2026-09-18 16:28:40.068,buy,99.42,1.245925,123.87
2026-09-18 16:28:41.453,buy,99.42,0.299193,29.74
2026-09-18 16:28:52.209,buy,99.42,2.368113,235.43
2026-09-18 16:29:44.416,buy,99.4,0.881559,87.63
2026-09-18 16:29:50.803,sell,99.4,3.175807,315.68
2026-09-18 16:29:57.555,sell,99.4,0.100601,10.0
2026-09-18 16:30:01.687,buy,99.39,0.230588,22.92
2026-09-18 16:30:03.272,buy,99.39,0.36395,36.17
2026-09-18 16:30:25.100,buy,99.39,0.313046,31.11
2026-09-18 16:30:36.681,buy,99.39,0.100611,10.0
2026-09-18 16:30:41.971,sell,99.39,0.100611,10.0
2026-09-18 16:30:58.453,sell,99.39,0.143385,14.25
2026-09-18 16:31:16.952,sell,99.36,1.649206,163.86
2026-09-18 16:31:18.637,buy,99.36,0.604797,60.09
2026-09-18 16:31:23.574,sell,99.36,0.281252,27.94
2026-09-18 16:31:25.895,buy,99.36,0.301901,30.0
2026-09-18 16:32:21.330,sell,99.42,0.257256,25.58
2026-09-18 16:32:21.466,buy,99.42,0.227182,22.59
2026-09-18 16:32:21.913,buy,99.42,1.562023,155.3
2026-09-18 16:33:03.707,buy,99.47,1.857054,184.73
2026-09-18 16:33:19.346,buy,99.47,1.650159,164.15
2026-09-18 16:33:19.698,buy,99.47,0.100528,10.0
2026-09-18 16:33:22.058,buy,99.47,0.100528,10.0
2026-09-18 16:33:27.085,buy,99.47,0.100528,10.0
2026-09-18 16:33:49.940,sell,99.47,0.733713,72.99
2026-09-18 16:33:53.481,sell,99.47,1.539315,153.12
2026-09-18 16:34:10.920,sell,99.48,0.100524,10.0
2026-09-18 16:34:25.583,sell,99.48,1.307456,130.06
2026-09-18 16:34:26.720,sell,99.48,0.100524,10.0
2026-09-18 16:34:35.354,sell,99.48,3.766407,374.68
2026-09-18 16:34:43.973,buy,99.48,5.084896,505.84
2026-09-18 16:35:07.477,sell,99.49,0.100514,10.0
2026-09-18 16:35:19.650,buy,99.49,1.698449,168.98
2026-09-18 16:35:20.624,buy,99.49,0.465026,46.26
2026-09-18 16:35:36.428,sell,99.49,0.596726,59.37
2026-09-18 16:35:41.146,buy,99.49,0.100514,10.0
2026-09-18 16:35:58.215,sell,99.49,0.100514,10.0
2026-09-18 16:36:03.656,sell,99.39,1.129897,112.3
2026-09-18 16:36:07.477,sell,99.39,9.758947,969.91
2026-09-18 16:36:20.227,sell,99.39,3.473161,345.19
2026-09-18 16:36:35.855,sell,99.39,0.21281,21.15
2026-09-18 16:37:04.382,sell,99.4,0.100602,10.0
2026-09-18 16:37:10.692,sell,99.4,0.120419,11.97
2026-09-18 16:37:40.145,buy,99.4,0.213782,21.25
2026-09-18 16:37:51.859,sell,99.4,0.231481,23.01
2026-09-18 16:37:57.682,sell,99.4,0.346955,34.49
2026-09-18 16:37:58.063,sell,99.4,0.100602,10.0
2026-09-18 16:37:59.893,buy,99.4,0.134695,13.39
2026-09-18 16:38:18.312,buy,99.4,0.527529,52.44
2026-09-18 16:38:26.216,sell,99.4,0.1006,10.0
2026-09-18 16:38:53.591,sell,99.4,0.199577,19.84
2026-09-18 16:39:01.569,sell,99.35,0.100655,10.0
2026-09-18 16:39:07.133,sell,99.35,0.562939,55.93
2026-09-18 16:39:17.577,buy,99.35,0.285228,28.34
2026-09-18 16:39:27.717,buy,99.35,0.353657,35.14
2026-09-18 16:39:43.898,buy,99.35,0.231119,22.96
2026-09-18 16:39:47.307,buy,99.35,0.737877,73.31
2026-09-18 16:39:47.948,buy,99.35,0.100655,10.0
2026-09-18 16:39:57.277,sell,99.35,0.100655,10.0
2026-09-18 16:40:10.000,buy,99.15,30.257186,3000.0
2026-09-18 16:40:16.520,buy,99.3,1.59325,158.2
2026-09-18 16:40:24.456,sell,99.3,0.10071,10.0
2026-09-18 16:40:26.063,buy,99.3,0.10071,10.0
2026-09-18 16:40:38.644,buy,99.3,0.10071,10.0
2026-09-18 16:40:41.945,buy,99.3,1.62838,161.69
2026-09-18 16:40:50.230,buy,99.3,0.410963,40.81
2026-09-18 16:40:50.738,sell,99.3,0.323587,32.13
2026-09-18 16:40:58.479,buy,99.3,0.105427,10.47
2026-09-18 16:41:02.339,buy,99.25,0.100761,10.0
2026-09-18 16:41:18.901,buy,99.25,0.834385,82.81
2026-09-18 16:41:48.555,buy,99.25,4.158255,412.69
2026-09-18 16:41:49.055,sell,99.25,0.216631,21.5
2026-09-18 16:42:16.512,buy,99.2,3.505529,347.73
2026-09-18 16:42:36.003,sell,99.2,0.145701,14.45
2026-09-18 16:42:39.326,buy,99.2,3.511322,348.31
2026-09-18 16:43:06.327,sell,99.26,5.200231,516.16
2026-09-18 16:43:09.695,sell,99.26,1.063425,105.55
2026-09-18 16:43:11.444,buy,99.26,0.714794,70.95
2026-09-18 16:43:28.378,buy,99.26,0.100749,10.0
2026-09-18 16:43:39.943,sell,99.26,1.048818,104.1
2026-09-18 16:43:46.444,sell,99.26,1.332251,132.23
2026-09-18 16:43:55.094,sell,99.26,0.243848,24.2
2026-09-18 16:43:58.797,buy,99.26,0.172619,17.13
2026-09-18 16:44:06.011,sell,99.19,0.100818,10.0
2026-09-18 16:44:15.212,sell,99.19,0.108369,10.75
2026-09-18 16:44:52.540,buy,99.19,0.30871,30.62
2026-09-18 16:45:01.718,sell,99.09,0.116107,11.51
2026-09-18 16:45:11.910,buy,99.09,0.100916,10.0
2026-09-18 16:45:16.052,buy,99.09,0.100916,10.0
2026-09-18 16:45:35.762,buy,99.09,0.343393,34.03
2026-09-18 16:45:51.544,sell,99.09,4.841551,479.76
2026-09-18 16:45:51.746,buy,99.09,0.100916,10.0
2026-09-18 16:45:55.889,buy,99.09,0.570834,56.57
2026-09-18 16:46:14.591,buy,99.1,0.214636,21.27
2026-09-18 16:46:26.707,buy,99.1,0.364332,36.1
2026-09-18 16:46:27.812,buy,99.1,1.540481,152.66
2026-09-18 16:46:29.160,buy,99.1,0.952775,94.42
2026-09-18 16:46:42.432,buy,99.1,0.506953,50.24
2026-09-18 16:46:52.629,sell,99.1,1.228101,121.7
2026-09-18 16:47:05.928,sell,99.04,0.738857,73.18
2026-09-18 16:47:11.390,buy,99.04,0.10097,10.0
2026-09-18 16:47:16.238,sell,99.04,0.10097,10.0
2026-09-18 16:47:17.602,sell,99.04,0.250505,24.81
2026-09-18 16:47:34.411,buy,99.04,0.450711,44.64
2026-09-18 16:47:49.942,sell,99.04,0.194658,19.28
2026-09-18 16:48:00.854,sell,99.01,0.139987,13.86
2026-09-18 16:48:06.831,sell,99.01,2.298174,227.55
2026-09-18 16:48:07.368,sell,99.01,0.273866,27.12
2026-09-18 16:48:15.846,buy,99.01,2.40923,238.55
2026-09-18 16:48:18.408,buy,99.01,0.402591,39.86
2026-09-18 16:48:20.590,sell,99.01,0.147375,14.59
2026-09-18 16:48:38.070,buy,99.01,0.100995,10.0
2026-09-18 16:48:42.314,buy,99.01,0.432181,42.79
2026-09-18 16:49:00.767,buy,99.05,1.252701,124.08
2026-09-18 16:49:24.068,buy,99.05,0.123357,12.22
2026-09-18 16:49:37.163,buy,99.05,0.21537,21.33
2026-09-18 16:49:40.104,buy,99.05,0.336124,33.29
2026-09-18 16:49:57.392,buy,99.05,0.478533,47.4
2026-09-18 16:50:27.068,buy,99.12,0.306242,30.35
2026-09-18 16:50:32.810,buy,99.12,0.220578,21.86
2026-09-18 16:50:52.663,buy,99.12,0.170807,16.93
2026-09-18 16:51:00.109,sell,99.13,0.524202,51.96
2026-09-18 16:51:15.935,buy,99.13,1.234527,122.37
2026-09-18 16:51:22.101,buy,99.13,0.125685,12.46
2026-09-18 16:51:33.359,sell,99.13,0.794596,78.76
2026-09-18 16:51:36.661,buy,99.13,0.10696,10.6
2026-09-18 16:51:54.817,sell,99.13,0.964172,95.57
2026-09-18 16:51:55.422,sell,99.13,0.116777,11.58
2026-09-18 16:52:00.988,buy,99.21,0.277744,27.56
2026-09-18 16:52:02.442,buy,99.21,0.339285,33.66
2026-09-18 16:52:02.625,sell,99.21,0.43757,43.41
2026-09-18 16:52:05.454,buy,99.21,33.328599,3306.59
2026-09-18 16:52:22.192,sell,99.21,1.191641,118.22
2026-09-18 16:52:38.133,buy,99.21,0.290074,28.78
2026-09-18 16:52:39.899,buy,99.21,5.894573,584.81
2026-09-18 16:53:19.418,buy,99.28,0.107667,10.69
2026-09-18 16:53:20.038,sell,99.28,0.177433,17.62
2026-09-18 16:53:29.239,buy,99.28,0.50802,50.44
2026-09-18 16:53:36.446,sell,99.28,1.09179,108.4
2026-09-18 16:53:41.842,buy,99.28,2.061263,204.65
2026-09-18 16:53:51.598,buy,99.28,0.326929,32.46
2026-09-18 16:53:52.301,sell,99.28,1.153254,114.5
2026-09-18 16:54:01.857,buy,99.32,1.773512,176.14
2026-09-18 16:54:11.520,buy,99.32,0.394777,39.21
2026-09-18 16:54:15.031,buy,99.32,3.393371,337.03
2026-09-18 16:54:17.045,sell,99.32,7.376517,732.63
2026-09-18 16:54:19.951,sell,99.32,0.117591,11.68
2026-09-18 16:54:19.962,sell,99.32,0.670121,66.56
2026-09-18 16:54:28.477,buy,99.32,1.55449,154.39
2026-09-18 16:54:48.094,sell,99.32,0.396426,39.37
2026-09-18 16:55:08.729,sell,99.42,0.286651,28.5
2026-09-18 16:55:20.281,sell,99.42,0.112442,11.18
2026-09-18 16:55:36.518,buy,99.42,0.10058,10.0
2026-09-18 16:55:37.239,sell,99.42,0.10058,10.0
2026-09-18 16:55:50.224,buy,99.42,0.442644,44.01
2026-09-18 16:55:54.759,sell,99.42,7.256966,721.51
2026-09-18 16:56:08.335,buy,99.41,0.100592,10.0
2026-09-18 16:56:12.168,sell,99.41,1.445699,143.72
2026-09-18 16:56:12.763,sell,99.41,0.268301,26.67
2026-09-18 16:56:13.121,buy,99.41,0.100592,10.0
2026-09-18 16:56:24.401,sell,99.41,0.554293,55.1
2026-09-18 16:56:28.326,buy,99.41,0.100592,10.0
2026-09-18 16:56:30.797,sell,99.41,0.193551,19.24
2026-09-18 16:56:41.452,sell,99.41,0.100592,10.0
2026-09-18 16:57:18.012,sell,99.35,3.538913,351.6
2026-09-18 16:57:21.217,buy,99.35,0.100652,10.0
2026-09-18 16:57:26.964,buy,99.35,1.004797,99.83
2026-09-18 16:57:33.416,sell,99.35,0.100652,10.0
2026-09-18 16:57:35.642,sell,99.35,0.183667,18.25
2026-09-18 16:57:40.865,buy,99.35,0.292718,29.08
2026-09-18 16:57:42.672,sell,99.35,0.170906,16.98
2026-09-18 16:57:50.770,sell,99.35,21.840357,2169.88
2026-09-18 16:58:05.116,buy,99.34,0.150372,14.94
2026-09-18 16:58:06.860,buy,99.34,12.246403,1216.54
2026-09-18 16:58:07.926,buy,99.34,0.205594,20.42
2026-09-18 16:58:08.274,sell,99.34,0.130263,12.94
2026-09-18 16:58:14.069,sell,99.34,0.100666,10.0
2026-09-18 16:58:19.162,sell,99.34,1.266909,125.85
2026-09-18 16:58:39.890,sell,99.34,0.100666,10.0
2026-09-18 16:59:04.941,sell,99.38,0.236312,23.48
2026-09-18 16:59:19.080,buy,99.38,0.100629,10.0
2026-09-18 16:59:57.171,sell,99.38,0.598007,59.43
2026-09-18 17:00:06.452,sell,99.4,0.202198,20.1
2026-09-18 17:00:09.682,buy,99.4,0.163608,16.26
2026-09-18 17:00:28.900,sell,99.4,0.677548,67.35
2026-09-18 17:00:36.517,sell,99.4,0.202605,20.14
2026-09-18 17:00:38.566,sell,99.4,0.436826,43.42
2026-09-18 17:00:48.636,buy,99.4,0.148095,14.72
2026-09-18 17:00:58.918,buy,99.4,0.448514,44.58
2026-09-18 17:01:01.773,buy,99.3,0.775212,76.98
2026-09-18 17:01:03.459,sell,99.3,0.111153,11.04
2026-09-18 17:01:03.708,buy,99.3,0.384716,38.2
2026-09-18 17:01:04.902,buy,99.3,0.1007,10.0
2026-09-18 17:01:05.593,buy,99.3,0.163414,16.23
2026-09-18 17:01:25.281,buy,99.3,0.110813,11.0
2026-09-18 17:01:31.653,sell,99.3,4.914238,488.01
2026-09-18 17:02:01.315,sell,99.24,0.298282,29.6
2026-09-18 17:02:05.004,buy,99.24,0.128097,12.71
2026-09-18 17:02:11.967,buy,99.24,2.3354,231.76
2026-09-18 17:02:43.489,sell,99.24,0.601972,59.74
2026-09-18 17:02:48.232,sell,99.24,0.931941,92.49
2026-09-18 17:03:11.603,sell,99.31,0.532508,52.88
2026-09-18 17:03:16.026,sell,99.31,2.602443,258.45
2026-09-18 17:03:19.072,buy,99.31,2.096744,208.23
2026-09-18 17:03:26.538,buy,99.31,0.558902,55.5
2026-09-18 17:03:37.374,sell,99.31,0.240291,23.86
2026-09-18 17:03:46.078,buy,99.31,4.30087,427.12
2026-09-18 17:04:26.000,sell,99.45,10.055304,1000.0
2026-09-18 17:04:26.034,sell,99.36,0.100646,10.0
2026-09-18 17:04:30.058,sell,99.36,2.827428,280.93
2026-09-18 17:04:31.295,sell,99.36,2.435874,242.03
2026-09-18 17:04:43.738,buy,99.36,0.100646,10.0
2026-09-18 17:04:45.879,sell,99.36,0.100646,10.0
2026-09-18 17:04:47.784,buy,99.36,0.16551,16.44
2026-09-18 17:05:17.021,buy,99.42,0.100579,10.0
2026-09-18 17:05:25.212,buy,99.42,0.100579,10.0
2026-09-18 17:05:28.217,sell,99.42,0.100579,10.0
2026-09-18 17:05:38.758,sell,99.42,1.940373,192.92
2026-09-18 17:05:43.822,sell,99.42,1.550271,154.13
2026-09-18 17:06:02.789,buy,99.44,0.100561,10.0
2026-09-18 17:06:23.095,sell,99.44,5.408277,537.81
2026-09-18 17:06:30.070,sell,99.44,0.382736,38.06
2026-09-18 17:06:35.046,buy,99.44,0.151839,15.1
2026-09-18 17:06:45.219,sell,99.44,1.553569,154.49
2026-09-18 17:06:50.370,sell,99.44,0.306974,30.53
2026-09-18 17:06:51.377,sell,99.44,0.237179,23.59
2026-09-18 17:06:55.490,buy,99.44,2.145428,213.35
2026-09-18 17:07:04.087,sell,99.45,0.10055,10.0
2026-09-18 17:07:13.591,sell,99.45,0.230816,22.96
2026-09-18 17:07:47.584,buy,99.45,0.10055,10.0
2026-09-18 17:07:49.716,buy,99.45,1.327917,132.07
2026-09-18 17:07:51.890,buy,99.45,0.10055,10.0
2026-09-18 17:07:52.498,buy,99.45,0.456905,45.44
2026-09-18 17:08:36.666,sell,99.49,1.180675,117.47
2026-09-18 17:08:43.507,buy,99.49,0.365433,36.36
2026-09-18 17:08:50.277,buy,99.49,0.124674,12.4
2026-09-18 17:08:57.480,buy,99.49,0.184008,18.31
2026-09-18 17:09:06.568,buy,99.51,0.100497,10.0
2026-09-18 17:09:13.231,buy,99.51,2.271156,225.99
2026-09-18 17:09:26.506,buy,99.51,7.942561,790.33
2026-09-18 17:09:27.676,sell,99.51,0.867634,86.33
2026-09-18 17:09:40.168,buy,99.51,0.570449,56.76
2026-09-18 17:09:40.475,sell,99.51,0.648395,64.52
2026-09-18 17:09:48.826,buy,99.51,0.243392,24.22
2026-09-18 17:10:03.668,sell,99.47,0.155498,15.47
2026-09-18 17:10:04.598,sell,99.47,0.142153,14.14
2026-09-18 17:10:21.226,buy,99.47,0.345663,34.38
2026-09-18 17:10:33.460,buy,99.47,1.756174,174.69
2026-09-18 17:10:49.641,sell,99.47,0.353632,35.18
2026-09-18 17:10:57.454,buy,99.47,0.64102,63.76
2026-09-18 17:10:58.734,buy,99.47,3.037256,302.12
2026-09-18 17:10:58.794,sell,99.47,0.479833,47.73
2026-09-18 17:11:04.255,buy,99.51,0.100492,10.0
2026-09-18 17:11:06.447,buy,99.51,0.205405,20.44
2026-09-18 17:11:20.324,buy,99.51,0.708788,70.53
2026-09-18 17:11:33.234,buy,99.51,0.138899,13.82
2026-09-18 17:11:44.163,buy,99.51,0.167513,16.67
2026-09-18 17:11:50.705,sell,99.51,0.839348,83.52
2026-09-18 17:11:52.345,sell,99.51,0.100492,10.0
2026-09-18 17:11:57.678,sell,99.51,0.100492,10.0
2026-09-18 17:12:07.904,sell,99.46,0.196156,19.51
2026-09-18 17:12:26.539,buy,99.46,0.100544,10.0
2026-09-18 17:12:38.123,buy,99.46,0.106819,10.62
2026-09-18 17:12:38.977,sell,99.46,0.100544,10.0
2026-09-18 17:12:56.786,buy,99.46,0.235334,23.41
2026-09-18 17:13:00.410,sell,99.45,0.23339,23.21
2026-09-18 17:13:10.117,buy,99.45,4.778601,475.24
2026-09-18 17:13:16.459,buy,99.45,0.100551,10.0
2026-09-18 17:13:28.464,buy,99.45,0.117845,11.72
2026-09-18 17:13:55.237,buy,99.45,0.374881,37.28
2026-09-18 17:14:21.445,sell,99.36,0.209555,20.82
2026-09-18 17:14:34.916,sell,99.36,0.100642,10.0
2026-09-18 17:14:59.943,sell,99.36,8.543408,848.89
2026-09-18 17:15:03.706,buy,99.3,0.100706,10.0
2026-09-18 17:15:21.043,buy,99.3,1.273233,126.43
2026-09-18 17:15:22.915,buy,99.3,0.23928,23.76
2026-09-18 17:15:32.315,sell,99.3,0.106898,10.61
2026-09-18 17:15:37.770,sell,99.3,0.751859,74.66
2026-09-18 17:16:03.408,buy,99.19,0.620292,61.53
2026-09-18 17:16:13.596,buy,99.19,0.949691,94.2
2026-09-18 17:16:16.754,sell,99.19,0.100816,10.0
2026-09-18 17:16:29.432,buy,99.19,1.259708,124.95
2026-09-18 17:16:32.774,buy,99.19,1.154154,114.48
2026-09-18 17:16:58.905,sell,99.19,2.086883,207.0
2026-09-18 17:16:59.415,buy,99.19,0.122925,12.19
2026-09-18 17:17:18.101,buy,99.17,2.909498,288.53
2026-09-18 17:17:26.959,sell,99.17,0.23911,23.71
2026-09-18 17:17:42.700,buy,99.17,0.100839,10.0
2026-09-18 17:18:15.852,sell,99.18,0.203204,20.15
2026-09-18 17:18:18.168,sell,99.18,0.58256,57.78
2026-09-18 17:18:40.855,buy,99.18,1.087751,107.89
2026-09-18 17:18:43.198,buy,99.18,0.100822,10.0
2026-09-18 17:18:44.550,sell,99.18,0.735973,73.0
2026-09-18 17:18:46.797,sell,99.18,0.847735,84.08
2026-09-18 17:18:56.157,buy,99.18,4.647759,460.99
2026-09-18 17:18:58.427,sell,99.18,0.249317,24.73
2026-09-18 17:19:03.739,sell,99.17,0.279585,27.73
2026-09-18 17:19:36.315,sell,99.17,2.187862,216.97
2026-09-18 17:19:37.177,buy,99.17,0.454227,45.05
2026-09-18 17:19:47.130,buy,99.17,2.693107,267.07
2026-09-18 17:20:12.099,buy,99.15,0.153247,15.19
2026-09-18 17:20:20.244,sell,99.15,0.100856,10.0
2026-09-18 17:20:35.388,buy,99.15,0.116996,11.6
2026-09-18 17:20:36.935,buy,99.15,2.133301,211.52
2026-09-18 17:20:39.787,sell,99.15,0.24738,24.53
2026-09-18 17:21:01.421,sell,99.26,0.144308,14.32
2026-09-18 17:21:07.369,buy,99.26,0.150325,14.92
2026-09-18 17:21:08.256,buy,99.26,0.620405,61.58
2026-09-18 17:21:33.915,sell,99.26,0.225651,22.4
2026-09-18 17:21:34.763,buy,99.26,2.495999,247.76
2026-09-18 17:21:40.231,buy,99.26,0.575891,57.16
2026-09-18 17:21:48.657,buy,99.26,0.657706,65.29
2026-09-18 17:21:54.563,sell,99.26,0.197031,19.56
2026-09-18 17:22:06.662,sell,99.22,0.272795,27.07
2026-09-18 17:22:18.738,buy,99.22,1.460405,144.9
2026-09-18 17:22:19.600,sell,99.22,1.567364,155.52
2026-09-18 17:22:26.169,buy,99.22,0.980049,97.24
2026-09-18 17:22:51.025,buy,99.22,0.514675,51.07
2026-09-18 17:22:52.345,buy,99.22,0.306163,30.38
2026-09-18 17:22:56.897,sell,99.22,0.100785,10.0
2026-09-18 17:22:57.406,buy,99.22,0.117639,11.67
2026-09-18 17:23:23.657,sell,99.14,2.617891,259.53
2026-09-18 17:23:27.420,buy,99.14,0.100871,10.0
2026-09-18 17:23:33.566,sell,99.14,0.267482,26.52
2026-09-18 17:23:34.149,sell,99.14,0.100871,10.0
2026-09-18 17:23:44.406,sell,99.14,0.547197,54.25
2026-09-18 17:24:09.324,buy,99.17,8.177308,810.9
2026-09-18 17:24:36.888,buy,99.17,0.26365,26.14
2026-09-18 17:24:51.026,sell,99.17,0.690805,68.5
2026-09-18 17:25:01.044,buy,99.21,0.1008,10.0
2026-09-18 17:25:01.081,sell,99.21,0.1008,10.0
2026-09-18 17:25:20.258,sell,99.21,0.1008,10.0
2026-09-18 17:25:23.860,sell,99.21,0.1008,10.0
2026-09-18 17:25:35.759,sell,99.21,0.1008,10.0
2026-09-18 17:25:37.188,buy,99.21,2.923322,290.01
2026-09-18 17:25:49.102,sell,99.21,0.536042,53.18
2026-09-18 17:25:55.004,buy,99.21,0.136511,13.54
2026-09-18 17:26:00.991,sell,99.21,6.150643,610.18
2026-09-18 17:26:12.517,sell,99.21,0.1008,10.0
2026-09-18 17:26:15.397,sell,99.21,1.540547,152.83
2026-09-18 17:26:18.304,buy,99.21,2.175052,215.78
2026-09-18 17:26:28.292,sell,99.21,0.171731,17.04
2026-09-18 17:26:34.269,buy,99.21,0.115735,11.48
2026-09-18 17:26:47.184,sell,99.21,0.1008,10.0
2026-09-18 17:26:57.329,sell,99.21,0.257826,25.58
2026-09-18 17:27:01.288,sell,99.24,0.100762,10.0
2026-09-18 17:27:03.024,buy,99.24,0.50404,50.02
2026-09-18 17:27:19.568,buy,99.24,4.047115,401.65
2026-09-18 17:27:25.878,buy,99.24,0.158394,15.72
2026-09-18 17:27:43.435,buy,99.24,0.105881,10.51
2026-09-18 17:27:51.414,sell,99.24,1.542696,153.1
2026-09-18 17:28:35.236,buy,99.16,0.70538,69.94
2026-09-18 17:28:37.908,buy,99.16,3.411892,338.31
2026-09-18 17:28:47.394,buy,99.16,0.946089,93.81
2026-09-18 17:28:54.032,buy,99.16,0.601681,59.66
2026-09-18 17:28:54.094,buy,99.16,0.10085,10.0
2026-09-18 17:28:59.980,buy,99.16,0.761762,75.53
2026-09-18 17:29:11.050,sell,99.22,0.491891,48.81
2026-09-18 17:29:31.359,buy,99.22,0.100783,10.0
2026-09-18 17:29:33.514,buy,99.22,0.849524,84.29
2026-09-18 17:29:36.305,sell,99.22,0.640692,63.57
2026-09-18 17:29:45.063,buy,99.22,0.811092,80.48
2026-09-18 17:30:16.635,sell,99.19,2.632795,261.16
2026-09-18 17:30:27.169,buy,99.19,0.100812,10.0
2026-09-18 17:30:34.751,sell,99.19,0.100812,10.0
2026-09-18 17:30:42.933,buy,99.19,0.385942,38.28
2026-09-18 17:30:43.538,sell,99.19,0.100812,10.0
2026-09-18 17:30:45.835,buy,99.19,2.989002,296.49
2026-09-18 17:30:49.141,sell,99.19,0.100812,10.0
2026-09-18 17:31:21.576,sell,99.24,0.100766,10.0
2026-09-18 17:31:22.108,sell,99.24,0.100766,10.0
2026-09-18 17:31:22.574,sell,99.24,0.21692,21.53
2026-09-18 17:31:28.939,sell,99.24,0.289974,28.78
2026-09-18 17:31:35.194,sell,99.24,0.379961,37.71
2026-09-18 17:31:43.432,sell,99.24,0.100766,10.0
2026-09-18 17:31:55.736,buy,99.24,0.174746,17.34
2026-09-18 17:32:29.928,sell,99.28,5.665127,562.45
2026-09-18 17:32:37.521,buy,99.28,0.306714,30.45
2026-09-18 17:32:37.851,sell,99.28,0.100723,10.0
2026-09-18 17:32:55.663,sell,99.28,0.20389,20.24
2026-09-18 17:33:02.502,sell,99.3,0.100701,10.0
2026-09-18 17:33:10.024,sell,99.3,0.804822,79.92
2026-09-18 17:33:12.575,sell,99.3,0.643418,63.89
2026-09-18 17:33:21.065,buy,99.3,2.347624,233.13
2026-09-18 17:33:34.174,sell,99.3,3.321582,329.85
2026-09-18 17:33:49.707,sell,99.3,0.370229,36.77
2026-09-18 17:34:02.864,sell,99.34,0.418344,41.56
2026-09-18 17:34:19.713,buy,99.34,0.429961,42.71
2026-09-18 17:34:41.893,sell,99.34,0.652994,64.87
2026-09-18 17:34:49.718,sell,99.34,3.938867,391.27
2026-09-18 17:34:52.258,buy,99.34,5.464324,542.8
2026-09-18 17:34:57.918,buy,99.34,0.316284,31.42
2026-09-18 17:35:05.558,sell,99.39,5.182953,515.12
2026-09-18 17:35:39.510,sell,99.39,3.560685,353.88
2026-09-18 17:35:42.314,sell,99.39,0.724122,71.97
2026-09-18 17:35:44.361,sell,99.39,0.107566,10.69
2026-09-18 17:36:06.690,buy,99.29,1.341709,133.21
2026-09-18 17:36:22.148,sell,99.29,0.286714,28.47
2026-09-18 17:36:25.227,buy,99.29,0.441191,43.8
2026-09-18 17:36:51.534,buy,99.29,1.241661,123.28
2026-09-18 17:36:53.092,buy,99.29,0.35194,34.94
2026-09-18 17:36:57.474,buy,99.29,2.718809,269.94
2026-09-18 17:37:37.244,sell,99.21,0.277557,27.54
2026-09-18 17:37:38.907,sell,99.21,0.1008,10.0
2026-09-18 17:37:48.300,sell,99.21,0.138016,13.69
2026-09-18 17:37:57.617,buy,99.21,1.445671,143.42
2026-09-18 17:38:27.681,buy,99.24,0.100767,10.0
2026-09-18 17:38:41.891,buy,99.24,1.571564,155.96
2026-09-18 17:38:46.778,sell,99.24,3.150528,312.65
2026-09-18 17:39:06.944,sell,99.27,0.10788,10.71
2026-09-18 17:39:08.389,sell,99.27,0.33617,33.37
2026-09-18 17:39:08.450,sell,99.27,0.193389,19.2
2026-09-18 17:39:14.032,buy,99.27,0.573474,56.93
2026-09-18 17:39:15.672,sell,99.27,0.100738,10.0
2026-09-18 17:39:41.482,buy,99.27,1.40072,139.05
2026-09-18 17:39:41.642,buy,99.27,17.882853,1775.18
2026-09-18 17:39:59.207,sell,99.27,0.8728,86.64
2026-09-18 17:40:09.527,buy,99.32,1.966639,195.32
2026-09-18 17:40:12.247,sell,99.32,0.100689,10.0
2026-09-18 17:40:33.770,sell,99.32,0.498901,49.55
2026-09-18 17:40:42.311,sell,99.32,1.070372,106.3
2026-09-18 17:40:49.743,buy,99.32,0.333664,33.14
2026-09-18 17:40:51.609,buy,99.32,0.228464,22.69
2026-09-18 17:41:18.859,sell,99.31,0.487476,48.41
2026-09-18 17:41:29.095,sell,99.31,1.00654,99.96
2026-09-18 17:41:37.061,sell,99.31,0.142185,14.12
2026-09-18 17:41:43.450,sell,99.31,0.48625,48.29
2026-09-18 17:41:46.589,sell,99.31,2.360516,234.43
2026-09-18 17:41:48.758,buy,99.31,0.247097,24.54
2026-09-18 17:41:49.388,buy,99.31,0.350457,34.81
2026-09-18 17:41:51.626,sell,99.31,0.100691,10.0
2026-09-18 17:42:05.653,buy,99.38,0.348051,34.59
2026-09-18 17:42:23.558,sell,99.38,0.100625,10.0
2026-09-18 17:42:34.489,buy,99.38,0.100625,10.0
2026-09-18 17:42:41.749,buy,99.38,0.237255,23.58
2026-09-18 17:42:48.781,sell,99.38,0.414408,41.18
2026-09-18 17:42:50.031,buy,99.38,0.100625,10.0
2026-09-18 17:42:53.116,buy,99.38,0.336437,33.43
2026-09-18 17:42:56.182,sell,99.38,0.217488,21.61
2026-09-18 17:43:12.761,buy,99.29,3.823295,379.61
2026-09-18 17:43:18.990,buy,99.29,5.000683,496.51
2026-09-18 17:43:35.143,buy,99.29,1.312622,130.33
2026-09-18 17:43:42.003,sell,99.29,2.132286,211.71
2026-09-18 17:43:59.735,sell,99.29,1.22771,121.9
2026-09-18 17:44:02.017,buy,99.19,0.129048,12.8
2026-09-18 17:44:19.636,buy,99.19,42.207808,4186.7
2026-09-18 17:44:29.663,buy,99.19,0.100814,10.0
2026-09-18 17:44:41.028,buy,99.19,0.100814,10.0
2026-09-18 17:44:41.333,buy,99.19,0.558469,55.4
2026-09-18 17:44:42.115,sell,99.19,19.111178,1895.69
2026-09-18 17:44:47.063,buy,99.19,0.637105,63.2
2026-09-18 17:44:55.846,buy,99.19,0.113414,11.25
2026-09-18 17:45:24.768,sell,99.27,0.100738,10.0
2026-09-18 17:45:37.723,sell,99.27,0.960777,95.37
2026-09-18 17:45:54.290,buy,99.27,0.19109,18.97
2026-09-18 17:45:56.863,sell,99.27,0.333137,33.07
2026-09-18 17:46:01.658,buy,99.36,0.100641,10.0
2026-09-18 17:46:24.501,buy,99.36,13.128437,1304.48
2026-09-18 17:46:26.869,sell,99.36,0.110702,11.0
2026-09-18 17:46:28.036,buy,99.36,0.100641,10.0
2026-09-18 17:46:52.529,sell,99.36,0.100641,10.0
2026-09-18 17:47:06.705,sell,99.37,0.787453,78.25
2026-09-18 17:47:09.791,buy,99.37,5.032134,500.04
2026-09-18 17:47:12.674,sell,99.37,0.68952,68.52
2026-09-18 17:47:14.945,sell,99.37,1.357734,134.92
2026-09-18 17:47:18.516,buy,99.37,0.322764,32.07
2026-09-18 17:47:58.940,sell,99.37,0.100635,10.0
2026-09-18 17:48:06.623,buy,99.36,0.602643,59.88
2026-09-18 17:48:53.185,sell,99.36,0.100641,10.0
2026-09-18 17:48:57.452,buy,99.36,0.998125,99.18
2026-09-18 17:49:07.972,buy,99.41,0.10059,10.0
2026-09-18 17:49:41.394,buy,99.41,0.673328,66.94
2026-09-18 17:49:54.691,buy,99.41,0.156352,15.54
2026-09-18 17:49:54.959,buy,99.41,0.214389,21.31
2026-09-18 17:50:08.279,sell,99.36,0.155519,15.45
2026-09-18 17:50:18.282,buy,99.36,0.384255,38.18
2026-09-18 17:50:47.094,buy,99.36,0.862444,85.69
2026-09-18 17:50:48.592,sell,99.36,2.958307,293.94
2026-09-18 17:50:49.397,buy,99.36,0.100643,10.0
2026-09-18 17:50:55.953,sell,99.36,0.176363,17.52
2026-09-18 17:51:03.374,buy,99.37,0.224734,22.33
2026-09-18 17:51:22.687,sell,99.37,2.438869,242.34
2026-09-18 17:51:27.904,buy,99.37,0.771128,76.62
2026-09-18 17:51:57.634,sell,99.37,0.50977,50.65
2026-09-18 17:52:23.538,buy,99.44,2.301996,228.91
2026-09-18 17:52:28.481,sell,99.44,18.832168,1872.66
2026-09-18 17:52:39.892,buy,99.44,2.235013,222.25
2026-09-18 17:52:43.267,buy,99.44,0.315587,31.38
2026-09-18 17:52:46.158,sell,99.44,0.100564,10.0
2026-09-18 17:52:46.581,sell,99.44,0.100564,10.0
2026-09-18 17:52:46.749,buy,99.44,0.100564,10.0
2026-09-18 17:52:55.804,buy,99.44,0.153965,15.31
2026-09-18 17:53:05.087,buy,99.35,0.186987,18.58
2026-09-18 17:53:26.261,sell,99.35,0.100651,10.0
2026-09-18 17:53:30.833,sell,99.35,1.953899,194.13
2026-09-18 17:53:42.842,buy,99.35,0.469337,46.63
2026-09-18 17:53:43.096,sell,99.35,0.178974,17.78
2026-09-18 17:54:05.903,sell,99.41,1.400203,139.2
2026-09-18 17:54:12.780,buy,99.41,0.10059,10.0
2026-09-18 17:54:13.523,sell,99.41,0.238649,23.72
2026-09-18 17:54:13.878,buy,99.41,0.326428,32.45
2026-09-18 17:54:15.493,sell,99.41,0.662062,65.82
2026-09-18 17:54:30.887,sell,99.41,0.255611,25.41
2026-09-18 17:54:40.501,sell,99.41,0.599958,59.64
2026-09-18 17:54:56.586,buy,99.41,0.928736,92.33
2026-09-18 17:55:16.626,buy,99.43,0.10057,10.0
2026-09-18 17:55:26.352,buy,99.43,0.10057,10.0
2026-09-18 17:55:29.372,buy,99.43,0.30379,30.21
2026-09-18 17:55:32.025,buy,99.43,1.164716,115.81
2026-09-18 17:55:42.857,sell,99.43,0.10057,10.0
2026-09-18 17:55:43.554,sell,99.43,0.169609,16.86
2026-09-18 17:56:11.572,buy,99.45,0.100552,10.0
2026-09-18 17:56:17.555,sell,99.45,0.139629,13.89
2026-09-18 17:56:19.316,sell,99.45,2.189148,217.71
2026-09-18 17:56:20.687,buy,99.45,0.100552,10.0
2026-09-18 17:56:21.241,sell,99.45,0.100552,10.0
2026-09-18 17:56:49.682,buy,99.45,0.100552,10.0
2026-09-18 17:56:49.742,sell,99.45,0.179657,17.87
2026-09-18 17:56:59.970,buy,99.45,0.100552,10.0
2026-09-18 17:57:02.656,sell,99.4,0.346865,34.48
2026-09-18 17:57:04.587,sell,99.4,5.118862,508.8
2026-09-18 17:57:06.165,buy,99.4,0.100606,10.0
2026-09-18 17:57:08.967,buy,99.4,3.665132,364.31
2026-09-18 17:57:15.489,sell,99.4,0.100606,10.0
2026-09-18 17:57:32.785,sell,99.4,0.535855,53.26
2026-09-18 17:58:14.642,sell,99.43,1.060002,105.4
2026-09-18 17:58:22.409,buy,99.43,0.36794,36.59
2026-09-18 17:58:27.057,buy,99.43,0.943817,93.85
2026-09-18 17:58:39.135,sell,99.43,0.100569,10.0
2026-09-18 17:58:45.632,buy,99.43,0.100569,10.0
2026-09-18 17:58:46.233,buy,99.43,0.630465,62.69
2026-09-18 17:59:00.453,buy,99.51,1.225379,121.93
2026-09-18 17:59:03.945,buy,99.51,0.100497,10.0
2026-09-18 17:59:19.976,buy,99.51,0.378156,37.63
2026-09-18 17:59:27.499,buy,99.51,0.269715,26.84
2026-09-18 17:59:28.753,buy,99.51,0.337063,33.54
2026-09-18 17:59:36.236,sell,99.51,1.756045,174.74
2026-09-18 17:59:47.165,buy,99.51,0.173979,17.31
2026-09-18 18:00:18.772,buy,99.5,1.977272,196.74
2026-09-18 18:00:25.753,buy,99.5,0.503835,50.13
2026-09-18 18:00:47.313,sell,99.5,0.254493,25.32
2026-09-18 18:01:29.216,sell,99.53,0.995144,99.04
2026-09-18 18:01:31.541,sell,99.53,0.100477,10.0
2026-09-18 18:01:34.073,sell,99.53,0.873694,86.95
2026-09-18 18:01:35.761,buy,99.53,0.141337,14.07
2026-09-18 18:01:42.531,sell,99.53,0.91046,90.61
2026-09-18 18:01:43.780,buy,99.53,0.100477,10.0
2026-09-18 18:02:08.228,buy,99.55,0.309177,30.78
2026-09-18 18:02:10.220,buy,99.55,0.167574,16.68
2026-09-18 18:02:27.379,buy,99.55,1.565601,155.86
2026-09-18 18:02:29.234,buy,99.55,7.362595,732.97
2026-09-18 18:02:32.554,sell,99.55,0.66639,66.34
2026-09-18 18:02:33.752,buy,99.55,0.100449,10.0
2026-09-18 18:02:57.333,buy,99.55,1.183318,117.8
2026-09-18 18:03:02.015,buy,99.53,5.396958,537.14
2026-09-18 18:03:03.099,sell,99.53,9.338872,929.47
2026-09-18 18:03:30.342,sell,99.53,0.431452,42.94
2026-09-18 18:03:35.049,buy,99.53,0.210583,20.96
2026-09-18 18:03:36.449,buy,99.53,0.174964,17.41
2026-09-18 18:03:38.186,sell,99.53,0.632394,62.94
2026-09-18 18:03:51.887,sell,99.53,3.755568,373.78
2026-09-18 18:03:53.591,sell,99.53,0.100476,10.0
2026-09-18 18:04:00.824,sell,99.54,0.100466,10.0
2026-09-18 18:04:13.201,sell,99.54,0.108423,10.79
2026-09-18 18:04:14.780,buy,99.54,0.341556,34.0
2026-09-18 18:04:17.449,sell,99.54,0.140981,14.03
2026-09-18 18:04:35.339,sell,99.54,0.247617,24.65
2026-09-18 18:04:43.461,buy,99.54,0.900767,89.66
2026-09-18 18:05:11.030,sell,99.63,1.755436,174.89
2026-09-18 18:05:11.264,buy,99.63,1.66862,166.24
2026-09-18 18:05:33.977,sell,99.63,0.103871,10.35
2026-09-18 18:05:45.266,buy,99.63,0.892497,88.92
2026-09-18 18:05:55.440,buy,99.63,16.69133,1662.96
2026-09-18 18:06:30.171,sell,99.57,0.839096,83.55
2026-09-18 18:06:43.776,sell,99.57,1.229595,122.43
2026-09-18 18:06:45.180,sell,99.57,0.100432,10.0
2026-09-18 18:06:59.449,buy,99.57,2.082317,207.34
2026-09-18 18:07:01.722,sell,99.63,0.100367,10.0
2026-09-18 18:07:04.195,sell,99.63,0.719893,71.73
2026-09-18 18:07:13.971,buy,99.63,0.191924,19.12
2026-09-18 18:07:18.991,buy,99.63,0.100367,10.0
2026-09-18 18:07:20.316,sell,99.63,1.37854,137.35
2026-09-18 18:07:22.805,sell,99.63,0.202923,20.22
2026-09-18 18:07:48.532,sell,99.63,0.170499,16.99
2026-09-18 18:07:59.626,sell,99.63,0.137572,13.71
2026-09-18 18:08:04.203,sell,99.68,0.38876,38.75
2026-09-18 18:08:04.915,sell,99.68,0.121532,12.11
2026-09-18 18:08:14.573,buy,99.68,0.25528,25.45
2026-09-18 18:08:15.392,buy,99.68,0.10032,10.0
2026-09-18 18:08:26.845,buy,99.68,0.226168,22.54
2026-09-18 18:08:28.003,sell,99.68,0.204379,20.37
2026-09-18 18:08:33.872,sell,99.68,0.333434,33.24
2026-09-18 18:09:14.842,buy,99.64,0.895881,89.27
2026-09-18 18:09:15.395,sell,99.64,0.357313,35.6
2026-09-18 18:09:31.937,sell,99.64,0.268967,26.8
2026-09-18 18:09:39.620,sell,99.64,0.18843,18.78
2026-09-18 18:09:39.905,sell,99.64,6.206065,618.4
2026-09-18 18:09:45.034,buy,99.64,0.344049,34.28
2026-09-18 18:09:46.203,sell,99.64,0.100358,10.0
2026-09-18 18:09:49.581,sell,99.64,0.47904,47.73
2026-09-18 18:10:02.824,buy,99.58,1.501203,149.49
2026-09-18 18:10:03.289,sell,99.58,0.100418,10.0
2026-09-18 18:10:13.693,sell,99.58,0.536289,53.41
2026-09-18 18:10:20.962,sell,99.58,0.22309,22.22
2026-09-18 18:10:21.089,sell,99.58,1.539471,153.31
2026-09-18 18:10:28.750,sell,99.58,0.345374,34.39
2026-09-18 18:10:52.570,buy,99.58,0.474589,47.26
2026-09-18 18:11:07.398,sell,99.61,0.292979,29.18
2026-09-18 18:11:10.549,buy,99.61,0.30942,30.82
2026-09-18 18:11:23.823,sell,99.61,3.667532,365.33
2026-09-18 18:11:30.834,sell,99.61,2.117355,210.91
2026-09-18 18:11:31.624,sell,99.61,0.100389,10.0
2026-09-18 18:11:42.043,buy,99.61,0.100389,10.0
2026-09-18 18:11:42.398,buy,99.61,2.100508,209.24
2026-09-18 18:11:42.806,sell,99.61,1.095898,109.16
2026-09-18 18:12:17.386,buy,99.66,0.306444,30.54
2026-09-18 18:12:27.461,sell,99.66,0.100341,10.0
2026-09-18 18:12:33.165,buy,99.66,0.627286,62.52
2026-09-18 18:12:39.104,buy,99.66,0.575277,57.33
2026-09-18 18:13:23.769,sell,99.74,0.110481,11.02
2026-09-18 18:13:24.308,buy,99.74,0.100256,10.0
2026-09-18 18:13:53.700,sell,99.74,0.227928,22.73
2026-09-18 18:14:06.936,sell,99.75,0.100248,10.0
2026-09-18 18:14:14.430,sell,99.75,0.100248,10.0
2026-09-18 18:14:23.000,sell,99.17,30.251084,3000.0
2026-09-18 18:14:43.853,buy,99.75,0.100248,10.0
2026-09-18 18:14:45.210,sell,99.75,0.323134,32.23
2026-09-18 18:14:55.860,sell,99.75,1.580155,157.63
2026-09-18 18:14:55.867,buy,99.75,3.215372,320.74
2026-09-18 18:14:58.976,buy,99.75,7.289831,727.18
2026-09-18 18:15:06.207,sell,99.79,0.843493,84.17
2026-09-18 18:15:12.000,buy,99.36,30.193237,3000.0
2026-09-18 18:15:15.806,sell,99.79,0.100215,10.0
2026-09-18 18:15:34.765,buy,99.79,0.147576,14.73
2026-09-18 18:15:37.194,sell,99.79,0.268207,26.76
2026-09-18 18:15:47.537,buy,99.79,0.100215,10.0
2026-09-18 18:15:54.806,buy,99.79,0.358218,35.74
2026-09-18 18:15:56.524,sell,99.79,0.599751,59.85
2026-09-18 18:16:13.743,sell,99.83,0.195832,19.55
2026-09-18 18:16:45.098,sell,99.83,0.30422,30.37
2026-09-18 18:16:49.060,sell,99.83,0.459411,45.86
2026-09-18 18:17:16.394,buy,99.85,0.100155,10.0
2026-09-18 18:17:21.939,sell,99.85,0.320571,32.01
2026-09-18 18:17:57.862,buy,99.85,0.163019,16.28
2026-09-18 18:18:13.145,buy,99.71,0.100291,10.0
2026-09-18 18:18:14.715,buy,99.71,0.125733,12.54
2026-09-18 18:18:29.300,sell,99.71,2.852039,284.38
2026-09-18 18:18:30.501,buy,99.71,0.541812,54.02
2026-09-18 18:18:32.227,sell,99.71,0.715081,71.3
2026-09-18 18:18:35.839,sell,99.71,9.977435,994.85
2026-09-18 18:19:01.066,buy,99.76,0.658766,65.72
2026-09-18 18:19:05.691,sell,99.76,3.548853,354.04
2026-09-18 18:19:07.910,buy,99.76,0.2928,29.21
2026-09-18 18:19:27.381,buy,99.76,0.466305,46.52
2026-09-18 18:19:47.434,buy,99.76,20.358198,2030.98
2026-09-18 18:19:50.843,sell,99.76,0.329096,32.83
2026-09-18 18:20:29.673,sell,99.74,0.146607,14.62
2026-09-18 18:20:30.030,sell,99.74,0.100259,10.0
2026-09-18 18:20:30.854,sell,99.74,0.127078,12.67
2026-09-18 18:20:31.400,buy,99.74,0.100259,10.0
2026-09-18 18:20:36.099,sell,99.74,1.014636,101.2
2026-09-18 18:20:45.676,sell,99.74,0.736719,73.48
2026-09-18 18:20:48.488,sell,99.74,1.224903,122.17
2026-09-18 18:21:14.721,buy,99.65,0.178209,17.76
2026-09-18 18:21:22.276,buy,99.65,0.140618,14.01
2026-09-18 18:21:33.451,sell,99.65,0.10035,10.0
2026-09-18 18:21:44.452,sell,99.65,2.185189,217.76
2026-09-18 18:21:46.214,sell,99.65,0.226545,22.58
2026-09-18 18:21:46.542,sell,99.65,0.524735,52.29
2026-09-18 18:21:55.502,sell,99.65,0.234424,23.36
2026-09-18 18:21:58.688,sell,99.65,1.938501,193.17
2026-09-18 18:22:13.706,buy,99.79,0.220025,21.96
2026-09-18 18:22:14.571,sell,99.79,0.803746,80.2
2026-09-18 18:22:24.061,buy,99.79,0.285835,28.52
2026-09-18 18:22:29.048,buy,99.79,0.100213,10.0
2026-09-18 18:22:30.861,sell,99.79,0.420965,42.01
2026-09-18 18:22:50.034,buy,99.79,0.100213,10.0
2026-09-18 18:22:53.945,sell,99.79,2.73207,272.63
2026-09-18 18:22:54.900,buy,99.79,0.100213,10.0
2026-09-18 18:23:00.632,buy,99.76,17.634824,1759.26
2026-09-18 18:23:07.528,sell,99.76,0.10024,10.0
2026-09-18 18:23:12.877,buy,99.76,0.187114,18.67
2026-09-18 18:23:26.004,sell,99.76,1.414069,141.07
2026-09-18 18:23:36.643,sell,99.76,0.139987,13.97
2026-09-18 18:23:48.878,sell,99.76,1.010343,100.79
2026-09-18 18:23:59.715,sell,99.76,0.143278,14.29
2026-09-18 18:24:01.789,sell,99.73,0.100267,10.0
2026-09-18 18:24:02.374,sell,99.73,0.100267,10.0
2026-09-18 18:24:10.759,sell,99.73,0.100267,10.0
2026-09-18 18:24:16.642,sell,99.73,3.724881,371.5
2026-09-18 18:24:24.092,sell,99.73,33.937999,3384.77
2026-09-18 18:24:29.369,sell,99.73,0.962237,95.97
2026-09-18 18:24:41.823,sell,99.73,5.072884,505.94
2026-09-18 18:24:55.501,sell,99.73,0.697191,69.53
2026-09-18 18:25:12.807,buy,99.59,3.150712,313.78
2026-09-18 18:25:28.787,sell,99.59,0.100412,10.0
2026-09-18 18:25:29.118,sell,99.59,0.36905,36.75
2026-09-18 18:25:42.956,buy,99.59,0.100412,10.0
2026-09-18 18:25:48.770,sell,99.59,0.595175,59.27
2026-09-18 18:25:51.630,sell,99.59,1.881129,187.34
2026-09-18 18:25:55.804,buy,99.59,1.353418,134.79
2026-09-18 18:26:27.402,buy,99.59,7.165704,713.66
2026-09-18 18:26:35.684,buy,99.59,0.226615,22.57
2026-09-18 18:26:37.089,sell,99.59,0.100407,10.0
2026-09-18 18:26:59.400,sell,99.59,0.194126,19.33
2026-09-18 18:27:03.241,buy,99.61,1.323153,131.8
2026-09-18 18:27:19.756,buy,99.61,0.729254,72.64
2026-09-18 18:27:44.356,buy,99.61,0.129359,12.89
2026-09-18 18:27:45.117,sell,99.61,6.603813,657.81
2026-09-18 18:27:47.963,sell,99.61,0.10039,10.0
2026-09-18 18:27:48.572,sell,99.61,0.10039,10.0
2026-09-18 18:27:57.995,sell,99.61,0.10039,10.0
2026-09-18 18:28:04.147,buy,99.58,0.450849,44.89
2026-09-18 18:28:20.074,buy,99.58,0.26079,25.97
2026-09-18 18:28:20.691,buy,99.58,0.437463,43.56
2026-09-18 18:28:29.003,sell,99.58,0.156007,15.53
2026-09-18 18:28:53.253,buy,99.58,0.124948,12.44
2026-09-18 18:29:09.919,buy,99.55,0.297499,29.61
2026-09-18 18:29:21.149,sell,99.55,0.134521,13.39
2026-09-18 18:29:47.036,sell,99.55,0.686309,68.32
2026-09-18 18:29:49.561,sell,99.55,0.536512,53.41
2026-09-18 18:30:26.478,buy,99.47,0.858408,85.38
2026-09-18 18:30:29.831,sell,99.47,0.100536,10.0
2026-09-18 18:30:30.423,sell,99.47,0.399223,39.71
2026-09-18 18:30:48.356,sell,99.47,0.100536,10.0
2026-09-18 18:30:48.557,sell,99.47,0.637818,63.44
2026-09-18 18:30:52.989,buy,99.47,1.098358,109.25
2026-09-18 18:31:03.830,buy,99.47,0.564736,56.18
2026-09-18 18:31:31.842,buy,99.47,0.333155,33.14
2026-09-18 18:31:33.769,buy,99.47,0.203731,20.27
2026-09-18 18:31:38.293,sell,99.47,0.202724,20.17
2026-09-18 18:31:41.668,sell,99.47,0.463336,46.09
2026-09-18 18:31:47.097,sell,99.47,0.257492,25.61
2026-09-18 18:32:32.420,sell,99.47,0.318768,31.71
2026-09-18 18:32:41.398,sell,99.47,5.425248,539.63
2026-09-18 18:32:59.507,buy,99.47,0.100536,10.0
2026-09-18 18:33:00.633,buy,99.41,0.10059,10.0
2026-09-18 18:33:02.490,sell,99.41,0.117965,11.73
2026-09-18 18:33:05.847,buy,99.41,0.315589,31.37
2026-09-18 18:33:14.727,buy,99.41,0.512328,50.93
2026-09-18 18:33:16.068,sell,99.41,0.78685,78.22
2026-09-18 18:33:36.658,sell,99.41,1.369693,136.17
2026-09-18 18:33:53.251,buy,99.41,0.10059,10.0
2026-09-18 18:33:53.906,buy,99.41,0.312559,31.07
2026-09-18 18:34:00.431,buy,99.33,0.100675,10.0
2026-09-18 18:34:01.720,buy,99.33,0.100675,10.0
2026-09-18 18:34:11.336,sell,99.33,2.052322,203.86
2026-09-18 18:34:16.067,buy,99.33,0.874066,86.82
2026-09-18 18:34:59.434,buy,99.33,1.259812,125.14
2026-09-18 18:35:04.448,buy,99.27,7.143875,709.16
2026-09-18 18:35:10.191,buy,99.27,0.212141,21.06
2026-09-18 18:35:23.591,buy,99.27,0.126294,12.54
2026-09-18 18:36:00.563,sell,99.33,9.687634,962.26
2026-09-18 18:36:00.563,buy,99.33,0.100675,10.0
2026-09-18 18:36:38.874,sell,99.33,0.263811,26.2
2026-09-18 18:36:40.165,sell,99.33,0.709528,70.48
2026-09-18 18:36:47.173,buy,99.33,0.100675,10.0
2026-09-18 18:36:48.804,buy,99.33,2.495472,247.87
2026-09-18 18:36:49.672,sell,99.33,0.652506,64.81
2026-09-18 18:37:00.965,sell,99.32,3.485583,346.19
2026-09-18 18:37:03.471,buy,99.32,0.215853,21.44
2026-09-18 18:37:17.132,buy,99.32,0.134966,13.4
2026-09-18 18:37:19.494,sell,99.32,12.628561,1254.28
2026-09-18 18:37:37.733,sell,99.32,0.100683,10.0
2026-09-18 18:37:49.875,sell,99.32,1.309041,130.02
2026-09-18 18:37:59.347,sell,99.32,0.512685,50.92
2026-09-18 18:38:20.753,sell,99.39,0.22144,22.01
2026-09-18 18:38:33.423,sell,99.39,1.718892,170.85
2026-09-18 18:38:52.177,buy,99.39,3.499764,347.85
2026-09-18 18:39:16.316,buy,99.5,2.838437,282.42
2026-09-18 18:39:18.460,buy,99.5,0.100504,10.0
2026-09-18 18:39:29.085,sell,99.5,1.172182,116.63
2026-09-18 18:39:31.950,buy,99.5,3.325304,330.86
2026-09-18 18:39:39.100,buy,99.5,0.768132,76.43
2026-09-18 18:39:42.175,sell,99.5,1.486007,147.86
2026-09-18 18:39:50.403,buy,99.5,0.1607,15.99
2026-09-18 18:39:52.637,buy,99.5,0.664803,66.15
2026-09-18 18:40:24.472,buy,99.49,0.100511,10.0
2026-09-18 18:40:26.695,buy,99.49,0.251984,25.07
2026-09-18 18:40:29.977,sell,99.49,0.291047,28.96
2026-09-18 18:40:43.561,buy,99.49,0.100511,10.0
2026-09-18 18:40:48.433,buy,99.49,2.848402,283.39
2026-09-18 18:40:51.393,buy,99.49,0.100511,10.0
2026-09-18 18:40:52.582,buy,99.49,0.111578,11.1
2026-09-18 18:40:54.425,sell,99.49,0.350912,34.91
2026-09-18 18:41:08.159,sell,99.47,0.823667,81.93
2026-09-18 18:41:08.253,buy,99.47,0.283264,28.18
2026-09-18 18:41:34.776,buy,99.47,2.01246,200.18
2026-09-18 18:41:49.575,sell,99.47,0.100535,10.0
2026-09-18 18:41:55.480,sell,99.47,0.141658,14.09
2026-09-18 18:42:22.748,buy,99.48,0.761003,75.71
2026-09-18 18:42:25.276,sell,99.48,0.718013,71.43
2026-09-18 18:42:28.678,buy,99.48,3.261968,324.5
2026-09-18 18:42:37.153,sell,99.48,0.114487,11.39
2026-09-18 18:42:47.389,buy,99.48,0.100522,10.0
2026-09-18 18:42:49.845,buy,99.48,0.100522,10.0
2026-09-18 18:43:02.992,sell,99.51,1.007552,100.26
2026-09-18 18:43:30.977,sell,99.51,4.94729,492.29
2026-09-18 18:43:34.512,buy,99.51,1.185071,117.92
2026-09-18 18:43:41.034,sell,99.51,1.238469,123.24
2026-09-18 18:44:04.192,sell,99.46,0.70801,70.42
2026-09-18 18:44:17.583,buy,99.46,0.200224,19.91
2026-09-18 18:44:20.294,sell,99.46,0.191299,19.03
2026-09-18 18:44:30.413,sell,99.46,0.907836,90.3
2026-09-18 18:44:44.121,buy,99.46,0.10054,10.0
2026-09-18 18:44:48.365,sell,99.46,0.1838,18.28
2026-09-18 18:44:59.801,sell,99.46,0.156104,15.53
2026-09-18 18:45:05.571,buy,99.41,0.100598,10.0
2026-09-18 18:45:15.340,sell,99.41,0.444226,44.16
2026-09-18 18:45:34.028,sell,99.41,11.179387,1111.3
2026-09-18 18:45:46.477,sell,99.41,6.376313,633.84
2026-09-18 18:46:08.941,sell,99.39,8.307407,825.71
2026-09-18 18:46:09.432,buy,99.39,0.139927,13.91
2026-09-18 18:46:13.567,sell,99.39,0.359588,35.74
2026-09-18 18:46:28.965,sell,99.39,0.216418,21.51
2026-09-18 18:46:35.993,buy,99.39,0.10061,10.0
2026-09-18 18:46:38.591,buy,99.39,0.263957,26.24
2026-09-18 18:47:03.457,sell,99.5,2.235359,222.43
2026-09-18 18:47:21.281,buy,99.5,0.100498,10.0
2026-09-18 18:47:38.317,sell,99.5,0.499653,49.72
2026-09-18 18:47:44.390,buy,99.5,0.100498,10.0
2026-09-18 18:47:48.189,sell,99.5,0.261994,26.07
2026-09-18 18:47:56.582,buy,99.5,2.307377,229.59
2026-09-18 18:48:15.913,sell,99.47,11.687249,1162.54
2026-09-18 18:48:33.436,sell,99.47,0.145373,14.46
2026-09-18 18:48:43.150,sell,99.47,3.458421,344.01
2026-09-18 18:48:51.495,sell,99.47,0.181221,18.03
2026-09-18 18:48:55.793,sell,99.47,1.745078,173.58
2026-09-18 18:48:56.996,sell,99.47,0.552693,54.98
2026-09-18 18:48:57.135,sell,99.47,0.57926,57.62
2026-09-18 18:49:05.814,sell,99.51,0.143226,14.25
2026-09-18 18:49:10.860,buy,99.51,0.100494,10.0
2026-09-18 18:49:10.945,sell,99.51,2.822038,280.82
2026-09-18 18:49:17.712,sell,99.51,150.88007,15013.86
2026-09-18 18:50:04.388,sell,99.45,1.220697,121.4
2026-09-18 18:50:25.051,buy,99.45,0.951668,94.65
2026-09-18 18:50:25.730,buy,99.45,2.234346,222.22
2026-09-18 18:50:30.676,sell,99.45,0.100548,10.0
2026-09-18 18:50:42.488,sell,99.45,0.200932,19.98
2026-09-18 18:50:51.852,buy,99.45,0.40568,40.35
2026-09-18 18:51:03.112,sell,99.5,0.100508,10.0
2026-09-18 18:51:26.206,buy,99.5,0.217621,21.65
2026-09-18 18:51:27.163,buy,99.5,0.134132,13.35
2026-09-18 18:51:29.952,sell,99.5,0.100508,10.0
2026-09-18 18:51:31.163,buy,99.5,0.100508,10.0
2026-09-18 18:51:31.414,sell,99.5,0.100508,10.0
2026-09-18 18:52:06.186,buy,99.48,1.118785,111.29
2026-09-18 18:52:56.582,buy,99.48,0.198052,19.7
2026-09-18 18:52:59.096,sell,99.48,0.100525,10.0
2026-09-18 18:53:21.920,sell,99.54,0.561336,55.87
2026-09-18 18:53:29.368,buy,99.54,0.12102,12.05
2026-09-18 18:53:30.123,sell,99.54,0.335813,33.43
2026-09-18 18:53:31.261,sell,99.54,21.449498,2135.04
2026-09-18 18:53:56.442,sell,99.54,0.100464,10.0
2026-09-18 18:54:02.201,buy,99.59,0.100416,10.0
2026-09-18 18:54:07.590,sell,99.59,0.95543,95.15
2026-09-18 18:54:08.400,buy,99.59,0.100416,10.0
2026-09-18 18:54:47.814,sell,99.59,3.987392,397.09
2026-09-18 18:54:53.129,buy,99.59,0.318777,31.75
2026-09-18 18:55:01.412,sell,99.65,0.326726,32.56
2026-09-18 18:55:14.374,buy,99.65,4.081222,406.7
2026-09-18 18:55:14.517,buy,99.65,0.100351,10.0
2026-09-18 18:55:19.236,sell,99.65,1.767951,176.18
2026-09-18 18:55:28.403,sell,99.65,13.425509,1337.86
2026-09-18 18:55:37.305,buy,99.65,0.95872,95.54
2026-09-18 18:56:03.039,buy,99.64,0.884406,88.12
2026-09-18 18:56:17.652,buy,99.64,0.738747,73.61
2026-09-18 18:56:20.362,buy,99.64,2.183537,217.56
2026-09-18 18:56:29.537,buy,99.64,0.166868,16.63
2026-09-18 18:56:47.154,buy,99.64,0.365278,36.4
2026-09-18 18:56:48.236,sell,99.64,2.517738,250.86
2026-09-18 18:57:15.421,sell,99.69,0.144289,14.38
2026-09-18 18:57:18.615,buy,99.69,25.980888,2589.98
2026-09-18 18:57:22.554,sell,99.69,0.385504,38.43
2026-09-18 18:57:23.798,buy,99.69,0.100313,10.0
2026-09-18 18:57:38.668,buy,99.69,0.614768,61.28
2026-09-18 18:57:51.000,buy,99.69,0.345713,34.46
2026-09-18 18:57:57.765,buy,99.69,1.225685,122.19
2026-09-18 18:58:18.632,buy,99.71,0.100294,10.0
2026-09-18 18:58:28.769,buy,99.71,0.318719,31.78
2026-09-18 18:58:44.489,sell,99.71,0.100294,10.0
2026-09-18 18:58:54.193,sell,99.71,1.679615,167.47
2026-09-18 18:58:54.804,sell,99.71,0.208909,20.83
2026-09-18 18:59:48.465,buy,99.7,0.100305,10.0
2026-09-18 18:59:52.618,buy,99.7,0.123273,12.29
2026-09-18 18:59:54.265,buy,99.7,0.100305,10.0
2026-09-18 19:00:01.491,sell,99.74,0.121876,12.16
2026-09-18 19:00:07.101,buy,99.74,0.420419,41.93
2026-09-18 19:00:13.439,buy,99.74,0.1618,16.14
2026-09-18 19:00:28.693,buy,99.74,0.100257,10.0
2026-09-18 19:00:44.409,buy,99.74,0.120318,12.0
2026-09-18 19:01:00.378,sell,99.69,0.942805,93.99
2026-09-18 19:01:02.292,buy,99.69,4.840724,482.59
2026-09-18 19:01:09.600,sell,99.69,0.100308,10.0
2026-09-18 19:01:31.263,buy,99.69,0.273827,27.3
2026-09-18 19:01:39.895,buy,99.69,0.32733,32.63
2026-09-18 19:01:58.100,buy,99.69,0.197807,19.72
2026-09-18 19:01:59.092,buy,99.69,0.100308,10.0
2026-09-18 19:02:20.748,buy,99.6,0.118165,11.77
2026-09-18 19:02:42.066,buy,99.6,1.391059,138.54
2026-09-18 19:02:47.177,buy,99.6,15.034613,1497.38
2026-09-18 19:03:07.073,sell,99.63,1.156325,115.21
2026-09-18 19:03:13.293,sell,99.63,1.337058,133.22
2026-09-18 19:03:25.755,buy,99.63,1.702165,169.59
2026-09-18 19:03:27.113,sell,99.63,0.408998,40.75
2026-09-18 19:03:31.665,sell,99.63,0.369589,36.82
2026-09-18 19:03:51.198,sell,99.63,0.176088,17.54
2026-09-18 19:03:52.314,sell,99.63,0.330702,32.95
2026-09-18 19:03:58.837,buy,99.63,0.100367,10.0
2026-09-18 19:04:04.563,buy,99.49,0.677671,67.42
2026-09-18 19:04:17.137,sell,99.49,0.100511,10.0
2026-09-18 19:04:23.427,buy,99.49,0.126657,12.6
2026-09-18 19:04:23.743,buy,99.49,0.100511,10.0
2026-09-18 19:04:31.973,sell,99.49,0.174416,17.35
2026-09-18 19:04:41.640,buy,99.49,0.100511,10.0
2026-09-18 19:04:58.400,buy,99.49,1.760173,175.12
2026-09-18 19:05:01.342,sell,99.46,0.100542,10.0
2026-09-18 19:05:06.795,buy,99.46,0.318574,31.69
2026-09-18 19:05:13.278,sell,99.46,1.085554,107.97
2026-09-18 19:05:17.829,sell,99.46,6.622852,658.71
2026-09-18 19:05:21.413,sell,99.46,0.246448,24.51
2026-09-18 19:05:22.256,sell,99.46,0.212832,21.17
2026-09-18 19:05:37.546,sell,99.46,0.100542,10.0
2026-09-18 19:05:48.484,buy,99.46,0.374627,37.26
2026-09-18 19:06:11.878,buy,99.45,1.126288,112.01
2026-09-18 19:06:17.072,buy,99.45,0.405344,40.31
2026-09-18 19:06:21.457,buy,99.45,0.321193,31.94
2026-09-18 19:06:40.813,buy,99.45,0.100552,10.0
2026-09-18 19:06:54.699,sell,99.45,0.100552,10.0
2026-09-18 19:07:04.931,buy,99.5,0.492745,49.03
2026-09-18 19:07:13.757,sell,99.5,0.518199,51.56
2026-09-18 19:07:20.203,buy,99.5,10.792023,1073.77
2026-09-18 19:07:21.158,buy,99.5,0.128105,12.75
2026-09-18 19:07:21.386,sell,99.5,1.058507,105.32
2026-09-18 19:07:25.943,sell,99.5,0.866642,86.23
2026-09-18 19:07:52.569,sell,99.5,0.100506,10.0
2026-09-18 19:07:56.630,buy,99.5,0.10938,10.88
2026-09-18 19:08:02.771,sell,99.46,0.100546,10.0
2026-09-18 19:08:21.223,buy,99.46,0.100546,10.0
2026-09-18 19:08:25.297,buy,99.46,0.100546,10.0
2026-09-18 19:08:50.626,sell,99.46,22.665449,2254.24
2026-09-18 19:08:57.886,sell,99.46,0.531684,52.88
2026-09-18 19:09:07.270,buy,99.43,3.504805,348.49
2026-09-18 19:09:11.536,sell,99.43,0.728375,72.42
2026-09-18 19:09:16.933,buy,99.43,1.787467,177.73
2026-09-18 19:09:30.935,buy,99.43,0.10057,10.0
2026-09-18 19:09:31.342,buy,99.43,0.10057,10.0
2026-09-18 19:09:40.169,sell,99.43,5.148508,511.93
2026-09-18 19:09:57.973,buy,99.43,27.725323,2756.81
2026-09-18 19:10:02.412,buy,99.42,0.74649,74.22
2026-09-18 19:10:07.493,sell,99.42,0.459183,45.65
2026-09-18 19:10:17.214,sell,99.42,0.340799,33.88
2026-09-18 19:10:22.000,buy,99.41,10.05935,1000.0
2026-09-18 19:10:26.656,buy,99.42,0.123134,12.24
2026-09-18 19:10:26.970,buy,99.42,0.930358,92.5
2026-09-18 19:10:44.753,buy,99.42,0.389231,38.7
2026-09-18 19:10:55.285,sell,99.42,1.394659,138.66
2026-09-18 19:10:57.645,sell,99.42,0.17104,17.0
2026-09-18 19:11:00.270,buy,99.51,0.123464,12.29
2026-09-18 19:11:03.588,sell,99.51,0.127187,12.66
2026-09-18 19:11:18.487,buy,99.51,0.119601,11.9
2026-09-18 19:11:19.616,buy,99.51,0.506444,50.4
2026-09-18 19:11:47.741,buy,99.51,0.277942,27.66
2026-09-18 19:11:54.837,sell,99.51,0.361505,35.97
2026-09-18 19:12:02.406,sell,99.49,1.745439,173.65
2026-09-18 19:12:22.287,sell,99.49,0.121258,12.06
2026-09-18 19:12:27.370,sell,99.49,0.232357,23.12
2026-09-18 19:12:34.450,buy,99.49,0.250046,24.88
2026-09-18 19:12:58.334,buy,99.49,0.100514,10.0
2026-09-18 19:13:18.067,buy,99.51,0.100492,10.0
2026-09-18 19:13:26.436,buy,99.51,0.100492,10.0
2026-09-18 19:13:39.343,buy,99.51,0.534723,53.21
2026-09-18 19:13:40.814,sell,99.51,2.708777,269.55
2026-09-18 19:13:43.802,buy,99.51,3.146999,313.16
2026-09-18 19:13:43.945,sell,99.51,0.654237,65.1
2026-09-18 19:13:46.921,buy,99.51,0.142294,14.16
2026-09-18 19:14:38.078,buy,99.59,0.408321,40.67
2026-09-18 19:14:45.580,sell,99.59,14.24471,1418.68
2026-09-18 19:14:57.273,buy,99.59,0.108808,10.84
2026-09-18 19:15:01.656,sell,99.59,0.323274,32.2
2026-09-18 19:15:03.029,sell,99.59,0.10041,10.0
2026-09-18 19:15:26.412,buy,99.59,0.10041,10.0
2026-09-18 19:15:29.178,buy,99.59,0.10041,10.0
2026-09-18 19:15:35.740,buy,99.59,4.352704,433.49
2026-09-18 19:15:59.607,buy,99.59,0.10041,10.0
2026-09-18 19:16:14.003,buy,99.61,1.554371,154.84
2026-09-18 19:16:21.323,sell,99.61,3.010818,299.92
2026-09-18 19:16:22.018,sell,99.61,0.278999,27.79
2026-09-18 19:16:43.273,buy,99.61,0.100388,10.0
2026-09-18 19:17:18.285,buy,99.54,0.107033,10.65
2026-09-18 19:17:18.851,buy,99.54,0.802139,79.84
2026-09-18 19:17:31.381,buy,99.54,0.133578,13.3
2026-09-18 19:17:56.967,sell,99.54,0.100462,10.0
2026-09-18 19:18:16.684,buy,99.56,0.235959,23.49
2026-09-18 19:18:17.734,buy,99.56,0.10044,10.0
2026-09-18 19:18:27.870,buy,99.56,1.660314,165.3
2026-09-18 19:18:28.013,buy,99.56,0.10044,10.0
2026-09-18 19:18:30.096,buy,99.56,0.540134,53.78
2026-09-18 19:18:40.573,buy,99.56,0.337471,33.6
2026-09-18 19:18:56.931,sell,99.56,2.767723,275.56
2026-09-18 19:19:18.050,sell,99.51,0.920854,91.64
2026-09-18 19:19:28.696,sell,99.51,0.550014,54.73
2026-09-18 19:19:30.995,buy,99.51,0.410081,40.81
2026-09-18 19:19:38.676,buy,99.51,0.10049,10.0
2026-09-18 19:19:54.495,buy,99.51,0.419438,41.74
2026-09-18 19:20:03.126,buy,99.5,0.11397,11.34
2026-09-18 19:20:27.709,sell,99.5,1.491879,148.44
2026-09-18 19:20:37.034,sell,99.5,0.134082,13.34
2026-09-18 19:20:39.628,sell,99.5,0.769595,76.57
2026-09-18 19:20:55.825,buy,99.5,0.606816,60.38
2026-09-18 19:21:03.972,buy,99.51,3.69834,368.03
2026-09-18 19:21:07.838,sell,99.51,0.361926,36.02
2026-09-18 19:21:33.055,sell,99.51,0.30206,30.06
2026-09-18 19:21:39.235,buy,99.51,0.379679,37.78
2026-09-18 19:21:56.248,buy,99.51,0.10096,10.05
2026-09-18 19:22:26.082,buy,99.52,0.291346,29.0
2026-09-18 19:22:33.119,buy,99.52,0.777312,77.36
2026-09-18 19:22:40.347,buy,99.52,2.046933,203.72
2026-09-18 19:23:14.721,sell,99.46,2.034915,202.38
2026-09-18 19:23:24.253,buy,99.46,0.100548,10.0
2026-09-18 19:23:48.551,sell,99.46,0.100548,10.0
2026-09-18 19:23:51.134,buy,99.46,0.100548,10.0
2026-09-18 19:24:07.843,sell,99.4,0.17395,17.29
2026-09-18 19:24:15.022,sell,99.4,0.100607,10.0
2026-09-18 19:24:33.348,buy,99.4,0.100607,10.0
2026-09-18 19:24:43.159,buy,99.4,3.58254,356.09
2026-09-18 19:24:47.437,buy,99.4,0.134203,13.34
2026-09-18 19:25:35.827,buy,99.47,0.180534,17.96
2026-09-18 19:25:43.133,buy,99.47,0.405365,40.32
2026-09-18 19:25:49.908,buy,99.47,3.203895,318.68
2026-09-18 19:25:58.223,sell,99.47,0.464195,46.17
2026-09-18 19:26:01.769,sell,99.39,4.110653,408.56
2026-09-18 19:26:02.781,sell,99.39,0.100614,10.0
2026-09-18 19:26:03.505,buy,99.39,1.124231,111.74
2026-09-18 19:26:27.627,buy,99.39,0.100614,10.0
2026-09-18 19:26:47.319,sell,99.39,2.007827,199.56
2026-09-18 19:26:50.165,sell,99.39,0.582322,57.88
2026-09-18 19:27:05.338,buy,99.44,1.116729,111.05
2026-09-18 19:27:08.290,buy,99.44,0.354576,35.26
2026-09-18 19:27:53.485,buy,99.44,0.105678,10.51
2026-09-18 19:27:56.805,buy,99.44,0.206991,20.58
2026-09-18 19:28:00.599,sell,99.4,0.60902,60.54
2026-09-18 19:28:02.772,sell,99.4,0.412467,41.0
2026-09-18 19:28:31.094,buy,99.4,0.49991,49.69
2026-09-18 19:29:03.731,buy,99.44,0.100563,10.0
2026-09-18 19:29:38.314,sell,99.44,0.100563,10.0
2026-09-18 19:29:40.778,sell,99.44,13.308375,1323.39
2026-09-18 19:30:00.757,sell,99.47,0.499414,49.68
2026-09-18 19:30:03.012,sell,99.47,0.131289,13.06
2026-09-18 19:30:32.174,sell,99.47,0.10053,10.0
2026-09-18 19:30:38.392,buy,99.47,2.360256,234.78
2026-09-18 19:30:47.574,sell,99.47,0.10053,10.0
2026-09-18 19:30:53.820,sell,99.47,0.290873,28.93
2026-09-18 19:30:56.546,sell,99.47,0.125901,12.52
2026-09-18 19:30:57.331,buy,99.47,0.10053,10.0
2026-09-18 19:31:11.281,buy,99.47,0.329484,32.77
2026-09-18 19:31:14.323,buy,99.47,0.100535,10.0
2026-09-18 19:31:15.807,sell,99.47,0.100535,10.0
2026-09-18 19:31:17.261,buy,99.47,0.726686,72.28
2026-09-18 19:31:27.237,sell,99.47,0.100535,10.0
2026-09-18 19:31:39.653,buy,99.47,0.745809,74.18
2026-09-18 19:31:43.865,buy,99.47,0.100535,10.0
2026-09-18 19:31:57.716,buy,99.47,0.455677,45.33
2026-09-18 19:32:12.004,buy,99.5,0.29755,29.6
2026-09-18 19:32:14.269,buy,99.5,1.509925,150.23
2026-09-18 19:32:24.465,sell,99.5,0.161182,16.04
2026-09-18 19:32:37.066,buy,99.5,2.729539,271.58
2026-09-18 19:33:00.524,buy,99.49,0.256525,25.52
2026-09-18 19:33:06.388,buy,99.49,0.100509,10.0
2026-09-18 19:33:12.750,sell,99.49,0.207383,20.63
2026-09-18 19:33:32.403,buy,99.49,0.102661,10.21
2026-09-18 19:33:33.269,buy,99.49,2.915968,290.12
2026-09-18 19:33:41.564,buy,99.49,2.421682,240.94
2026-09-18 19:33:48.565,sell,99.49,2.429982,241.77
2026-09-18 19:33:49.662,sell,99.49,0.215227,21.41
2026-09-18 19:34:03.175,sell,99.48,0.527846,52.51
2026-09-18 19:34:08.471,buy,99.48,1.1143,110.85
2026-09-18 19:34:19.559,sell,99.48,0.598933,59.58
2026-09-18 19:34:49.727,sell,99.48,0.159481,15.87
2026-09-18 19:34:50.332,sell,99.48,0.100522,10.0
2026-09-18 19:34:50.922,buy,99.48,3.193025,317.64
2026-09-18 19:35:18.066,buy,99.51,0.126673,12.61
2026-09-18 19:35:28.821,sell,99.51,0.969531,96.48
2026-09-18 19:35:29.645,buy,99.51,1.888972,187.97
2026-09-18 19:35:37.256,sell,99.51,0.977051,97.23
2026-09-18 19:35:43.456,sell,99.51,0.228294,22.72
2026-09-18 19:35:46.320,buy,99.51,0.307691,30.62
2026-09-18 19:35:46.328,sell,99.51,0.472718,47.04
2026-09-18 19:35:52.712,buy,99.51,0.537495,53.49
2026-09-18 19:36:08.127,buy,99.44,0.100566,10.0
2026-09-18 19:36:08.495,buy,99.44,0.100566,10.0
2026-09-18 19:36:09.063,buy,99.44,1.324913,131.75
2026-09-18 19:36:30.417,buy,99.44,0.100566,10.0
2026-09-18 19:36:47.184,buy,99.44,1.257909,125.08
2026-09-18 19:37:02.367,buy,99.49,0.511503,50.89
2026-09-18 19:37:10.926,sell,99.49,1.172617,116.66
2026-09-18 19:37:13.530,sell,99.49,0.803448,79.94
2026-09-18 19:37:13.604,sell,99.49,0.100788,10.03
2026-09-18 19:37:25.075,buy,99.49,0.18557,18.46
2026-09-18 19:37:50.054,sell,99.49,0.198144,19.71
2026-09-18 19:37:57.186,sell,99.49,0.100512,10.0
2026-09-18 19:38:25.707,buy,99.51,0.188468,18.75
2026-09-18 19:38:29.108,sell,99.51,0.238212,23.7
2026-09-18 19:38:32.892,buy,99.51,0.277236,27.59
2026-09-18 19:39:05.186,buy,99.47,1.045928,104.04
2026-09-18 19:39:09.155,sell,99.47,0.376689,37.47
2026-09-18 19:39:19.031,sell,99.47,1.775743,176.64
2026-09-18 19:39:21.035,buy,99.47,5.741929,571.16
2026-09-18 19:39:24.714,sell,99.47,0.100531,10.0
2026-09-18 19:39:27.077,sell,99.47,0.111728,11.11
2026-09-18 19:39:59.020,sell,99.47,0.496851,49.42
2026-09-18 19:40:00.413,buy,99.42,0.100587,10.0
2026-09-18 19:40:03.029,sell,99.42,0.836899,83.2
2026-09-18 19:40:24.145,sell,99.42,0.836523,83.16
2026-09-18 19:41:15.754,buy,99.32,0.285924,28.4
2026-09-18 19:41:25.487,buy,99.32,0.289086,28.71
2026-09-18 19:41:53.885,buy,99.32,2.694754,267.65
2026-09-18 19:42:05.154,sell,99.27,0.760912,75.54
2026-09-18 19:42:31.054,sell,99.27,1.009002,100.16
2026-09-18 19:42:48.299,sell,99.27,11.364071,1128.12
2026-09-18 19:42:49.701,sell,99.27,0.22121,21.96
2026-09-18 19:42:56.590,sell,99.27,0.197705,19.63
2026-09-18 19:42:58.708,sell,99.27,0.118432,11.76
2026-09-18 19:43:05.950,buy,99.33,0.455955,45.29
2026-09-18 19:43:15.134,buy,99.33,0.100675,10.0
2026-09-18 19:43:29.092,sell,99.33,0.100675,10.0
2026-09-18 19:43:29.193,buy,99.33,0.153845,15.28
2026-09-18 19:43:47.198,sell,99.33,0.164915,16.38
2026-09-18 19:43:47.611,sell,99.33,0.129979,12.91
2026-09-18 19:44:05.640,sell,99.28,0.791242,78.56
2026-09-18 19:44:09.182,buy,99.28,0.246078,24.43
2026-09-18 19:44:29.449,buy,99.28,0.393232,39.04
2026-09-18 19:44:32.321,sell,99.28,0.100723,10.0
2026-09-18 19:44:35.353,sell,99.28,0.100723,10.0
2026-09-18 19:44:38.349,sell,99.28,0.100723,10.0
2026-09-18 19:44:43.898,buy,99.28,2.380275,236.32
2026-09-18 19:44:48.739,buy,99.28,0.100723,10.0
2026-09-18 19:45:04.051,sell,99.35,0.479359,47.63
2026-09-18 19:45:24.963,buy,99.35,0.100651,10.0
2026-09-18 19:45:26.007,buy,99.35,0.303148,30.12
2026-09-18 19:45:31.585,sell,99.35,0.439616,43.68
2026-09-18 19:45:32.328,sell,99.35,0.900975,89.52
2026-09-18 19:45:39.974,sell,99.35,0.219113,21.77
2026-09-18 19:45:41.615,sell,99.35,0.221268,21.98
2026-09-18 19:45:44.696,buy,99.35,0.196091,19.48
2026-09-18 19:46:05.811,sell,99.35,0.140352,13.94
2026-09-18 19:46:07.666,sell,99.35,0.100658,10.0
2026-09-18 19:46:14.544,sell,99.35,0.100658,10.0
2026-09-18 19:46:25.362,buy,99.35,0.644697,64.05
2026-09-18 19:46:44.193,buy,99.35,0.236038,23.45
2026-09-18 19:47:03.126,sell,99.31,0.109817,10.91
2026-09-18 19:47:26.040,buy,99.31,0.250667,24.89
2026-09-18 19:47:32.119,buy,99.31,0.340703,33.84
2026-09-18 19:47:41.727,sell,99.31,0.100693,10.0
2026-09-18 19:47:49.221,sell,99.31,0.317475,31.53
2026-09-18 19:47:55.291,buy,99.31,0.626434,62.21
2026-09-18 19:48:09.064,sell,99.29,0.100719,10.0
2026-09-18 19:48:30.332,sell,99.29,0.337386,33.5
2026-09-18 19:48:40.479,buy,99.29,0.100719,10.0
2026-09-18 19:48:52.767,buy,99.29,0.223971,22.24
2026-09-18 19:48:53.786,buy,99.29,0.30893,30.67
2026-09-18 19:48:58.175,sell,99.29,0.295514,29.34
2026-09-18 19:49:09.952,buy,99.17,1.264543,125.41
2026-09-18 19:49:31.892,sell,99.17,0.609775,60.47
2026-09-18 19:49:36.459,sell,99.17,0.249747,24.77
2026-09-18 19:49:46.056,buy,99.17,0.887604,88.03
2026-09-18 19:49:54.916,buy,99.17,0.100834,10.0
2026-09-18 19:50:09.289,sell,99.18,0.100831,10.0
2026-09-18 19:50:31.214,buy,99.18,0.413426,41.0
2026-09-18 19:50:35.333,sell,99.18,0.165547,16.42
2026-09-18 19:51:44.633,sell,99.12,1.397871,138.56
2026-09-18 19:51:55.618,sell,99.12,0.100884,10.0
2026-09-18 19:51:59.548,sell,99.12,1.000603,99.18
2026-09-18 19:52:04.156,sell,99.19,0.102362,10.15
2026-09-18 19:52:15.773,buy,99.19,0.140105,13.9
2026-09-18 19:52:34.906,sell,99.19,0.111038,11.01
2026-09-18 19:52:40.121,buy,99.19,2.774115,275.17
2026-09-18 19:52:45.447,sell,99.19,0.221062,21.93
2026-09-18 19:52:47.777,sell,99.19,0.148428,14.72
2026-09-18 19:52:52.844,sell,99.19,0.718926,71.31
2026-09-18 19:52:53.536,buy,99.19,0.259539,25.74
2026-09-18 19:53:25.151,buy,99.18,0.253671,25.16
2026-09-18 19:53:27.459,buy,99.18,0.120391,11.94
2026-09-18 19:53:38.242,buy,99.18,0.100822,10.0
2026-09-18 19:53:49.603,buy,99.18,0.106031,10.52
2026-09-18 19:54:00.773,buy,99.2,1.691613,167.81
2026-09-18 19:54:04.666,sell,99.2,0.185051,18.36
2026-09-18 19:54:17.125,buy,99.2,0.397167,39.4
2026-09-18 19:54:55.142,buy,99.2,1.841526,182.68
2026-09-18 19:55:06.503,sell,99.13,0.633015,62.75
2026-09-18 19:55:07.082,buy,99.13,0.284944,28.25
2026-09-18 19:55:33.115,sell,99.13,0.100882,10.0
2026-09-18 19:55:34.479,sell,99.13,0.819405,81.22
2026-09-18 19:55:37.533,buy,99.13,0.176128,17.46
2026-09-18 19:55:50.465,buy,99.13,2.642855,261.97
2026-09-18 19:56:13.437,buy,99.01,4.909346,486.08
2026-09-18 19:56:28.389,sell,99.01,1.950504,193.12
2026-09-18 19:56:31.413,buy,99.01,0.462907,45.83
2026-09-18 19:56:37.934,sell,99.01,0.100998,10.0
2026-09-18 19:56:44.799,sell,99.01,0.444611,44.02
2026-09-18 19:56:53.645,buy,99.01,3.359738,332.65
2026-09-18 19:57:03.618,sell,99.07,0.427845,42.39
2026-09-18 19:57:35.298,buy,99.07,0.10094,10.0
2026-09-18 19:57:36.415,buy,99.07,0.283383,28.07
2026-09-18 19:57:38.716,buy,99.07,0.10094,10.0
2026-09-18 19:57:42.387,sell,99.07,0.168004,16.64
2026-09-18 19:57:42.454,sell,99.07,14.521412,1438.61
2026-09-18 19:57:49.610,sell,99.07,0.10094,10.0
2026-09-18 19:57:58.066,sell,99.07,0.482584,47.81
2026-09-18 19:58:06.355,sell,99.02,0.782616,77.5
2026-09-18 19:58:14.795,sell,99.02,0.485529,48.08
2026-09-18 19:58:17.695,buy,99.02,1.726345,170.94
2026-09-18 19:58:26.163,buy,99.02,0.100989,10.0
2026-09-18 19:58:36.901,buy,99.02,0.234519,23.22
2026-09-18 19:59:07.979,buy,99.0,3.698213,366.14
2026-09-18 19:59:24.870,sell,99.0,2.529344,250.42
2026-09-18 19:59:29.650,sell,99.0,0.500207,49.52
2026-09-18 19:59:34.160,sell,99.0,0.302013,29.9
2026-09-18 19:59:45.740,sell,99.0,0.196922,19.5
2026-09-18 19:59:46.910,buy,99.0,1.223493,121.13
2026-09-18 19:59:52.253,buy,99.0,4.528763,448.37
2026-09-18 20:00:16.235,buy,99.12,1.331588,131.99
2026-09-18 20:00:19.068,sell,99.12,1.067023,105.77
2026-09-18 20:00:46.843,sell,99.12,1.179717,116.94
2026-09-18 20:01:06.329,buy,99.13,0.505071,50.07
2026-09-18 20:01:07.425,buy,99.13,2.581335,255.88
2026-09-18 20:01:16.801,buy,99.13,0.153124,15.18
2026-09-18 20:01:39.849,buy,99.13,0.100881,10.0
2026-09-18 20:01:53.730,buy,99.13,15.795691,1565.77
2026-09-18 20:01:56.478,buy,99.13,0.492685,48.84
2026-09-18 20:02:00.016,sell,99.12,0.107935,10.7
2026-09-18 20:02:00.692,buy,99.12,325.565743,32270.54
2026-09-18 20:02:02.425,buy,99.12,3.344523,331.51
2026-09-18 20:02:22.854,buy,99.12,0.390976,38.75
2026-09-18 20:02:23.646,sell,99.12,1.292944,128.16
2026-09-18 20:02:51.938,buy,99.12,0.100886,10.0
2026-09-18 20:03:02.848,sell,99.16,0.181061,17.95
2026-09-18 20:03:12.449,buy,99.16,7.632764,756.84
2026-09-18 20:03:14.067,sell,99.16,0.134237,13.31
2026-09-18 20:03:21.633,buy,99.16,0.100851,10.0
2026-09-18 20:03:24.011,sell,99.16,0.100851,10.0
2026-09-18 20:03:38.951,sell,99.16,0.822897,81.6
2026-09-18 20:03:50.366,sell,99.16,1.427437,141.54
2026-09-18 20:04:08.145,buy,99.22,0.100785,10.0
2026-09-18 20:04:15.102,buy,99.22,0.165864,16.46
2026-09-18 20:04:16.045,sell,99.22,0.419264,41.6
2026-09-18 20:04:18.601,sell,99.22,5.901331,585.54
2026-09-18 20:04:43.334,sell,99.22,0.316427,31.4
2026-09-18 20:04:47.900,buy,99.22,0.427719,42.44
2026-09-18 20:04:53.701,sell,99.22,0.23512,23.33
2026-09-18 20:05:07.897,buy,99.23,0.10078,10.0
2026-09-18 20:05:28.452,buy,99.23,0.10078,10.0
2026-09-18 20:05:51.456,buy,99.23,0.10078,10.0
2026-09-18 20:06:09.390,buy,99.26,0.100744,10.0
2026-09-18 20:06:13.627,sell,99.26,2.797956,277.73
2026-09-18 20:06:16.715,sell,99.26,0.100744,10.0
2026-09-18 20:06:17.396,sell,99.26,0.100744,10.0
2026-09-18 20:06:24.655,sell,99.26,0.739711,73.42
2026-09-18 20:06:27.435,sell,99.26,0.558926,55.48
2026-09-18 20:06:32.138,sell,99.26,0.125543,12.46
2026-09-18 20:06:41.186,sell,99.26,0.231886,23.02
2026-09-18 20:07:01.617,buy,99.33,0.569819,56.6
2026-09-18 20:07:19.261,buy,99.33,0.100678,10.0
2026-09-18 20:07:55.359,sell,99.33,0.56728,56.35
2026-09-18 20:08:07.713,sell,99.38,0.100621,10.0
2026-09-18 20:08:29.314,sell,99.38,3.6419,361.94
2026-09-18 20:08:30.270,buy,99.38,1.165825,115.86
2026-09-18 20:08:32.408,sell,99.38,4.529415,450.15
2026-09-18 20:08:40.585,sell,99.38,1.022302,101.6
2026-09-18 20:08:41.409,buy,99.38,0.126198,12.54
2026-09-18 20:08:44.879,sell,99.38,0.408853,40.63
2026-09-18 20:08:52.484,sell,99.38,0.151225,15.03
2026-09-18 20:09:11.071,buy,99.39,0.110737,11.01
2026-09-18 20:09:23.742,sell,99.39,5.317115,528.47
2026-09-18 20:09:25.143,buy,99.39,0.278718,27.7
2026-09-18 20:09:30.506,sell,99.39,3.161692,314.24
2026-09-18 20:09:34.635,sell,99.39,0.148526,14.76
2026-09-18 20:09:36.482,buy,99.39,0.449208,44.65
2026-09-18 20:09:44.659,buy,99.39,0.17346,17.24
2026-09-18 20:09:49.223,buy,99.39,0.385576,38.32
2026-09-18 20:10:08.863,buy,99.38,0.100626,10.0
2026-09-18 20:10:09.985,sell,99.38,0.422281,41.97
2026-09-18 20:10:33.760,sell,99.38,0.138136,13.73
2026-09-18 20:10:53.767,sell,99.38,0.295475,29.36
2026-09-18 20:11:01.309,buy,99.33,1.494681,148.46
2026-09-18 20:11:18.801,buy,99.33,0.358881,35.65
2026-09-18 20:11:21.498,buy,99.33,0.185046,18.38
2026-09-18 20:12:08.509,buy,99.44,0.194638,19.36
2026-09-18 20:12:10.256,sell,99.44,0.427216,42.48
2026-09-18 20:12:13.763,buy,99.44,0.12681,12.61
2026-09-18 20:12:59.763,sell,99.44,0.278527,27.7
2026-09-18 20:13:03.203,buy,99.44,0.430182,42.78
2026-09-18 20:13:13.078,buy,99.44,0.22482,22.36
2026-09-18 20:13:19.438,buy,99.44,0.721454,71.74
2026-09-18 20:13:21.101,sell,99.44,0.310397,30.87
2026-09-18 20:13:21.929,sell,99.44,0.396583,39.44
2026-09-18 20:13:25.653,sell,99.44,0.100566,10.0
2026-09-18 20:13:36.055,buy,99.44,0.177241,17.62
2026-09-18 20:13:47.180,buy,99.44,0.100566,10.0
2026-09-18 20:14:07.500,sell,99.42,1.019911,101.4
2026-09-18 20:14:14.530,sell,99.42,0.100587,10.0
2026-09-18 20:14:18.090,buy,99.42,3.191514,317.29
2026-09-18 20:14:23.908,sell,99.42,0.100587,10.0
2026-09-18 20:14:32.032,buy,99.42,0.289286,28.76
2026-09-18 20:14:34.824,sell,99.42,0.265182,26.36
2026-09-18 20:14:47.097,sell,99.42,0.100587,10.0
2026-09-18 20:14:57.773,sell,99.42,3.389463,336.97
2026-09-18 20:15:14.918,buy,99.46,0.150354,14.95
2026-09-18 20:15:42.807,buy,99.46,1.329742,132.25
2026-09-18 20:15:49.730,sell,99.46,4.20719,418.44
2026-09-18 20:16:02.495,sell,99.45,0.292547,29.09
2026-09-18 20:16:02.831,buy,99.45,12.298373,1223.1
2026-09-18 20:16:24.831,sell,99.45,0.10055,10.0
2026-09-18 20:16:29.038,buy,99.45,0.509529,50.67
2026-09-18 20:16:46.864,buy,99.45,0.444545,44.21
2026-09-18 20:16:51.315,sell,99.45,0.421444,41.91
2026-09-18 20:17:02.434,sell,99.36,0.252348,25.07
2026-09-18 20:17:03.881,buy,99.36,0.814849,80.96
2026-09-18 20:17:07.077,buy,99.36,0.525905,52.25
2026-09-18 20:17:13.979,sell,99.36,0.100646,10.0
2026-09-18 20:17:22.242,buy,99.36,0.216506,21.51
2026-09-18 20:17:31.950,sell,99.36,1.385129,137.62
2026-09-18 20:17:48.539,buy,99.36,0.916401,91.05
2026-09-18 20:17:54.838,sell,99.36,0.260733,25.91
2026-09-18 20:18:01.714,sell,99.32,0.78346,77.81
2026-09-18 20:18:13.387,buy,99.32,0.340845,33.85
2026-09-18 20:18:13.759,sell,99.32,0.596144,59.21
2026-09-18 20:18:15.901,buy,99.32,12.382434,1229.77
2026-09-18 20:18:34.451,sell,99.32,2.532395,251.51
2026-09-18 20:18:42.034,sell,99.32,0.307944,30.58
2026-09-18 20:18:43.490,sell,99.32,0.100689,10.0
2026-09-18 20:18:53.844,buy,99.32,5.332167,529.57
2026-09-18 20:19:00.435,buy,99.32,0.118524,11.77
2026-09-18 20:19:06.476,buy,99.32,0.158468,15.74
2026-09-18 20:19:16.983,buy,99.32,0.205422,20.4
2026-09-18 20:19:31.374,buy,99.32,0.187362,18.61
2026-09-18 20:19:37.025,sell,99.32,0.103475,10.28
2026-09-18 20:19:48.280,buy,99.32,21.475993,2133.0
2026-09-18 20:20:14.736,sell,99.31,0.604521,60.03
2026-09-18 20:20:40.135,sell,99.31,1.977539,196.39
2026-09-18 20:20:55.763,sell,99.31,0.976545,96.98
2026-09-18 20:21:05.763,sell,99.24,0.948685,94.15
2026-09-18 20:21:08.035,buy,99.24,0.100768,10.0
2026-09-18 20:21:20.456,buy,99.24,0.100768,10.0
2026-09-18 20:21:27.196,buy,99.24,0.100768,10.0
2026-09-18 20:21:28.908,sell,99.24,0.213042,21.14
2026-09-18 20:22:05.247,sell,99.21,0.100793,10.0
2026-09-18 20:22:06.258,buy,99.21,1.271222,126.12
2026-09-18 20:22:15.502,sell,99.21,1.095659,108.7
2026-09-18 20:23:23.653,sell,99.1,0.100911,10.0
2026-09-18 20:23:33.918,sell,99.1,1.027158,101.79
2026-09-18 20:23:53.857,sell,99.1,0.100911,10.0
2026-09-18 20:23:57.940,buy,99.1,0.100911,10.0
2026-09-18 20:24:09.521,sell,99.07,7.266482,719.91
2026-09-18 20:24:16.565,buy,99.07,0.100936,10.0
2026-09-18 20:24:49.651,buy,99.07,1.882963,186.55
2026-09-18 20:25:05.821,sell,99.14,0.245432,24.33
2026-09-18 20:25:07.975,buy,99.14,0.607976,60.27
2026-09-18 20:25:08.787,buy,99.14,0.505516,50.12
2026-09-18 20:25:24.878,sell,99.14,0.100867,10.0
2026-09-18 20:25:29.167,buy,99.14,1.041738,103.28
2026-09-18 20:25:34.927,buy,99.14,0.100867,10.0
2026-09-18 20:25:48.554,buy,99.14,0.100867,10.0
2026-09-18 20:25:57.259,buy,99.14,4.414968,437.7
2026-09-18 20:26:01.468,sell,99.17,2.476519,245.6
2026-09-18 20:26:04.278,sell,99.17,1.805313,179.03
2026-09-18 20:26:21.813,buy,99.17,0.157211,15.59
2026-09-18 20:26:30.596,buy,99.17,0.100836,10.0
2026-09-18 20:26:49.233,buy,99.17,0.483299,47.93
2026-09-18 20:26:54.026,sell,99.17,0.721897,71.59
2026-09-18 20:26:59.300,buy,99.17,0.100836,10.0
2026-09-18 20:27:11.559,sell,99.14,0.57927,57.43
2026-09-18 20:27:42.370,sell,99.14,0.100867,10.0
2026-09-18 20:27:52.530,sell,99.14,0.100867,10.0
2026-09-18 20:27:59.716,sell,99.14,0.100867,10.0
2026-09-18 20:28:24.410,sell,99.08,1.126058,111.57
2026-09-18 20:28:32.000,buy,99.08,1.309768,129.77
2026-09-18 20:28:34.561,sell,99.08,0.100927,10.0
2026-09-18 20:28:47.896,buy,99.08,0.92733,91.88
2026-09-18 20:28:48.921,buy,99.08,7.757485,768.63
2026-09-18 20:29:09.552,sell,99.03,0.819479,81.16
2026-09-18 20:29:30.526,buy,99.03,2.053544,203.37
2026-09-18 20:29:44.047,buy,99.03,0.100976,10.0
2026-09-18 20:29:50.668,sell,99.03,0.149629,14.82
2026-09-18 20:29:51.496,sell,99.03,0.2395,23.72
2026-09-18 20:30:00.963,sell,99.02,0.100993,10.0
2026-09-18 20:30:04.710,sell,99.02,0.100993,10.0
2026-09-18 20:30:06.718,sell,99.02,0.100993,10.0
2026-09-18 20:30:39.831,sell,99.02,0.105039,10.4
2026-09-18 20:31:02.242,sell,99.11,0.15642,15.5
2026-09-18 20:31:49.676,sell,99.11,0.260213,25.79
2026-09-18 20:31:59.869,sell,99.11,0.342296,33.92
2026-09-18 20:32:05.908,sell,99.15,2.970393,294.53
2026-09-18 20:32:12.230,sell,99.15,0.145546,14.43
2026-09-18 20:32:12.874,sell,99.15,0.100853,10.0
2026-09-18 20:32:19.473,sell,99.15,0.574669,56.98
2026-09-18 20:32:32.017,buy,99.15,0.914549,90.68
2026-09-18 20:32:42.892,sell,99.15,0.120424,11.94
2026-09-18 20:33:01.047,buy,99.08,0.100927,10.0
2026-09-18 20:33:17.434,buy,99.08,0.316974,31.41
2026-09-18 20:33:54.556,buy,99.08,1.881695,186.44
2026-09-18 20:33:55.224,sell,99.08,0.100927,10.0
2026-09-18 20:34:10.599,buy,99.01,1.996753,197.69
2026-09-18 20:34:26.651,sell,99.01,0.788518,78.07
2026-09-18 20:34:32.124,buy,99.01,0.388033,38.42
2026-09-18 20:34:36.273,buy,99.01,0.27254,26.98
2026-09-18 20:34:59.792,sell,99.01,3.137045,310.59
2026-09-18 20:35:03.639,buy,99.09,0.632654,62.69
2026-09-18 20:35:08.071,sell,99.09,1.429215,141.62
2026-09-18 20:35:32.556,buy,99.09,0.402597,39.89
2026-09-18 20:35:39.960,buy,99.09,0.10092,10.0
2026-09-18 20:35:40.588,buy,99.09,0.10092,10.0
2026-09-18 20:35:41.664,sell,99.09,0.11976,11.87
2026-09-18 20:35:46.156,buy,99.09,0.10092,10.0
2026-09-18 20:35:51.311,buy,99.09,0.123852,12.27
2026-09-18 20:36:06.744,buy,99.13,0.591902,58.68
2026-09-18 20:36:14.466,buy,99.13,3.222495,319.45
2026-09-18 20:36:32.330,buy,99.13,0.100876,10.0
2026-09-18 20:36:40.773,sell,99.13,0.165007,16.36
2026-09-18 20:36:46.663,sell,99.13,0.588289,58.32
2026-09-18 20:36:50.966,buy,99.13,0.584931,57.99
2026-09-18 20:37:11.746,buy,99.19,0.100816,10.0
2026-09-18 20:37:21.767,sell,99.19,0.100816,10.0
2026-09-18 20:37:25.459,buy,99.19,0.100816,10.0
2026-09-18 20:37:29.146,buy,99.19,0.349499,34.67
2026-09-18 20:38:07.191,buy,99.16,2.664341,264.2
2026-09-18 20:38:13.246,sell,99.16,0.805052,79.83
2026-09-18 20:38:21.171,sell,99.16,0.651546,64.61
2026-09-18 20:38:25.674,buy,99.16,1.246263,123.58
2026-09-18 20:38:40.728,sell,99.16,0.533462,52.9
2026-09-18 20:38:49.702,buy,99.16,0.100846,10.0
2026-09-18 20:39:16.475,buy,99.15,0.398469,39.51
2026-09-18 20:39:29.594,sell,99.15,0.186702,18.51
2026-09-18 20:39:30.609,sell,99.15,0.10086,10.0
2026-09-18 20:39:30.976,buy,99.15,0.293432,29.09
2026-09-18 20:39:39.759,sell,99.15,0.179842,17.83
2026-09-18 20:39:45.335,buy,99.15,0.10086,10.0
2026-09-18 20:39:46.817,sell,99.15,1.811878,179.64
2026-09-18 20:39:52.722,sell,99.15,0.61303,60.78
2026-09-18 20:40:24.823,buy,99.12,1.883415,186.68
2026-09-18 20:40:34.650,buy,99.12,1.284898,127.36
2026-09-18 20:40:44.464,sell,99.12,2.146835,212.79
2026-09-18 20:40:47.897,buy,99.12,0.758799,75.21
2026-09-18 20:41:12.167,buy,99.07,0.136008,13.47
2026-09-18 20:41:12.625,sell,99.07,0.168382,16.68
2026-09-18 20:41:26.522,buy,99.07,0.466726,46.24
2026-09-18 20:41:31.272,sell,99.07,0.753638,74.66
2026-09-18 20:41:35.873,sell,99.07,0.100942,10.0
2026-09-18 20:42:06.664,sell,99.23,0.94697,93.96
2026-09-18 20:42:11.138,buy,99.23,0.100779,10.0
2026-09-18 20:42:14.718,sell,99.23,0.156134,15.49
2026-09-18 20:42:55.472,buy,99.23,2.189175,217.23
2026-09-18 20:43:20.219,sell,99.17,3.596885,356.7
2026-09-18 20:43:22.595,buy,99.17,12.496927,1239.31
2026-09-18 20:43:25.133,buy,99.17,1.603201,158.99
2026-09-18 20:43:36.963,sell,99.17,2.743074,272.03
2026-09-18 20:43:46.124,sell,99.17,2.23302,221.45
2026-09-18 20:43:50.532,buy,99.17,2.228208,220.97
2026-09-18 20:43:58.732,buy,99.17,0.409929,40.65
2026-09-18 20:44:03.191,buy,99.16,0.148458,14.72
2026-09-18 20:44:06.777,buy,99.16,0.111007,11.01
2026-09-18 20:44:23.611,sell,99.16,0.49417,49.0
2026-09-18 20:44:26.380,sell,99.16,0.100842,10.0
2026-09-18 20:44:46.583,buy,99.16,0.719442,71.34
2026-09-18 20:44:47.555,sell,99.16,0.100842,10.0
2026-09-18 20:44:52.107,sell,99.16,0.682334,67.66
2026-09-18 20:45:02.486,buy,99.18,0.263093,26.09
2026-09-18 20:45:02.739,buy,99.18,0.376342,37.33
2026-09-18 20:45:04.757,buy,99.18,2.529706,250.9
2026-09-18 20:45:37.882,buy,99.18,0.100826,10.0
2026-09-18 20:45:41.450,sell,99.18,0.100826,10.0
2026-09-18 20:45:41.900,buy,99.18,0.100826,10.0
2026-09-18 20:45:49.788,sell,99.18,1.198011,118.82
2026-09-18 20:46:05.716,buy,99.17,0.811389,80.46
2026-09-18 20:46:16.515,sell,99.17,0.637087,63.18
2026-09-18 20:46:17.938,sell,99.17,0.609817,60.47
2026-09-18 20:46:21.681,buy,99.17,3.79565,376.4
2026-09-18 20:46:50.116,buy,99.17,0.276119,27.38
2026-09-18 20:47:11.837,buy,99.13,1.9881,197.09
2026-09-18 20:47:39.744,sell,99.13,0.123524,12.25
2026-09-18 20:47:43.442,sell,99.13,0.100873,10.0
2026-09-18 20:47:45.155,sell,99.13,0.100873,10.0
2026-09-18 20:47:49.868,sell,99.13,1.221242,121.07
2026-09-18 20:48:02.239,sell,99.07,11.825364,1171.5
2026-09-18 20:48:13.290,sell,99.07,2.785531,275.95
2026-09-18 20:48:18.909,sell,99.07,0.100942,10.0
2026-09-18 20:48:20.046,buy,99.07,0.230679,22.85
2026-09-18 20:48:41.182,buy,99.07,2.686615,266.15
2026-09-18 20:48:56.494,sell,99.07,0.100942,10.0
2026-09-18 20:48:59.630,buy,99.07,0.205527,20.36
2026-09-18 20:49:10.460,sell,99.11,5.110509,506.52
2026-09-18 20:49:32.995,buy,99.11,0.128677,12.75
2026-09-18 20:49:38.697,sell,99.11,0.746165,73.95
2026-09-18 20:49:55.082,buy,99.11,0.197432,19.57
2026-09-18 20:49:57.100,sell,99.11,0.100894,10.0
2026-09-18 20:50:05.843,sell,99.04,1.511433,149.69
2026-09-18 20:50:06.816,sell,99.04,0.149563,14.81
2026-09-18 20:50:18.064,buy,99.04,0.100973,10.0
2026-09-18 20:50:27.109,buy,99.04,0.615822,60.99
2026-09-18 20:50:36.160,buy,99.04,0.110727,10.97
2026-09-18 20:50:53.022,buy,99.04,0.441328,43.71
2026-09-18 20:50:56.339,buy,99.04,0.100973,10.0
2026-09-18 20:51:00.452,sell,99.11,10.144125,1005.4
2026-09-18 20:51:03.702,sell,99.11,0.334141,33.12
2026-09-18 20:51:12.773,sell,99.11,8.238258,816.51
2026-09-18 20:51:26.772,sell,99.11,0.748402,74.18
2026-09-18 20:51:41.330,buy,99.11,0.100896,10.0
2026-09-18 20:51:50.472,sell,99.11,0.320238,31.74
2026-09-18 20:52:52.434,sell,99.0,0.110931,10.98
2026-09-18 20:52:55.307,buy,99.0,1.267449,125.48
2026-09-18 20:52:56.367,buy,99.0,0.514506,50.94
2026-09-18 20:53:39.939,sell,98.97,0.49202,48.69
2026-09-18 20:53:45.000,sell,99.38,30.18716,3000.0
2026-09-18 20:53:50.363,buy,98.97,0.196854,19.48
2026-09-18 20:53:51.209,sell,98.97,1.172837,116.07
2026-09-18 20:54:04.768,buy,99.01,0.415807,41.17
2026-09-18 20:54:05.135,buy,99.01,0.101003,10.0
2026-09-18 20:54:15.263,sell,99.01,0.165628,16.4
2026-09-18 20:54:17.349,sell,99.01,0.391291,38.74
2026-09-18 20:54:38.539,buy,99.01,0.211943,20.98
2026-09-18 20:54:46.292,sell,99.01,0.640361,63.4
2026-09-18 20:54:49.990,buy,99.01,0.329037,32.58
2026-09-18 20:54:50.014,sell,99.01,0.287827,28.5
2026-09-18 20:55:08.672,buy,99.09,0.100922,10.0
2026-09-18 20:55:27.434,buy,99.09,0.2084,20.65
2026-09-18 20:55:57.727,sell,99.09,0.337688,33.46
2026-09-18 20:56:24.935,buy,99.14,2.94998,292.45
2026-09-18 20:56:27.149,buy,99.14,2.238905,221.96
2026-09-18 20:56:54.377,buy,99.14,2.050382,203.27
2026-09-18 20:57:04.012,sell,99.06,2.341967,231.99
2026-09-18 20:57:07.049,buy,99.06,0.150167,14.88
2026-09-18 20:57:17.282,sell,99.06,0.15778,15.63
2026-09-18 20:57:21.902,buy,99.06,0.196402,19.46
2026-09-18 20:57:25.230,buy,99.06,0.105857,10.49
2026-09-18 20:57:49.503,buy,99.06,2.277988,225.65
2026-09-18 20:58:37.773,buy,99.08,0.10093,10.0
2026-09-18 20:58:40.916,buy,99.08,0.10093,10.0
2026-09-18 20:58:55.386,buy,99.08,0.387769,38.42
2026-09-18 20:59:14.645,buy,99.09,0.155459,15.4
2026-09-18 20:59:24.597,sell,99.09,0.833599,82.6
2026-09-18 20:59:29.337,buy,99.09,2.783315,275.81
2026-09-18 20:59:35.835,buy,99.09,0.154555,15.32
2026-09-18 21:00:08.162,sell,99.09,0.615159,60.96
2026-09-18 21:00:11.004,buy,99.09,0.100915,10.0
2026-09-18 21:00:20.748,buy,99.09,3.561892,352.96
2026-09-18 21:00:58.358,buy,99.09,0.100915,10.0
2026-09-18 21:01:00.166,sell,99.14,0.979172,97.07
2026-09-18 21:01:02.082,sell,99.14,0.100868,10.0
2026-09-18 21:01:08.258,sell,99.14,0.100868,10.0
2026-09-18 21:01:25.695,sell,99.14,0.100868,10.0
2026-09-18 21:01:32.174,sell,99.14,0.100868,10.0
2026-09-18 21:01:38.253,buy,99.14,0.100868,10.0
2026-09-18 21:01:44.963,sell,99.14,1.962083,194.52
2026-09-18 21:02:01.991,sell,99.11,2.903289,287.74
2026-09-18 21:02:02.098,buy,99.11,0.900143,89.21
2026-09-18 21:02:15.179,sell,99.11,0.100901,10.0
2026-09-18 21:02:21.679,buy,99.11,0.100901,10.0
2026-09-18 21:02:46.651,buy,99.11,1.402061,138.95
2026-09-18 21:02:48.457,buy,99.11,0.551738,54.68
2026-09-18 21:02:52.250,buy,99.11,0.570358,56.53
2026-09-18 21:03:04.686,sell,99.08,0.523326,51.85
2026-09-18 21:03:09.831,sell,99.08,0.100924,10.0
2026-09-18 21:03:15.780,sell,99.08,0.100924,10.0
2026-09-18 21:03:26.919,sell,99.08,0.548134,54.31
2026-09-18 21:03:31.127,buy,99.08,0.100924,10.0
2026-09-18 21:03:35.914,buy,99.08,3.939888,390.38
2026-09-18 21:03:36.185,sell,99.08,0.100924,10.0
2026-09-18 21:04:03.165,sell,99.05,1.736459,172.0
2026-09-18 21:04:15.468,buy,99.05,0.719938,71.31
2026-09-18 21:04:18.031,sell,99.05,0.100958,10.0
2026-09-18 21:04:28.158,sell,99.05,0.460044,45.57
2026-09-18 21:04:46.853,sell,99.05,0.272874,27.03
2026-09-18 21:04:49.937,buy,99.05,0.100958,10.0
2026-09-18 21:04:58.526,sell,99.05,0.100958,10.0
2026-09-18 21:05:04.902,buy,99.09,0.100922,10.0
2026-09-18 21:05:18.769,buy,99.09,0.100922,10.0
2026-09-18 21:05:23.190,sell,99.09,0.863409,85.55
2026-09-18 21:05:31.737,sell,99.09,0.395748,39.21
2026-09-18 21:05:39.646,buy,99.09,0.516426,51.17
2026-09-18 21:05:51.587,sell,99.09,0.100922,10.0
2026-09-18 21:05:56.037,buy,99.09,0.968329,95.95
2026-09-18 21:05:56.969,sell,99.09,0.720902,71.43
2026-09-18 21:06:12.206,buy,99.0,0.101009,10.0
2026-09-18 21:06:18.689,buy,99.0,0.259447,25.69
2026-09-18 21:06:23.090,sell,99.0,0.673015,66.63
2026-09-18 21:06:24.783,buy,99.0,1.155061,114.35
2026-09-18 21:07:02.383,sell,98.97,0.101038,10.0
2026-09-18 21:07:02.846,buy,98.97,7.817274,773.69
2026-09-18 21:07:43.904,sell,98.97,0.101038,10.0
2026-09-18 21:07:45.607,buy,98.97,0.135198,13.38
2026-09-18 21:07:52.710,buy,98.97,1.923324,190.36
2026-09-18 21:08:22.243,buy,99.01,0.101004,10.0
2026-09-18 21:08:50.439,buy,99.01,0.812261,80.42
2026-09-18 21:08:52.768,sell,99.01,0.346725,34.33
2026-09-18 21:09:08.708,sell,99.02,8.654391,856.98
2026-09-18 21:09:17.476,buy,99.02,0.183083,18.13
2026-09-18 21:09:26.217,buy,99.02,0.145031,14.36
2026-09-18 21:09:59.224,buy,99.02,0.303334,30.04
2026-09-18 21:10:09.754,sell,98.9,0.101115,10.0
2026-09-18 21:10:29.137,buy,98.9,0.101115,10.0
2026-09-18 21:10:46.429,sell,98.9,0.884807,87.5
2026-09-18 21:11:09.686,buy,98.88,0.118913,11.76
2026-09-18 21:11:10.015,sell,98.88,7.268159,718.7
2026-09-18 21:11:15.885,sell,98.88,0.101129,10.0
2026-09-18 21:11:17.387,buy,98.88,0.146822,14.52
2026-09-18 21:11:20.320,sell,98.88,0.142857,14.13
2026-09-18 21:11:34.741,buy,98.88,0.397669,39.32
2026-09-18 21:11:39.269,buy,98.88,0.12424,12.29
2026-09-18 21:12:09.564,sell,98.85,0.645722,63.83
2026-09-18 21:12:16.120,buy,98.85,4.699216,464.52
2026-09-18 21:12:24.080,sell,98.85,0.161164,15.93
2026-09-18 21:12:35.869,buy,98.85,1.042631,103.06
2026-09-18 21:12:40.202,buy,98.85,1.45333,143.66
2026-09-18 21:12:46.627,buy,98.85,0.731701,72.33
2026-09-18 21:13:11.886,buy,98.84,0.220977,21.84
2026-09-18 21:13:18.308,sell,98.84,0.420943,41.61
2026-09-18 21:13:19.375,buy,98.84,0.101176,10.0
2026-09-18 21:13:37.475,buy,98.84,1.92009,189.78
2026-09-18 21:13:43.489,buy,98.84,0.19236,19.01
2026-09-18 21:13:55.625,buy,98.84,0.101176,10.0
2026-09-18 21:14:16.466,sell,98.84,0.758245,74.94
2026-09-18 21:14:18.951,sell,98.84,0.644901,63.74
2026-09-18 21:14:23.865,buy,98.84,0.548153,54.18
2026-09-18 21:14:31.097,sell,98.84,1.056872,104.46
2026-09-18 21:14:38.491,sell,98.84,0.795822,78.66
2026-09-18 21:14:40.883,buy,98.84,0.101176,10.0
2026-09-18 21:14:55.327,buy,98.84,0.101176,10.0
2026-09-18 21:14:59.091,buy,98.84,0.479865,47.43
2026-09-18 21:15:06.136,buy,98.77,0.101247,10.0
2026-09-18 21:15:19.502,sell,98.77,3.003309,296.63
2026-09-18 21:15:37.787,buy,98.77,0.105913,10.46
2026-09-18 21:15:39.288,buy,98.77,0.20015,19.77
2026-09-18 21:15:42.601,buy,98.77,3.606154,356.18
2026-09-18 21:15:43.612,sell,98.77,0.101247,10.0
2026-09-18 21:15:54.719,sell,98.77,0.21172,20.91
2026-09-18 21:16:02.672,sell,98.7,0.763336,75.34
2026-09-18 21:16:15.590,sell,98.7,0.101316,10.0
2026-09-18 21:16:24.013,sell,98.7,3.045064,300.55
2026-09-18 21:16:24.671,buy,98.7,0.101316,10.0
2026-09-18 21:16:38.344,buy,98.7,0.375853,37.1
2026-09-18 21:16:56.790,buy,98.7,0.207604,20.49
2026-09-18 21:17:08.878,buy,98.65,3.431619,338.53
2026-09-18 21:17:20.240,sell,98.65,1.336418,131.84
2026-09-18 21:17:21.291,sell,98.65,0.101368,10.0
2026-09-18 21:17:29.516,buy,98.65,0.101368,10.0
2026-09-18 21:17:31.729,sell,98.65,0.470078,46.37
2026-09-18 21:17:32.164,buy,98.65,3.721923,367.17
2026-09-18 21:17:44.693,sell,98.65,1.530742,151.01
2026-09-18 21:17:47.459,buy,98.65,0.44167,43.57
2026-09-18 21:18:08.528,sell,98.55,0.101468,10.0
2026-09-18 21:18:20.618,buy,98.55,0.601146,59.24
2026-09-18 21:18:25.434,sell,98.55,0.101468,10.0
2026-09-18 21:18:28.048,buy,98.55,0.278879,27.48
2026-09-18 21:18:47.249,buy,98.55,0.739477,72.88
2026-09-18 21:18:49.634,buy,98.55,3.918912,386.22
2026-09-18 21:19:03.643,sell,98.61,1.00189,98.8
2026-09-18 21:19:08.142,buy,98.61,0.11629,11.47
2026-09-18 21:19:19.019,buy,98.61,0.117353,11.57
2026-09-18 21:19:21.093,buy,98.61,0.653257,64.42
2026-09-18 21:19:29.583,sell,98.61,0.20779,20.49
2026-09-18 21:19:31.445,buy,98.61,0.725441,71.54
2026-09-18 21:19:38.255,buy,98.61,0.112336,11.08
2026-09-18 21:19:39.206,sell,98.61,5.210811,513.84
2026-09-18 21:20:02.693,buy,98.58,0.445038,43.87
2026-09-18 21:20:04.751,sell,98.58,0.101442,10.0
2026-09-18 21:20:10.361,buy,98.58,0.101442,10.0
2026-09-18 21:20:25.592,buy,98.58,1.791828,176.64
2026-09-18 21:20:52.003,buy,98.58,1.883633,185.69
2026-09-18 21:20:53.423,buy,98.58,2.728461,268.97
2026-09-18 21:21:05.623,buy,98.58,0.829463,81.76
2026-09-18 21:21:19.259,buy,98.58,0.121652,11.99
2026-09-18 21:21:28.730,sell,98.58,0.101445,10.0
2026-09-18 21:21:31.718,buy,98.58,0.101445,10.0
2026-09-18 21:21:34.614,sell,98.58,0.122274,12.05
2026-09-18 21:21:47.474,buy,98.58,0.214414,21.14
2026-09-18 21:21:55.263,buy,98.58,0.199887,19.7
2026-09-18 21:22:00.453,sell,98.65,0.158629,15.65
2026-09-18 21:22:20.554,sell,98.65,0.125542,12.38
2026-09-18 21:22:50.265,sell,98.65,0.101369,10.0
2026-09-18 21:23:06.542,buy,98.52,1.113227,109.67
2026-09-18 21:23:10.927,buy,98.52,0.493656,48.63
2026-09-18 21:23:14.803,sell,98.52,2.75445,271.36
2026-09-18 21:23:51.586,buy,98.52,0.176115,17.35
2026-09-18 21:24:13.714,sell,98.44,0.311225,30.64
2026-09-18 21:24:17.810,sell,98.44,0.101586,10.0
2026-09-18 21:24:23.758,sell,98.44,2.001372,197.01
2026-09-18 21:24:31.633,buy,98.44,0.101586,10.0
2026-09-18 21:24:44.545,buy,98.44,0.418596,41.21
2026-09-18 21:24:44.748,buy,98.44,14.902789,1467.01
2026-09-18 21:24:45.691,buy,98.44,0.101586,10.0
2026-09-18 21:24:52.188,sell,98.44,0.101586,10.0
2026-09-18 21:25:00.532,sell,98.35,1.111042,109.27
2026-09-18 21:25:06.179,buy,98.35,2.489162,244.81
2026-09-18 21:25:14.817,buy,98.35,0.277618,27.3
2026-09-18 21:25:24.941,buy,98.35,0.101679,10.0
2026-09-18 21:25:38.792,sell,98.35,0.370341,36.42
2026-09-18 21:25:48.074,buy,98.35,0.873888,85.95
2026-09-18 21:26:00.181,sell,98.3,2.584292,254.04
2026-09-18 21:26:02.918,buy,98.3,0.425949,41.87
2026-09-18 21:26:31.762,sell,98.3,0.101727,10.0
2026-09-18 21:26:41.138,buy,98.3,0.101727,10.0
2026-09-18 21:26:46.245,buy,98.3,0.107012,10.52
2026-09-18 21:26:52.559,buy,98.3,0.590462,58.04
2026-09-18 21:27:06.153,sell,98.25,0.151387,14.87
2026-09-18 21:27:10.583,sell,98.25,0.137854,13.54
2026-09-18 21:27:13.070,sell,98.25,2.563984,251.91
2026-09-18 21:27:13.831,sell,98.25,0.10178,10.0
2026-09-18 21:27:31.500,buy,98.25,0.262355,25.78
2026-09-18 21:27:36.947,sell,98.25,0.384245,37.75
2026-09-18 21:28:01.722,buy,98.23,0.286999,28.19
2026-09-18 21:28:13.631,sell,98.23,0.105683,10.38
2026-09-18 21:28:33.625,sell,98.23,0.267094,26.24
2026-09-18 21:28:42.331,buy,98.23,0.863939,84.86
2026-09-18 21:28:49.908,buy,98.23,1.803968,177.2
2026-09-18 21:28:52.465,sell,98.23,1.144155,112.39
2026-09-18 21:28:57.538,sell,98.23,0.101803,10.0
2026-09-18 21:29:08.894,buy,98.16,0.299577,29.41
2026-09-18 21:29:09.958,buy,98.16,0.700398,68.75
2026-09-18 21:29:10.106,buy,98.16,10.218356,1003.0
2026-09-18 21:29:20.315,buy,98.16,0.793671,77.9
2026-09-18 21:29:23.478,buy,98.16,0.101878,10.0
2026-09-18 21:29:29.351,buy,98.16,3.6124,354.58
2026-09-18 21:29:38.749,buy,98.16,0.111936,10.99
2026-09-18 21:30:02.102,buy,98.23,0.260812,25.62
2026-09-18 21:30:24.977,buy,98.23,2.328491,228.72
2026-09-18 21:30:29.482,buy,98.23,0.101807,10.0
2026-09-18 21:30:35.977,buy,98.23,10.000175,982.27
2026-09-18 21:30:36.793,buy,98.23,0.498178,48.93
2026-09-18 21:30:40.058,sell,98.23,0.309288,30.38
2026-09-18 21:30:52.326,sell,98.23,0.700869,68.84
2026-09-18 21:30:55.571,buy,98.23,0.101807,10.0
2026-09-18 21:31:26.800,buy,98.3,0.225892,22.2
2026-09-18 21:31:36.081,buy,98.3,0.102271,10.05
2026-09-18 21:31:42.352,buy,98.3,0.17885,17.58
2026-09-18 21:31:51.493,buy,98.3,0.226259,22.24
2026-09-18 21:32:00.142,buy,98.36,0.273507,26.9
2026-09-18 21:32:01.857,buy,98.36,1.159307,114.03
2026-09-18 21:32:02.973,sell,98.36,0.139262,13.7
2026-09-18 21:32:07.073,sell,98.36,1.265571,124.49
2026-09-18 21:32:22.845,sell,98.36,0.569131,55.98
2026-09-18 21:32:47.079,buy,98.36,0.141966,13.96
2026-09-18 21:33:00.442,buy,98.35,0.101678,10.0
2026-09-18 21:33:03.995,sell,98.35,0.112218,11.04
2026-09-18 21:33:21.654,buy,98.35,0.305773,30.07
2026-09-18 21:33:46.490,sell,98.35,0.141848,13.95
2026-09-18 21:33:48.953,sell,98.35,0.110663,10.88
2026-09-18 21:34:20.537,buy,98.31,0.223984,22.02
2026-09-18 21:34:21.815,sell,98.31,0.171886,16.9
2026-09-18 21:34:25.966,sell,98.31,0.75286,74.02
2026-09-18 21:34:46.315,sell,98.31,0.192738,18.95
2026-09-18 21:34:52.418,buy,98.31,0.151586,14.9
2026-09-18 21:35:02.484,buy,98.29,0.471939,46.39
2026-09-18 21:35:20.804,sell,98.29,0.101737,10.0
2026-09-18 21:35:41.101,buy,98.29,0.101737,10.0
2026-09-18 21:35:54.134,sell,98.29,0.298094,29.3
2026-09-18 21:36:08.602,sell,98.29,0.101737,10.0
2026-09-18 21:36:12.579,sell,98.29,0.143681,14.12
2026-09-18 21:36:17.337,buy,98.29,0.209907,20.63
2026-09-18 21:36:21.024,buy,98.29,19.759526,1942.22
2026-09-18 21:36:21.158,buy,98.29,0.101737,10.0
2026-09-18 21:36:31.920,buy,98.29,4.906872,482.31
2026-09-18 21:36:34.893,buy,98.29,0.119202,11.72
2026-09-18 21:36:51.645,sell,98.29,0.101737,10.0
2026-09-18 21:37:04.741,sell,98.24,0.955039,93.83
2026-09-18 21:37:11.207,sell,98.24,0.166,16.31
2026-09-18 21:37:11.566,sell,98.24,0.101787,10.0
2026-09-18 21:37:14.876,buy,98.24,0.52594,51.67
2026-09-18 21:37:27.576,sell,98.24,0.101787,10.0
2026-09-18 21:37:41.320,buy,98.24,0.173762,17.07
2026-09-18 21:38:03.629,buy,98.22,0.477942,46.94
2026-09-18 21:38:04.672,sell,98.22,0.101813,10.0
2026-09-18 21:38:26.035,buy,98.22,0.205021,20.14
2026-09-18 21:38:27.127,sell,98.22,0.152257,14.95
2026-09-18 21:39:19.507,sell,98.19,0.689035,67.66
2026-09-18 21:39:24.385,sell,98.19,0.101839,10.0
2026-09-18 21:39:37.442,sell,98.19,0.987833,97.0
2026-09-18 21:39:43.811,sell,98.19,0.335224,32.92
2026-09-18 21:39:48.186,sell,98.19,0.620763,60.96
2026-09-18 21:40:00.252,buy,98.13,0.392514,38.52
2026-09-18 21:40:11.666,buy,98.13,1.60826,157.82
2026-09-18 21:40:13.629,sell,98.13,0.101907,10.0
2026-09-18 21:40:16.393,buy,98.13,0.271342,26.63
2026-09-18 21:40:31.588,sell,98.13,0.584409,57.35
2026-09-18 21:40:39.455,buy,98.13,0.13218,12.97
2026-09-18 21:40:58.834,sell,98.13,9.223032,905.05
2026-09-18 21:41:04.850,sell,98.15,0.332895,32.67
2026-09-18 21:41:11.112,buy,98.15,0.101884,10.0
2026-09-18 21:41:11.165,sell,98.15,0.276015,27.09
2026-09-18 21:41:15.726,sell,98.15,17.616733,1729.09
2026-09-18 21:41:49.403,sell,98.15,1.77865,174.58
2026-09-18 21:42:08.148,sell,98.24,0.402143,39.5
2026-09-18 21:42:12.817,sell,98.24,0.513338,50.43
2026-09-18 21:42:31.365,sell,98.24,0.399509,39.25
2026-09-18 21:42:31.739,buy,98.24,0.198955,19.54
2026-09-18 21:42:41.363,buy,98.24,0.313071,30.75
2026-09-18 21:42:52.692,buy,98.24,1.795226,176.36
2026-09-18 21:42:55.983,sell,98.24,0.101796,10.0
2026-09-18 21:42:59.742,buy,98.24,0.101796,10.0
2026-09-18 21:43:08.573,buy,98.17,9.783404,960.44
2026-09-18 21:43:12.870,buy,98.17,0.379991,37.3
2026-09-18 21:43:25.052,buy,98.17,0.851068,83.55
2026-09-18 21:43:29.801,buy,98.17,10.734511,1053.81
2026-09-18 21:43:32.555,buy,98.17,0.320906,31.5
2026-09-18 21:43:41.398,sell,98.17,0.185579,18.22
2026-09-18 21:43:46.378,buy,98.17,1.947197,191.16
2026-09-18 21:43:53.216,buy,98.17,0.264947,26.01
2026-09-18 21:44:14.321,buy,98.21,5.13443,504.23
2026-09-18 21:44:22.771,sell,98.21,0.111791,10.98
2026-09-18 21:44:39.123,buy,98.21,0.101826,10.0
2026-09-18 21:44:43.443,buy,98.21,0.925072,90.85
2026-09-18 21:45:24.427,buy,98.1,0.101941,10.0
2026-09-18 21:45:30.279,sell,98.1,5.572946,546.68
2026-09-18 21:45:31.489,buy,98.1,0.774705,76.0
2026-09-18 21:45:34.597,sell,98.1,4.163411,408.41
2026-09-18 21:46:03.901,buy,98.18,0.123518,12.13
2026-09-18 21:46:14.523,buy,98.18,0.310548,30.49
2026-09-18 21:46:15.163,sell,98.18,4.11171,403.67
2026-09-18 21:46:30.436,sell,98.18,0.138787,13.63
2026-09-18 21:46:31.789,buy,98.18,0.101858,10.0
2026-09-18 21:46:45.176,buy,98.18,0.333201,32.71
2026-09-18 21:46:54.097,sell,98.18,0.540135,53.03
2026-09-18 21:47:13.914,sell,98.19,0.208169,20.44
2026-09-18 21:47:22.941,sell,98.19,19.081984,1873.69
2026-09-18 21:47:28.032,buy,98.19,1.52746,149.98
2026-09-18 21:47:33.280,sell,98.19,0.150851,14.81
2026-09-18 21:47:33.845,sell,98.19,0.511965,50.27
2026-09-18 21:47:44.903,buy,98.19,1.719733,168.86
2026-09-18 21:48:03.483,buy,98.27,1.618947,159.1
2026-09-18 21:48:24.835,buy,98.27,0.704933,69.28
2026-09-18 21:48:29.643,buy,98.27,0.256515,25.21
2026-09-18 21:48:35.976,sell,98.27,0.226806,22.29
2026-09-18 21:48:40.860,sell,98.27,0.101757,10.0
2026-09-18 21:48:41.185,sell,98.27,0.101757,10.0
2026-09-18 21:48:56.379,sell,98.27,0.101757,10.0
2026-09-18 21:49:03.516,sell,98.22,0.101816,10.0
2026-09-18 21:49:29.181,sell,98.22,0.819304,80.47
2026-09-18 21:49:29.605,sell,98.22,0.333239,32.73
2026-09-18 21:49:33.400,sell,98.22,0.809225,79.48
2026-09-18 21:49:47.948,sell,98.22,0.102452,10.06
2026-09-18 21:49:49.522,buy,98.22,0.637085,62.57
2026-09-18 21:49:52.745,sell,98.22,9.407382,923.96
2026-09-18 21:50:01.037,buy,98.11,0.489187,48.0
2026-09-18 21:50:29.433,sell,98.11,4.491398,440.66
2026-09-18 21:50:40.976,sell,98.11,0.412692,40.49
2026-09-18 21:51:18.000,buy,99.3,100.704935,10000.0
2026-09-18 21:51:24.419,buy,98.18,0.101854,10.0
2026-09-18 21:51:34.327,buy,98.18,15.762282,1547.54
2026-09-18 21:51:34.969,buy,98.18,0.29999,29.45
2026-09-18 21:52:20.352,buy,98.24,0.148198,14.56
2026-09-18 21:52:23.433,sell,98.24,0.101787,10.0
2026-09-18 21:52:34.597,sell,98.24,0.198448,19.5
2026-09-18 21:52:49.445,sell,98.24,0.828529,81.4
2026-09-18 21:52:52.163,sell,98.24,0.474777,46.64
2026-09-18 21:52:59.811,sell,98.24,0.669637,65.79
2026-09-18 21:53:05.618,buy,98.21,0.10182,10.0
2026-09-18 21:53:10.414,buy,98.21,0.10182,10.0
2026-09-18 21:53:12.215,sell,98.21,0.782258,76.83
2026-09-18 21:53:43.641,sell,98.21,0.426307,41.87
2026-09-18 21:53:49.233,sell,98.21,0.323506,31.77
2026-09-18 21:53:53.590,sell,98.21,4.609117,452.67
2026-09-18 21:53:59.694,sell,98.21,10.942154,1074.66
2026-09-18 21:54:09.865,sell,98.15,0.101882,10.0
2026-09-18 21:54:26.092,sell,98.15,0.598432,58.74
2026-09-18 21:54:51.305,buy,98.15,0.127494,12.51
2026-09-18 21:55:07.868,buy,98.17,0.523953,51.43
2026-09-18 21:55:14.467,buy,98.17,0.354356,34.79
2026-09-18 21:55:32.127,sell,98.17,0.101868,10.0
2026-09-18 21:55:36.182,buy,98.17,0.268492,26.36
2026-09-18 21:55:44.240,sell,98.17,1.136343,111.55
2026-09-18 21:55:53.814,sell,98.17,0.101868,10.0
2026-09-18 21:56:09.960,sell,97.98,0.102057,10.0
2026-09-18 21:56:10.282,buy,97.98,0.102057,10.0
2026-09-18 21:56:33.609,sell,97.98,2.86412,280.64
2026-09-18 21:56:45.739,sell,97.98,1.232748,120.79
2026-09-18 21:56:47.764,buy,97.98,0.102057,10.0
2026-09-18 21:57:28.820,buy,97.96,0.41525,40.68
2026-09-18 21:57:36.776,sell,97.96,0.838962,82.18
2026-09-18 21:57:42.735,buy,97.96,1.428714,139.95
2026-09-18 21:57:44.607,sell,97.96,0.459568,45.02
2026-09-18 21:57:45.193,sell,97.96,0.102085,10.0
2026-09-18 21:58:08.366,buy,97.99,0.102056,10.0
2026-09-18 21:58:32.648,sell,97.99,1.091775,106.98
2026-09-18 21:58:39.637,sell,97.99,0.54571,53.47
2026-09-18 21:58:50.316,sell,97.99,1.709364,167.49
2026-09-18 21:59:20.956,sell,97.93,0.254036,24.88
2026-09-18 21:59:34.675,sell,97.93,0.435456,42.64
2026-09-18 21:59:37.053,sell,97.93,0.102113,10.0
2026-09-18 21:59:49.449,sell,97.93,0.174656,17.1
2026-09-18 22:00:04.180,sell,97.91,0.15653,15.33
2026-09-18 22:00:21.252,sell,97.91,0.10213,10.0
2026-09-18 22:00:31.635,sell,97.91,0.308841,30.24
2026-09-18 22:00:34.671,sell,97.91,0.155817,15.26
2026-09-18 22:00:45.449,buy,97.91,6.456185,632.15
2026-09-18 22:00:47.149,sell,97.91,0.10213,10.0
2026-09-18 22:00:59.368,buy,97.91,0.10213,10.0
2026-09-18 22:01:02.086,buy,97.89,0.81841,80.11
2026-09-18 22:01:07.347,buy,97.89,0.763023,74.69
2026-09-18 22:01:15.158,buy,97.89,0.209798,20.54
2026-09-18 22:01:19.863,sell,97.89,0.244073,23.89
2026-09-18 22:01:35.133,sell,97.89,0.102156,10.0
2026-09-18 22:02:06.119,sell,97.82,0.102227,10.0
2026-09-18 22:02:15.361,sell,97.82,0.351252,34.36
2026-09-18 22:02:16.710,sell,97.82,0.231122,22.61
2026-09-18 22:02:24.905,sell,97.82,0.102227,10.0
2026-09-18 22:02:42.980,buy,97.82,0.102227,10.0
2026-09-18 22:02:44.178,sell,97.82,0.402965,39.42
2026-09-18 22:02:51.733,sell,97.82,1.851949,181.16
2026-09-18 22:03:15.270,buy,97.81,0.102236,10.0
2026-09-18 22:03:15.295,sell,97.81,0.102236,10.0
2026-09-18 22:03:30.236,sell,97.81,0.102236,10.0
2026-09-18 22:03:34.149,buy,97.81,6.331709,619.32
2026-09-18 22:03:34.260,buy,97.81,0.102236,10.0
2026-09-18 22:03:41.626,sell,97.81,0.102236,10.0
2026-09-18 22:04:15.795,sell,97.76,1.000399,97.8
2026-09-18 22:04:23.362,sell,97.76,0.550704,53.84
2026-09-18 22:04:28.832,sell,97.76,1.44685,141.45
2026-09-18 22:04:48.707,buy,97.76,6.268998,612.87
2026-09-18 22:04:49.234,buy,97.76,0.102289,10.0
2026-09-18 22:04:51.094,buy,97.76,0.37674,36.83
2026-09-18 22:04:58.611,sell,97.76,0.152549,14.91
2026-09-18 22:05:29.797,buy,97.69,0.102366,10.0
2026-09-18 22:05:33.019,buy,97.69,0.235303,22.99
2026-09-18 22:05:34.785,buy,97.69,0.469399,45.86
2026-09-18 22:05:39.169,sell,97.69,0.102366,10.0
2026-09-18 22:05:40.665,sell,97.69,0.334362,32.66
2026-09-18 22:05:40.976,sell,97.69,0.102366,10.0
2026-09-18 22:05:49.282,buy,97.69,2.282629,222.99
2026-09-18 22:05:52.315,sell,97.69,0.57542,56.21
2026-09-18 22:06:06.391,buy,97.71,0.249397,24.37
2026-09-18 22:06:24.980,sell,97.71,0.465453,45.48
2026-09-18 22:06:36.612,buy,97.71,0.257575,25.17
2026-09-18 22:06:50.360,sell,97.71,0.102342,10.0
2026-09-18 22:06:54.845,sell,97.71,0.102342,10.0
2026-09-18 22:07:00.425,sell,97.62,0.102439,10.0
2026-09-18 22:07:17.648,buy,97.62,0.756594,73.86
2026-09-18 22:07:31.416,buy,97.62,0.102439,10.0
2026-09-18 22:07:47.688,sell,97.62,0.102439,10.0
2026-09-18 22:07:56.780,buy,97.62,0.245199,23.94
2026-09-18 22:08:13.581,sell,97.55,0.115271,11.25
2026-09-18 22:08:20.771,sell,97.55,1.770308,172.7
2026-09-18 22:08:29.702,sell,97.55,1.303139,127.13
2026-09-18 22:08:36.876,sell,97.55,0.213097,20.79
2026-09-18 22:08:43.912,sell,97.55,0.561585,54.79
2026-09-18 22:09:16.667,buy,97.56,0.426531,41.61
2026-09-18 22:09:24.691,sell,97.56,5.664598,552.65
2026-09-18 22:09:34.391,buy,97.56,0.48404,47.22
2026-09-18 22:09:57.035,sell,97.56,0.128549,12.54
2026-09-18 22:10:08.949,buy,97.58,0.606975,59.23
2026-09-18 22:10:33.075,sell,97.58,0.102476,10.0
2026-09-18 22:10:37.148,sell,97.58,2.456182,239.68
2026-09-18 22:10:38.593,sell,97.58,2.436343,237.75
2026-09-18 22:10:41.659,buy,97.58,1.275083,124.43
2026-09-18 22:10:59.158,buy,97.58,0.349352,34.09
2026-09-18 22:11:02.583,buy,97.53,0.102537,10.0
2026-09-18 22:11:20.436,sell,97.53,3.812682,371.83
2026-09-18 22:11:23.125,buy,97.53,0.143629,14.01
2026-09-18 22:11:34.688,buy,97.53,3.195357,311.63
2026-09-18 22:11:54.771,buy,97.53,0.48475,47.28
2026-09-18 22:11:55.551,sell,97.53,0.147367,14.37
2026-09-18 22:12:03.257,buy,97.5,0.102564,10.0
2026-09-18 22:12:10.300,sell,97.5,1.537555,149.91
2026-09-18 22:12:12.904,sell,97.5,0.490743,47.85
2026-09-18 22:12:18.842,sell,97.5,0.77734,75.79
2026-09-18 22:12:38.309,sell,97.5,0.102564,10.0
2026-09-18 22:13:20.820,buy,97.38,11.405233,1110.61
2026-09-18 22:13:21.415,sell,97.38,0.468013,45.57
2026-09-18 22:13:30.413,sell,97.38,0.198491,19.33
2026-09-18 22:13:44.267,sell,97.38,2.404498,234.14
2026-09-18 22:13:47.681,sell,97.38,0.391696,38.14
2026-09-18 22:13:57.782,buy,97.38,2.533292,246.68
2026-09-18 22:14:12.319,sell,97.33,4.36884,425.22
2026-09-18 22:14:14.507,sell,97.33,0.102744,10.0
2026-09-18 22:14:16.890,buy,97.33,1.421958,138.4
2026-09-18 22:14:36.433,buy,97.33,1.065209,103.68
2026-09-18 22:14:44.255,sell,97.33,0.102744,10.0
2026-09-18 22:14:48.744,buy,97.33,0.114165,11.11
2026-09-18 22:15:10.900,buy,97.41,0.102658,10.0
2026-09-18 22:15:19.216,sell,97.41,0.488979,47.63
2026-09-18 22:15:23.100,sell,97.41,3.422582,333.4
2026-09-18 22:15:27.714,sell,97.41,0.516982,50.36
2026-09-18 22:15:41.894,sell,97.41,0.102658,10.0
2026-09-18 22:15:47.525,sell,97.41,0.102658,10.0
2026-09-18 22:15:56.321,sell,97.41,0.155288,15.13
2026-09-18 22:16:00.787,sell,97.36,1.839229,179.08
2026-09-18 22:16:30.496,sell,97.36,0.908265,88.43
2026-09-18 22:16:33.205,buy,97.36,0.262815,25.59
2026-09-18 22:17:16.868,sell,97.34,0.102729,10.0
2026-09-18 22:17:18.331,sell,97.34,0.59491,57.91
2026-09-18 22:17:23.765,sell,97.34,0.730729,71.13
2026-09-18 22:17:26.907,buy,97.34,0.348466,33.92
2026-09-18 22:17:48.929,sell,97.34,0.209832,20.43
2026-09-18 22:17:58.532,buy,97.34,0.102729,10.0
2026-09-18 22:17:58.888,sell,97.34,0.456932,44.48
2026-09-18 22:18:02.281,sell,97.28,0.145431,14.15
2026-09-18 22:18:42.715,buy,97.28,0.102796,10.0
2026-09-18 22:18:56.722,buy,97.28,0.789364,76.79
2026-09-18 22:19:00.736,buy,97.3,1.788514,174.02
2026-09-18 22:19:01.456,buy,97.3,0.522765,50.86
2026-09-18 22:19:41.090,sell,97.3,0.283172,27.55
2026-09-18 22:20:02.310,buy,97.4,1.128345,109.9
2026-09-18 22:20:19.242,sell,97.4,0.146256,14.25
2026-09-18 22:20:30.462,sell,97.4,0.688038,67.01
2026-09-18 22:20:43.707,sell,97.4,2.092865,203.84
2026-09-18 22:20:46.753,sell,97.4,0.708993,69.06
2026-09-18 22:20:50.199,buy,97.4,0.352042,34.29
2026-09-18 22:20:56.508,sell,97.4,0.21818,21.25
2026-09-18 22:21:07.088,sell,97.41,0.282726,27.54
2026-09-18 22:21:29.715,buy,97.41,2.363745,230.24
2026-09-18 22:21:55.808,buy,97.41,0.940837,91.64
2026-09-18 22:22:02.964,sell,97.44,1.688263,164.51
2026-09-18 22:22:27.258,sell,97.44,0.586406,57.14
2026-09-18 22:22:27.345,sell,97.44,0.14294,13.93
2026-09-18 22:22:37.462,sell,97.44,0.18414,17.94
2026-09-18 22:22:48.695,buy,97.44,0.808604,78.79
2026-09-18 22:23:06.324,sell,97.43,2.142266,208.72
2026-09-18 22:23:06.338,buy,97.43,0.102639,10.0
2026-09-18 22:23:22.862,buy,97.43,1.198203,116.74
2026-09-18 22:23:31.239,sell,97.43,0.347804,33.89
2026-09-18 22:23:33.881,sell,97.43,0.883146,86.04
2026-09-18 22:23:43.743,sell,97.43,0.435685,42.45
2026-09-18 22:24:06.875,buy,97.34,0.172643,16.8
2026-09-18 22:24:12.093,buy,97.34,4.686118,456.14
2026-09-18 22:24:14.814,buy,97.34,7.622769,741.99
2026-09-18 22:24:18.270,sell,97.34,0.213417,20.77
2026-09-18 22:24:26.849,buy,97.34,0.390497,38.01
2026-09-18 22:24:35.900,buy,97.34,1.064495,103.62
2026-09-18 22:24:52.556,buy,97.34,0.102734,10.0
2026-09-18 22:25:03.427,sell,97.4,1.507994,146.87
2026-09-18 22:25:40.015,buy,97.4,0.16727,16.29
2026-09-18 22:25:59.953,buy,97.4,0.325605,31.71
2026-09-18 22:26:00.480,buy,97.35,2.837792,276.25
2026-09-18 22:26:01.916,sell,97.35,0.102725,10.0
2026-09-18 22:26:09.507,sell,97.35,0.961162,93.57
2026-09-18 22:26:12.769,buy,97.35,0.272772,26.55
2026-09-18 22:26:24.572,sell,97.35,8.793966,856.07
2026-09-18 22:26:35.109,sell,97.35,0.102725,10.0
2026-09-18 22:26:47.732,sell,97.35,0.128721,12.53
2026-09-18 22:27:12.979,buy,97.28,0.102799,10.0
2026-09-18 22:27:14.934,buy,97.28,0.102799,10.0
2026-09-18 22:27:25.705,sell,97.28,0.35341,34.38
2026-09-18 22:27:43.220,buy,97.28,0.630569,61.34
2026-09-18 22:27:43.922,sell,97.28,0.102799,10.0
2026-09-18 22:27:52.774,sell,97.28,0.102799,10.0
2026-09-18 22:28:03.556,sell,97.21,0.31468,30.59
2026-09-18 22:28:07.110,buy,97.21,0.710499,69.07
2026-09-18 22:28:29.054,buy,97.21,0.369311,35.9
2026-09-18 22:28:29.826,sell,97.21,3.5369,343.81
2026-09-18 22:28:29.940,buy,97.21,0.102874,10.0
2026-09-18 22:28:34.642,buy,97.21,1.145636,111.36
2026-09-18 22:28:50.704,sell,97.21,0.354313,34.44
2026-09-18 22:28:59.889,buy,97.21,0.111124,10.8
2026-09-18 22:29:31.123,sell,97.23,4.587025,446.0
2026-09-18 22:29:36.882,buy,97.23,0.87007,84.6
2026-09-18 22:29:42.294,buy,97.23,0.757441,73.65
2026-09-18 22:29:47.199,sell,97.23,0.102849,10.0
2026-09-18 22:29:57.279,buy,97.23,0.238601,23.2
2026-09-18 22:30:02.758,sell,97.26,0.102817,10.0
2026-09-18 22:30:03.289,buy,97.26,4.300407,418.26
2026-09-18 22:30:21.586,sell,97.26,0.144686,14.07
2026-09-18 22:30:40.137,buy,97.26,2.874657,279.59
2026-09-18 22:31:07.826,sell,97.25,0.102828,10.0
2026-09-18 22:31:11.568,buy,97.25,0.11125,10.82
2026-09-18 22:31:15.732,sell,97.25,2.084782,202.74
2026-09-18 22:31:19.964,buy,97.25,0.644377,62.67
2026-09-18 22:31:23.152,sell,97.25,1.136887,110.56
2026-09-18 22:31:26.405,buy,97.25,0.102828,10.0
2026-09-18 22:31:40.541,sell,97.25,1.050306,102.14
2026-09-18 22:31:56.666,buy,97.25,0.102828,10.0
2026-09-18 22:32:22.713,sell,97.24,1.414905,137.58
2026-09-18 22:32:29.644,sell,97.24,0.158516,15.41
2026-09-18 22:32:40.446,sell,97.24,10.673214,1037.82
2026-09-18 22:33:03.574,sell,97.25,0.891439,86.7
2026-09-18 22:33:06.887,sell,97.25,0.749747,72.92
2026-09-18 22:33:16.748,sell,97.25,0.575039,55.93
2026-09-18 22:33:32.903,buy,97.25,0.336835,32.76
2026-09-18 22:33:50.828,buy,97.25,0.286174,27.83
2026-09-18 22:33:56.384,buy,97.25,1.29582,126.02
2026-09-18 22:33:57.292,buy,97.25,0.117142,11.39
2026-09-18 22:34:00.427,sell,97.27,0.102802,10.0
2026-09-18 22:34:53.771,buy,97.27,0.348616,33.91
2026-09-18 22:34:59.864,sell,97.27,0.102802,10.0
2026-09-18 22:35:17.543,sell,97.24,1.301799,126.59
2026-09-18 22:35:18.630,sell,97.24,0.39604,38.51
2026-09-18 22:35:42.074,buy,97.24,0.143413,13.95
2026-09-18 22:35:43.758,buy,97.24,0.312918,30.43
2026-09-18 22:35:44.810,buy,97.24,0.119294,11.6
2026-09-18 22:35:49.417,buy,97.24,3.689918,358.82
2026-09-18 22:36:18.097,sell,97.1,0.150399,14.6
2026-09-18 22:36:18.540,sell,97.1,0.149396,14.51
2026-09-18 22:36:19.936,sell,97.1,0.102982,10.0
2026-09-18 22:36:26.996,sell,97.1,1.326557,128.81
2026-09-18 22:36:44.408,buy,97.1,0.822622,79.88
2026-09-18 22:36:54.747,buy,97.1,9.760059,947.74
2026-09-18 22:36:56.163,buy,97.1,8.472696,822.73
2026-09-18 22:36:56.329,buy,97.1,0.102982,10.0
2026-09-18 22:37:12.721,sell,97.05,0.103037,10.0
2026-09-18 22:37:38.835,sell,97.05,6.870861,666.83
2026-09-18 22:37:53.579,sell,97.05,0.118901,11.54
2026-09-18 22:37:57.042,buy,97.05,1.465341,142.21
2026-09-18 22:38:08.929,sell,97.05,0.103039,10.0
2026-09-18 22:38:21.785,sell,97.05,0.103039,10.0
2026-09-18 22:38:24.727,buy,97.05,0.103039,10.0
2026-09-18 22:38:48.494,sell,97.05,6.093056,591.34
2026-09-18 22:39:06.240,buy,97.01,4.937982,479.06
2026-09-18 22:39:10.144,buy,97.01,1.506791,146.18
2026-09-18 22:39:36.975,sell,97.01,0.296213,28.74
2026-09-18 22:39:39.934,buy,97.01,0.159162,15.44
2026-09-18 22:39:42.831,sell,97.01,0.369059,35.8
2026-09-18 22:40:24.118,sell,97.07,1.07318,104.17
2026-09-18 22:40:24.334,buy,97.07,0.156933,15.23
2026-09-18 22:40:28.731,sell,97.07,5.79649,562.67
2026-09-18 22:40:41.405,buy,97.07,1.877237,182.22
2026-09-18 22:40:43.038,sell,97.07,2.0631,200.27
2026-09-18 22:40:49.073,buy,97.07,0.233686,22.68
2026-09-18 22:40:50.181,sell,97.07,0.467667,45.4
2026-09-18 22:40:58.234,sell,97.07,0.34232,33.23
2026-09-18 22:41:08.374,sell,97.03,0.414285,40.2
2026-09-18 22:41:13.342,sell,97.03,0.378759,36.75
2026-09-18 22:41:15.262,buy,97.03,1.612135,156.43
2026-09-18 22:41:38.406,sell,97.03,0.202003,19.6
2026-09-18 22:41:42.702,sell,97.03,4.036684,391.69
2026-09-18 22:41:53.268,sell,97.03,0.578003,56.08
2026-09-18 22:42:00.008,buy,97.07,0.216621,21.03
2026-09-18 22:42:04.200,sell,97.07,0.103019,10.0
2026-09-18 22:42:29.428,buy,97.07,1.10625,107.38
2026-09-18 22:42:34.342,sell,97.07,13.451029,1305.69
2026-09-18 22:42:45.865,buy,97.07,0.212035,20.58
2026-09-18 22:42:56.868,buy,97.07,1.476394,143.31
2026-09-18 22:43:07.918,buy,97.02,1.872076,181.63
2026-09-18 22:43:10.763,buy,97.02,5.977728,579.98
2026-09-18 22:43:31.265,buy,97.02,0.958807,93.03
2026-09-18 22:43:37.082,buy,97.02,0.334101,32.42
2026-09-18 22:43:37.809,buy,97.02,2.282841,221.49
2026-09-18 22:43:41.184,sell,97.02,2.000635,194.11
2026-09-18 22:43:50.896,sell,97.02,0.103069,10.0
2026-09-18 22:44:01.828,buy,96.94,0.433813,42.06
2026-09-18 22:44:10.026,buy,96.94,0.817032,79.21
2026-09-18 22:44:19.399,sell,96.94,0.314232,30.46
2026-09-18 22:44:22.548,sell,96.94,0.329992,31.99
2026-09-18 22:44:24.505,buy,96.94,0.702534,68.11
2026-09-18 22:45:18.776,sell,96.95,3.565503,345.67
2026-09-18 22:45:20.601,sell,96.95,0.797989,77.36
2026-09-18 22:45:21.146,buy,96.95,0.103149,10.0
2026-09-18 22:45:23.390,buy,96.95,0.413744,40.11
2026-09-18 22:45:28.400,sell,96.95,5.414369,524.91
2026-09-18 22:45:40.120,buy,96.95,0.208794,20.24
2026-09-18 22:46:00.626,sell,97.0,9.60417,931.56
2026-09-18 22:46:15.596,buy,97.0,0.40475,39.26
2026-09-18 22:46:34.852,sell,97.0,0.153482,14.89
2026-09-18 22:46:40.446,buy,97.0,0.103098,10.0
2026-09-18 22:46:41.468,sell,97.0,1.155386,112.07
2026-09-18 22:46:47.151,sell,97.0,0.224861,21.81
2026-09-18 22:46:49.601,sell,97.0,0.139239,13.51
2026-09-18 22:47:06.031,sell,96.87,0.103226,10.0
2026-09-18 22:47:06.036,sell,96.87,0.445348,43.14
2026-09-18 22:47:11.387,sell,96.87,0.111236,10.78
2026-09-18 22:47:12.384,sell,96.87,0.397799,38.54
2026-09-18 22:47:21.734,sell,96.87,0.507833,49.2
2026-09-18 22:47:21.898,sell,96.87,0.152589,14.78
2026-09-18 22:47:48.427,buy,96.87,0.103226,10.0
2026-09-18 22:48:06.864,buy,96.85,0.158047,15.31
2026-09-18 22:48:08.737,buy,96.85,0.103251,10.0
2026-09-18 22:48:14.057,buy,96.85,3.040384,294.46
2026-09-18 22:48:23.160,sell,96.85,0.103251,10.0
2026-09-18 22:48:29.415,buy,96.85,0.733086,71.0
2026-09-18 22:48:43.419,buy,96.85,0.500663,48.49
2026-09-18 22:48:45.764,buy,96.85,0.720351,69.77
2026-09-18 22:49:09.159,sell,96.76,0.103348,10.0
2026-09-18 22:49:10.394,buy,96.76,0.532804,51.55
2026-09-18 22:49:12.103,sell,96.76,0.508704,49.22
2026-09-18 22:49:20.942,sell,96.76,1.299139,125.7
2026-09-18 22:49:24.837,sell,96.76,0.791456,76.58
2026-09-18 22:49:54.588,buy,96.76,2.505242,242.41
2026-09-18 22:50:02.271,buy,96.79,0.575636,55.72
2026-09-18 22:50:04.747,sell,96.79,4.879559,472.3
2026-09-18 22:50:26.635,sell,96.79,0.103315,10.0
2026-09-18 22:50:29.605,buy,96.79,0.977873,94.65
2026-09-18 22:50:52.979,buy,96.79,0.103315,10.0
2026-09-18 22:50:57.815,buy,96.79,0.107865,10.44
2026-09-18 22:50:57.840,buy,96.79,0.1598,15.47
2026-09-18 22:51:00.604,sell,96.86,0.103246,10.0
2026-09-18 22:51:02.448,sell,96.86,2.018922,195.55
2026-09-18 22:51:13.641,buy,96.86,3.831234,371.08
2026-09-18 22:51:15.464,buy,96.86,0.190413,18.44
2026-09-18 22:51:26.313,buy,96.86,0.664568,64.37
2026-09-18 22:51:33.704,buy,96.86,0.103246,10.0
2026-09-18 22:51:41.772,buy,96.86,1.61146,156.08
2026-09-18 22:51:42.066,sell,96.86,0.441126,42.73
2026-09-18 22:52:04.686,buy,96.85,0.258248,25.01
2026-09-18 22:52:06.911,buy,96.85,0.201138,19.48
2026-09-18 22:52:15.971,sell,96.85,0.103254,10.0
2026-09-18 22:52:22.289,buy,96.85,1.728957,167.45
2026-09-18 22:52:31.568,sell,96.85,1.042967,101.01
2026-09-18 22:52:37.841,buy,96.85,0.93652,90.7
2026-09-18 22:52:42.956,buy,96.85,0.103254,10.0
2026-09-18 22:52:45.062,sell,96.85,1.099583,106.49
2026-09-18 22:53:02.601,sell,96.91,1.547426,149.96
2026-09-18 22:53:13.585,buy,96.91,0.214639,20.8
2026-09-18 22:53:16.158,sell,96.91,2.190692,212.3
2026-09-18 22:53:24.321,buy,96.91,0.103191,10.0
2026-09-18 22:53:26.365,sell,96.91,1.535791,148.83
2026-09-18 22:53:49.500,sell,96.91,1.954901,189.45
2026-09-18 22:53:56.848,buy,96.91,0.103191,10.0
2026-09-18 22:53:56.988,buy,96.91,0.161132,15.61
2026-09-18 22:54:00.755,sell,96.96,0.669158,64.88
2026-09-18 22:54:21.634,buy,96.96,1.307488,126.77
2026-09-18 22:54:23.749,sell,96.96,0.10314,10.0
2026-09-18 22:54:43.474,sell,96.96,0.131408,12.74
2026-09-18 22:54:51.852,buy,96.96,0.197181,19.12
2026-09-18 22:54:55.977,buy,96.96,0.813103,78.84
2026-09-18 22:54:58.420,buy,96.96,8.881428,861.11
2026-09-18 22:54:59.017,sell,96.96,5.234864,507.55
2026-09-18 22:55:00.109,buy,97.01,3.049845,295.85
2026-09-18 22:55:06.474,buy,97.01,0.167382,16.24
2026-09-18 22:55:08.083,sell,97.01,0.274766,26.65
2026-09-18 22:55:16.363,sell,97.01,0.733764,71.18
2026-09-18 22:55:38.096,buy,97.01,0.103086,10.0
2026-09-18 22:55:57.209,sell,97.01,5.259972,510.25
2026-09-18 22:55:57.638,buy,97.01,0.103086,10.0
2026-09-18 22:55:59.871,sell,97.01,3.799197,368.55
2026-09-18 22:56:12.654,buy,96.95,0.103141,10.0
2026-09-18 22:56:13.550,buy,96.95,0.165439,16.04
2026-09-18 22:56:14.884,sell,96.95,0.103141,10.0
2026-09-18 22:56:19.301,buy,96.95,0.103141,10.0
2026-09-18 22:56:49.372,sell,96.95,0.103141,10.0
2026-09-18 22:57:30.400,sell,97.01,0.30113,29.21
2026-09-18 22:57:40.859,sell,97.01,4.268696,414.11
2026-09-18 22:57:54.195,buy,97.01,1.746492,169.43
2026-09-18 22:58:08.541,buy,97.15,0.475595,46.2
2026-09-18 22:58:13.219,buy,97.15,0.275673,26.78
2026-09-18 22:58:19.069,buy,97.15,0.102935,10.0
2026-09-18 22:58:37.811,sell,97.15,0.131772,12.8
2026-09-18 22:58:54.576,sell,97.15,13.34135,1296.09
2026-09-18 22:58:56.505,sell,97.15,0.474122,46.06
2026-09-18 22:59:02.615,sell,97.16,0.886411,86.12
2026-09-18 22:59:19.697,sell,97.16,0.156573,15.21
2026-09-18 22:59:23.700,sell,97.16,0.102927,10.0
2026-09-18 22:59:58.804,buy,97.16,0.236027,22.93
2026-09-18 23:00:54.423,sell,97.13,0.253892,24.66
2026-09-18 23:00:54.876,sell,97.13,0.200071,19.43
2026-09-18 23:00:59.466,sell,97.13,0.102953,10.0
2026-09-18 23:01:00.410,sell,97.14,0.102949,10.0
2026-09-18 23:01:32.962,sell,97.14,0.458587,44.55
2026-09-18 23:01:43.733,sell,97.14,0.889313,86.38
2026-09-18 23:02:34.641,buy,97.07,3.654837,354.76
2026-09-18 23:02:44.831,sell,97.07,0.24001,23.3
2026-09-18 23:02:51.846,sell,97.07,0.103024,10.0
2026-09-18 23:03:16.658,buy,97.01,1.662876,161.31
2026-09-18 23:03:24.046,buy,97.01,2.327091,225.74
2026-09-18 23:03:24.594,buy,97.01,1.30764,126.85
2026-09-18 23:03:37.194,sell,97.01,0.103086,10.0
2026-09-18 23:03:39.035,buy,97.01,0.24411,23.68
2026-09-18 23:03:47.061,buy,97.01,0.500931,48.59
2026-09-18 23:03:47.310,sell,97.01,1.126143,109.24
2026-09-18 23:03:59.710,buy,97.01,1.215969,117.96
2026-09-18 23:04:17.520,buy,97.03,0.245454,23.82
2026-09-18 23:04:50.046,sell,97.03,1.959648,190.14
2026-09-18 23:04:55.870,buy,97.03,0.917153,88.99
2026-09-18 23:05:10.900,sell,96.88,5.977152,579.06
2026-09-18 23:05:26.464,sell,96.88,0.199491,19.33
2026-09-18 23:05:26.647,sell,96.88,0.103222,10.0
2026-09-18 23:05:36.071,buy,96.88,6.383585,618.43
2026-09-18 23:05:39.260,buy,96.88,0.161725,15.67
2026-09-18 23:05:43.076,sell,96.88,0.103222,10.0
2026-09-18 23:05:44.772,sell,96.88,0.411112,39.83
2026-09-18 23:05:46.685,sell,96.88,0.547152,53.01
2026-09-18 23:06:00.843,sell,96.86,0.440317,42.65
2026-09-18 23:06:06.685,sell,96.86,0.3642,35.28
2026-09-18 23:06:12.446,buy,96.86,0.221952,21.5
2026-09-18 23:06:15.851,buy,96.86,0.103241,10.0
2026-09-18 23:06:24.702,sell,96.86,0.103241,10.0
2026-09-18 23:06:25.834,sell,96.86,5.864993,568.09
2026-09-18 23:06:28.694,buy,96.86,0.127208,12.32
2026-09-18 23:06:53.177,buy,96.86,0.121784,11.8
2026-09-18 23:07:03.448,sell,96.82,0.531506,51.46
2026-09-18 23:07:30.093,buy,96.82,0.103283,10.0
2026-09-18 23:07:33.103,buy,96.82,0.539832,52.27
2026-09-18 23:07:46.043,sell,96.82,0.425494,41.2
2026-09-18 23:08:08.343,sell,96.79,1.668794,161.51
2026-09-18 23:08:12.213,buy,96.79,0.195305,18.9
2026-09-18 23:08:20.526,sell,96.79,0.188164,18.21
2026-09-18 23:08:29.389,sell,96.79,0.103322,10.0
2026-09-18 23:08:40.629,buy,96.79,2.100393,203.29
2026-09-18 23:08:44.019,sell,96.79,0.133531,12.92
2026-09-18 23:08:52.801,sell,96.79,1.915045,185.35
2026-09-18 23:09:37.576,buy,96.86,0.997128,96.58
2026-09-18 23:09:47.871,buy,96.86,2.406431,233.08
2026-09-18 23:09:48.789,sell,96.86,0.275754,26.71
2026-09-18 23:10:01.657,sell,96.84,0.103264,10.0
2026-09-18 23:10:23.312,sell,96.84,0.103264,10.0
2026-09-18 23:10:45.345,buy,96.84,0.103264,10.0
2026-09-18 23:11:25.247,sell,96.77,3.159437,305.75
2026-09-18 23:11:28.451,sell,96.77,1.406976,136.16
2026-09-18 23:11:32.000,sell,96.77,0.234777,22.72
2026-09-18 23:11:37.347,buy,96.77,0.322308,31.19
2026-09-18 23:11:50.287,buy,96.77,0.237138,22.95
2026-09-18 23:11:55.127,buy,96.77,0.170327,16.48
2026-09-18 23:11:55.280,buy,96.77,10.569644,1022.85
2026-09-18 23:11:55.923,sell,96.77,2.03226,196.67
2026-09-18 23:12:04.432,buy,96.85,0.361426,35.0
2026-09-18 23:12:29.032,sell,96.85,0.219193,21.23
2026-09-18 23:12:51.419,sell,96.85,0.116,11.23
2026-09-18 23:12:53.289,sell,96.85,0.188986,18.3
2026-09-18 23:12:59.078,buy,96.85,1.386499,134.28
2026-09-18 23:13:07.640,buy,96.8,17.521672,1696.02
2026-09-18 23:13:24.914,sell,96.8,2.09122,202.42
2026-09-18 23:13:33.541,sell,96.8,0.10331,10.0
2026-09-18 23:13:49.349,buy,96.8,0.116243,11.25
2026-09-18 23:13:49.640,sell,96.8,1.659865,160.67
2026-09-18 23:14:00.324,buy,96.82,0.116197,11.25
2026-09-18 23:14:06.423,buy,96.82,0.444721,43.06
2026-09-18 23:14:19.775,buy,96.82,18.493852,1790.53
2026-09-18 23:14:23.368,sell,96.82,0.685726,66.39
2026-09-18 23:14:56.128,sell,96.82,0.279661,27.08
2026-09-18 23:15:18.266,sell,96.7,0.103411,10.0
2026-09-18 23:15:40.705,sell,96.7,6.309258,610.12
2026-09-18 23:15:44.781,sell,96.7,0.544828,52.69
2026-09-18 23:15:45.056,buy,96.7,4.238914,409.91
2026-09-18 23:15:45.261,buy,96.7,0.2498,24.16
2026-09-18 23:15:48.151,buy,96.7,0.426892,41.28
2026-09-18 23:15:50.844,buy,96.7,1.267778,122.6
2026-09-18 23:16:15.661,buy,96.69,0.127914,12.37
2026-09-18 23:16:15.850,sell,96.69,6.152753,594.93
2026-09-18 23:16:16.593,sell,96.69,0.36347,35.14
2026-09-18 23:16:31.732,buy,96.69,0.762939,73.77
2026-09-18 23:16:32.758,buy,96.69,10.963711,1060.11
2026-09-18 23:16:43.291,buy,96.69,4.072283,393.76
2026-09-18 23:16:52.180,buy,96.69,3.932388,380.23
2026-09-18 23:17:15.903,sell,96.76,0.103353,10.0
2026-09-18 23:17:38.069,buy,96.76,0.229202,22.18
2026-09-18 23:17:43.922,buy,96.76,0.1167,11.29
2026-09-18 23:17:46.363,sell,96.76,2.799342,270.85
2026-09-18 23:18:04.460,sell,96.79,0.388499,37.6
2026-09-18 23:18:23.367,sell,96.79,0.103319,10.0
2026-09-18 23:18:49.790,sell,96.79,0.192238,18.61
2026-09-18 23:18:51.603,buy,96.79,1.317662,127.53
2026-09-18 23:19:32.461,buy,96.75,0.103361,10.0
2026-09-18 23:19:39.295,buy,96.75,0.103361,10.0
2026-09-18 23:19:39.761,sell,96.75,0.103361,10.0
2026-09-18 23:19:44.747,sell,96.75,4.390761,424.8
2026-09-18 23:20:00.089,sell,96.7,0.103415,10.0
2026-09-18 23:20:06.571,buy,96.7,0.351872,34.03
2026-09-18 23:20:06.832,sell,96.7,1.53638,148.56
2026-09-18 23:20:19.520,sell,96.7,1.32817,128.43
2026-09-18 23:20:22.634,sell,96.7,1.852583,179.14
2026-09-18 23:20:25.181,sell,96.7,9.011065,871.35
2026-09-18 23:20:34.581,buy,96.7,0.103415,10.0
2026-09-18 23:20:37.803,buy,96.7,0.252683,24.43
2026-09-18 23:21:07.821,sell,96.62,0.525108,50.74
2026-09-18 23:21:13.677,sell,96.62,0.103498,10.0
2026-09-18 23:21:14.763,sell,96.62,0.468361,45.25
2026-09-18 23:21:22.020,sell,96.62,1.724441,166.62
2026-09-18 23:21:39.389,buy,96.62,0.103498,10.0
2026-09-18 23:21:40.058,sell,96.62,0.135676,13.11
2026-09-18 23:22:03.231,buy,96.55,0.157036,15.16
2026-09-18 23:22:05.770,buy,96.55,1.206816,116.52
2026-09-18 23:22:12.408,sell,96.55,2.312146,223.24
2026-09-18 23:22:30.532,sell,96.55,0.103571,10.0
2026-09-18 23:22:36.273,buy,96.55,0.202123,19.52
2026-09-18 23:22:47.794,sell,96.55,0.250652,24.2
2026-09-18 23:22:52.207,buy,96.55,0.103571,10.0
2026-09-18 23:22:54.686,buy,96.55,0.103571,10.0
2026-09-18 23:23:16.100,sell,96.53,0.103597,10.0
2026-09-18 23:23:18.993,sell,96.53,0.173107,16.71
2026-09-18 23:23:22.062,sell,96.53,0.538054,51.94
2026-09-18 23:23:23.868,sell,96.53,0.198188,19.13
2026-09-18 23:23:39.414,buy,96.53,0.190235,18.36
2026-09-18 23:23:42.457,sell,96.53,0.103597,10.0
2026-09-18 23:24:17.900,buy,96.57,0.103553,10.0
2026-09-18 23:24:20.376,buy,96.57,0.103553,10.0
2026-09-18 23:24:20.996,buy,96.57,1.367522,132.06
2026-09-18 23:24:31.188,sell,96.57,0.120411,11.63
2026-09-18 23:24:38.928,sell,96.57,0.103553,10.0
2026-09-18 23:25:28.188,sell,96.59,0.13987,13.51
2026-09-18 23:25:41.976,buy,96.59,1.392119,134.46
2026-09-18 23:25:46.959,buy,96.59,0.21399,20.67
2026-09-18 23:25:49.152,buy,96.59,0.103535,10.0
2026-09-18 23:25:58.772,buy,96.59,0.324282,31.32
2026-09-18 23:26:02.577,buy,96.63,0.46247,44.69
2026-09-18 23:26:31.958,buy,96.63,17.175786,1659.73
2026-09-18 23:26:34.210,buy,96.63,0.680379,65.75
2026-09-18 23:26:44.269,buy,96.63,0.934228,90.28
2026-09-18 23:27:02.837,buy,96.61,0.17974,17.36
2026-09-18 23:27:25.356,sell,96.61,0.103507,10.0
2026-09-18 23:27:25.855,sell,96.61,0.228638,22.09
2026-09-18 23:27:42.691,buy,96.61,0.103507,10.0
2026-09-18 23:27:47.846,sell,96.61,0.477117,46.1
2026-09-18 23:28:18.764,sell,96.56,0.611751,59.07
2026-09-18 23:28:19.264,buy,96.56,0.49171,47.48
2026-09-18 23:28:24.750,buy,96.56,5.729255,553.21
2026-09-18 23:28:47.146,sell,96.56,0.533721,51.54
2026-09-18 23:28:52.207,buy,96.56,4.085175,394.46
2026-09-18 23:29:01.690,sell,96.54,0.791905,76.45
2026-09-18 23:29:30.832,sell,96.54,0.910568,87.91
2026-09-18 23:29:31.536,buy,96.54,0.305025,29.45
2026-09-18 23:29:34.022,buy,96.54,0.232226,22.42
2026-09-18 23:29:53.727,buy,96.54,0.103584,10.0
2026-09-18 23:30:11.602,buy,96.62,1.368782,132.25
2026-09-18 23:30:40.470,buy,96.62,3.723784,359.79
2026-09-18 23:30:43.188,sell,96.62,0.103499,10.0
2026-09-18 23:30:52.019,sell,96.62,0.291322,28.15
2026-09-18 23:30:59.555,sell,96.62,0.103577,10.01
2026-09-18 23:31:01.161,buy,96.59,0.103528,10.0
2026-09-18 23:31:09.718,buy,96.59,1.263653,122.06
2026-09-18 23:31:20.007,buy,96.59,0.277763,26.83
2026-09-18 23:31:28.150,sell,96.59,3.529208,340.89
2026-09-18 23:31:31.844,sell,96.59,0.248605,24.01
2026-09-18 23:31:34.710,buy,96.59,0.51395,49.64
2026-09-18 23:31:49.398,buy,96.59,3.918629,378.51
2026-09-18 23:31:50.250,sell,96.59,0.103528,10.0
2026-09-18 23:32:22.056,buy,96.59,0.962218,92.94
2026-09-18 23:32:25.194,sell,96.59,0.296299,28.62
2026-09-18 23:32:30.048,buy,96.59,0.507265,49.0
2026-09-18 23:32:30.795,buy,96.59,0.103533,10.0
2026-09-18 23:32:37.036,buy,96.59,0.392102,37.87
2026-09-18 23:32:38.429,buy,96.59,0.671062,64.82
2026-09-18 23:32:41.810,sell,96.59,0.103533,10.0
2026-09-18 23:33:10.374,buy,96.55,0.103574,10.0
2026-09-18 23:33:17.834,sell,96.55,0.12609,12.17
2026-09-18 23:33:24.755,buy,96.55,3.753407,362.39
2026-09-18 23:33:26.559,buy,96.55,0.219041,21.15
2026-09-18 23:33:43.071,sell,96.55,0.694507,67.05
2026-09-18 23:33:43.787,buy,96.55,0.13367,12.91
2026-09-18 23:33:45.059,buy,96.55,0.103574,10.0
2026-09-18 23:33:48.140,sell,96.55,1.351336,130.47
2026-09-18 23:34:04.343,sell,96.63,0.103483,10.0
2026-09-18 23:34:09.344,sell,96.63,0.376287,36.36
2026-09-18 23:34:16.194,buy,96.63,0.308807,29.84
2026-09-18 23:34:16.380,buy,96.63,0.103483,10.0
2026-09-18 23:34:18.133,buy,96.63,3.511986,339.38
2026-09-18 23:34:43.750,buy,96.63,0.86044,83.15
2026-09-18 23:34:47.741,sell,96.63,0.225601,21.8
2026-09-18 23:35:24.864,buy,96.61,2.315836,223.74
2026-09-18 23:35:27.758,buy,96.61,0.69959,67.59
2026-09-18 23:35:28.628,sell,96.61,0.221974,21.45
2026-09-18 23:35:31.777,sell,96.61,0.103507,10.0
2026-09-18 23:35:39.168,buy,96.61,0.770458,74.44
2026-09-18 23:36:15.593,buy,96.59,0.103528,10.0
2026-09-18 23:36:32.034,buy,96.59,2.157349,208.38
2026-09-18 23:36:39.881,sell,96.59,0.636585,61.49
2026-09-18 23:36:44.363,buy,96.59,0.69879,67.5
2026-09-18 23:36:51.787,buy,96.59,0.103528,10.0
2026-09-18 23:36:56.455,sell,96.59,0.497466,48.05
2026-09-18 23:37:01.664,sell,96.58,18.265726,1764.07
2026-09-18 23:37:11.412,buy,96.58,0.103543,10.0
2026-09-18 23:37:17.149,sell,96.58,0.103543,10.0
2026-09-18 23:37:20.315,sell,96.58,0.103543,10.0
2026-09-18 23:37:26.830,buy,96.58,0.194484,18.78
2026-09-18 23:37:34.975,buy,96.58,0.144691,13.97
2026-09-18 23:37:56.728,buy,96.58,6.392173,617.34
2026-09-18 23:38:02.009,sell,96.53,0.537874,51.92
2026-09-18 23:38:06.392,buy,96.53,0.103596,10.0
2026-09-18 23:38:07.075,buy,96.53,0.161293,15.57
2026-09-18 23:38:27.790,buy,96.53,0.103596,10.0
2026-09-18 23:38:34.062,buy,96.53,0.264933,25.57
2026-09-18 23:38:35.803,sell,96.53,0.103596,10.0
2026-09-18 23:38:39.976,buy,96.53,3.431352,331.23
2026-09-18 23:38:55.361,sell,96.53,0.954443,92.13
2026-09-18 23:39:03.610,buy,96.48,1.409492,135.98
2026-09-18 23:39:21.105,buy,96.48,0.139945,13.5
2026-09-18 23:39:49.272,sell,96.48,0.200493,19.34
2026-09-18 23:39:54.790,buy,96.48,0.103653,10.0
2026-09-18 23:40:21.951,sell,96.63,0.590341,57.05
2026-09-18 23:40:47.652,sell,96.63,0.137466,13.28
2026-09-18 23:40:48.746,sell,96.63,1.536867,148.51
2026-09-18 23:40:56.856,buy,96.63,0.54982,53.13
2026-09-18 23:40:59.212,buy,96.63,0.94909,91.71
2026-09-18 23:41:18.393,buy,96.62,1.635187,158.0
2026-09-18 23:41:24.155,sell,96.62,0.103495,10.0
2026-09-18 23:41:45.103,sell,96.62,0.26978,26.07
2026-09-18 23:42:18.783,sell,96.66,0.240012,23.2
2026-09-18 23:42:26.674,sell,96.66,0.103451,10.0
2026-09-18 23:42:27.033,buy,96.66,0.170442,16.48
2026-09-18 23:42:38.074,sell,96.66,0.103451,10.0
2026-09-18 23:42:47.637,sell,96.66,0.336724,32.55
2026-09-18 23:42:52.237,buy,96.66,0.200917,19.42
2026-09-18 23:42:54.524,sell,96.66,1.27724,123.46
2026-09-18 23:43:13.633,buy,96.72,9.759869,944.01
2026-09-18 23:43:31.852,buy,96.72,1.805967,174.68
2026-09-18 23:43:48.788,sell,96.72,0.198306,19.18
2026-09-18 23:43:55.332,sell,96.72,0.103387,10.0
2026-09-18 23:44:03.284,sell,96.76,1.246544,120.61
2026-09-18 23:44:23.347,buy,96.76,0.103349,10.0
2026-09-18 23:44:31.958,sell,96.76,0.195279,18.89
2026-09-18 23:44:46.774,buy,96.76,0.169818,16.43
2026-09-18 23:44:50.371,sell,96.76,1.215234,117.58
2026-09-18 23:44:52.753,buy,96.76,0.166061,16.07
2026-09-18 23:44:53.224,buy,96.76,8.263701,799.59
2026-09-18 23:45:00.577,sell,96.76,0.287762,27.84
2026-09-18 23:45:07.499,sell,96.76,0.577495,55.88
2026-09-18 23:45:08.042,buy,96.76,0.120463,11.66
2026-09-18 23:45:21.660,sell,96.76,2.433732,235.48
2026-09-18 23:45:27.717,buy,96.76,4.096046,396.32
2026-09-18 23:45:29.245,sell,96.76,0.103353,10.0
2026-09-18 23:45:42.941,sell,96.76,0.103353,10.0
2026-09-18 23:45:49.384,sell,96.76,0.808029,78.18
2026-09-18 23:46:03.579,sell,96.72,0.450746,43.6
2026-09-18 23:46:13.359,buy,96.72,1.419787,137.32
2026-09-18 23:46:15.876,buy,96.72,0.103391,10.0
2026-09-18 23:46:21.201,buy,96.72,0.112804,10.91
2026-09-18 23:47:02.627,sell,96.66,0.103453,10.0
2026-09-18 23:47:09.339,buy,96.66,0.322069,31.13
2026-09-18 23:47:18.904,sell,96.66,1.040045,100.53
2026-09-18 23:48:17.432,buy,96.62,0.103499,10.0
2026-09-18 23:48:24.646,buy,96.62,2.156087,208.32
2026-09-18 23:48:25.116,buy,96.62,0.40062,38.71
2026-09-18 23:48:25.542,buy,96.62,0.213713,20.65
2026-09-18 23:48:29.561,sell,96.62,0.778098,75.18
2026-09-18 23:48:40.767,buy,96.62,0.103499,10.0
2026-09-18 23:49:08.126,buy,96.7,0.168293,16.27
2026-09-18 23:49:08.263,sell,96.7,0.103414,10.0
2026-09-18 23:49:08.607,buy,96.7,0.103414,10.0
2026-09-18 23:49:49.046,buy,96.7,0.163664,15.83
2026-09-18 23:49:53.539,buy,96.7,0.15728,15.21
2026-09-18 23:50:00.035,sell,96.7,0.103411,10.0
2026-09-18 23:50:26.187,sell,96.7,0.916709,88.65
2026-09-18 23:50:27.040,sell,96.7,0.110182,10.65
2026-09-18 23:50:55.411,buy,96.7,1.767597,170.93
2026-09-18 23:51:05.996,sell,96.68,4.219195,407.91
2026-09-18 23:51:25.464,buy,96.68,0.29794,28.8
2026-09-18 23:51:45.203,sell,96.68,0.17015,16.45
2026-09-18 23:51:49.197,buy,96.68,2.307514,223.09
2026-09-18 23:52:33.998,sell,96.64,0.184325,17.81
2026-09-18 23:52:47.609,buy,96.64,0.895756,86.56
2026-09-18 23:52:48.773,sell,96.64,0.694702,67.13
2026-09-18 23:53:06.603,buy,96.62,0.33979,32.83
2026-09-18 23:53:21.912,buy,96.62,0.147321,14.23
2026-09-18 23:53:33.634,buy,96.62,3.48384,336.62
2026-09-18 23:53:53.155,sell,96.62,0.103496,10.0
2026-09-18 23:53:55.784,sell,96.62,0.103496,10.0
2026-09-18 23:53:58.899,sell,96.62,0.29588,28.59
2026-09-18 23:53:59.253,sell,96.62,0.103496,10.0
2026-09-18 23:54:08.773,sell,96.6,0.436696,42.18
2026-09-18 23:54:11.200,buy,96.6,2.864508,276.7
2026-09-18 23:54:21.907,buy,96.6,0.125191,12.09
2026-09-18 23:55:14.131,sell,96.68,0.648655,62.71
2026-09-18 23:55:14.251,sell,96.68,0.103436,10.0
2026-09-18 23:55:28.697,buy,96.68,0.436016,42.15
2026-09-18 23:56:00.382,sell,96.59,3.438158,332.09
2026-09-18 23:56:06.708,sell,96.59,0.103532,10.0
2026-09-18 23:56:17.095,buy,96.59,3.866032,373.41
2026-09-18 23:56:27.576,buy,96.59,1.34845,130.24
2026-09-18 23:56:32.226,buy,96.59,0.103532,10.0
2026-09-18 23:57:30.640,buy,96.53,0.210867,20.36
2026-09-18 23:57:31.279,sell,96.53,0.229902,22.19
2026-09-18 23:57:44.841,buy,96.53,0.10359,10.0
2026-09-18 23:57:57.897,buy,96.53,0.440516,42.53
2026-09-18 23:58:04.651,buy,96.56,0.112726,10.89
2026-09-18 23:58:09.585,buy,96.56,0.571864,55.22
2026-09-18 23:58:11.955,buy,96.56,1.981264,191.32
2026-09-18 23:58:40.523,sell,96.56,0.66311,64.03
2026-09-18 23:58:56.562,sell,96.56,0.103557,10.0
2026-09-18 23:59:00.867,buy,96.59,0.204036,19.71
2026-09-18 23:59:11.485,sell,96.59,1.01473,98.02
2026-09-18 23:59:23.214,buy,96.59,0.278281,26.88
2026-09-18 23:59:34.123,sell,96.59,0.189283,18.28
2026-09-18 23:59:45.137,buy,96.59,0.261027,25.21
2026-09-18 23:59:52.043,buy,96.59,0.103525,10.0
2026-09-19 00:00:05.730,sell,96.64,0.103477,10.0
2026-09-19 00:00:06.664,sell,96.64,0.103477,10.0
2026-09-19 00:00:13.107,buy,96.64,0.103477,10.0
2026-09-19 00:00:19.107,sell,96.64,0.456019,44.07
2026-09-19 00:00:32.067,buy,96.64,0.119317,11.53
2026-09-19 00:00:38.226,sell,96.64,0.103477,10.0
2026-09-19 00:00:47.182,sell,96.64,0.103477,10.0
2026-09-19 00:00:59.971,sell,96.64,0.141656,13.69
2026-09-19 00:01:12.965,sell,96.77,0.260439,25.2
2026-09-19 00:01:32.398,buy,96.77,5.127247,496.18
2026-09-19 00:01:45.744,sell,96.77,0.236557,22.89
2026-09-19 00:02:42.050,sell,96.78,0.182255,17.64
2026-09-19 00:02:44.640,buy,96.78,1.16565,112.81
2026-09-19 00:02:51.391,sell,96.78,1.287742,124.63
2026-09-19 00:03:08.458,sell,96.83,0.579376,56.1
2026-09-19 00:03:23.002,sell,96.83,0.103269,10.0
2026-09-19 00:03:34.371,buy,96.83,0.103269,10.0
2026-09-19 00:03:40.425,sell,96.83,0.235185,22.77
2026-09-19 00:03:41.865,sell,96.83,5.581166,540.45
2026-09-19 00:03:44.917,buy,96.83,0.520479,50.4
2026-09-19 00:04:18.343,sell,96.89,0.111789,10.83
2026-09-19 00:04:22.416,buy,96.89,0.211222,20.46
2026-09-19 00:04:38.187,sell,96.89,0.254134,24.62
2026-09-19 00:05:01.677,sell,96.86,1.844112,178.62
2026-09-19 00:05:15.682,buy,96.86,0.103241,10.0
2026-09-19 00:05:24.899,sell,96.86,0.140163,13.58
2026-09-19 00:05:27.871,sell,96.86,0.281139,27.23
2026-09-19 00:05:32.554,buy,96.86,0.103241,10.0
2026-09-19 00:05:34.239,sell,96.86,0.103241,10.0
2026-09-19 00:05:54.674,buy,96.86,0.366675,35.52
2026-09-19 00:05:59.517,sell,96.86,0.103241,10.0
2026-09-19 00:06:00.999,buy,96.89,3.292388,319.01
2026-09-19 00:06:13.333,sell,96.89,0.155607,15.08
2026-09-19 00:06:29.782,sell,96.89,0.257791,24.98
2026-09-19 00:06:42.541,sell,96.89,0.26591,25.76
2026-09-19 00:06:45.748,buy,96.89,0.148537,14.39
2026-09-19 00:06:48.094,sell,96.89,0.707794,68.58
2026-09-19 00:07:07.127,buy,96.83,2.351127,227.67
2026-09-19 00:07:10.526,buy,96.83,2.140214,207.25
2026-09-19 00:07:15.266,sell,96.83,0.360915,34.95
2026-09-19 00:07:28.253,sell,96.83,1.382836,133.91
2026-09-19 00:07:46.525,sell,96.83,1.266909,122.68
2026-09-19 00:08:11.474,sell,96.74,0.615966,59.59
2026-09-19 00:08:20.435,buy,96.74,0.273485,26.46
2026-09-19 00:08:29.813,buy,96.74,0.96702,93.55
2026-09-19 00:08:56.685,buy,96.74,2.159767,208.93
2026-09-19 00:08:59.832,sell,96.74,0.836667,80.94
2026-09-19 00:09:05.430,buy,96.81,1.154761,111.79
2026-09-19 00:09:11.008,buy,96.81,0.103297,10.0
2026-09-19 00:09:16.332,sell,96.81,0.103297,10.0
2026-09-19 00:09:20.714,sell,96.81,0.103297,10.0
2026-09-19 00:09:39.746,buy,96.81,0.906291,87.74
2026-09-19 00:10:19.000,sell,99.2,100.806452,10000.0
2026-09-19 00:10:32.133,buy,96.78,0.103326,10.0
2026-09-19 00:10:46.819,buy,96.78,2.056514,199.03
2026-09-19 00:10:50.128,sell,96.78,0.114684,11.1
2026-09-19 00:10:51.269,sell,96.78,1.194243,115.58
2026-09-19 00:10:56.675,buy,96.78,0.255822,24.76
2026-09-19 00:11:10.193,buy,96.8,2.093529,202.66
2026-09-19 00:11:10.378,buy,96.8,0.863752,83.61
2026-09-19 00:11:19.856,buy,96.8,0.396505,38.38
2026-09-19 00:11:30.334,sell,96.8,5.53249,535.56
2026-09-19 00:12:01.943,buy,96.89,4.138065,400.95
2026-09-19 00:12:49.179,sell,96.89,0.141496,13.71
2026-09-19 00:12:49.864,sell,96.89,2.727428,264.27
2026-09-19 00:12:57.130,sell,96.89,0.103206,10.0
2026-09-19 00:13:13.148,sell,96.89,1.695522,164.28
2026-09-19 00:13:42.502,buy,96.89,1.156532,112.06
2026-09-19 00:13:45.756,sell,96.89,0.296668,28.74
2026-09-19 00:13:47.509,sell,96.89,0.523431,50.72
2026-09-19 00:14:00.187,buy,96.87,1.007529,97.6
2026-09-19 00:14:12.651,buy,96.87,0.857945,83.11
2026-09-19 00:14:20.216,sell,96.87,14.956115,1448.8
2026-09-19 00:14:21.300,buy,96.87,0.103231,10.0
2026-09-19 00:14:32.833,buy,96.87,0.209379,20.28
2026-09-19 00:14:42.791,buy,96.87,0.103231,10.0
2026-09-19 00:14:56.402,buy,96.87,0.103231,10.0
2026-09-19 00:14:57.509,sell,96.87,0.813095,78.76
2026-09-19 00:15:02.264,sell,96.82,0.121533,11.77
2026-09-19 00:15:23.492,buy,96.82,0.103284,10.0
2026-09-19 00:15:33.911,buy,96.82,0.147093,14.24
2026-09-19 00:15:41.240,buy,96.82,0.307999,29.82
2026-09-19 00:15:44.243,sell,96.82,2.551506,247.04
2026-09-19 00:15:55.648,buy,96.82,0.510472,49.42
2026-09-19 00:16:36.566,sell,96.84,0.927153,89.79
2026-09-19 00:16:47.186,sell,96.84,0.103263,10.0
2026-09-19 00:16:49.908,buy,96.84,3.876097,375.36
2026-09-19 00:17:04.984,buy,96.72,0.268995,26.02
2026-09-19 00:17:21.855,buy,96.72,0.915703,88.57
2026-09-19 00:17:41.245,sell,96.72,0.103388,10.0
2026-09-19 00:17:47.946,sell,96.72,0.696521,67.37
2026-09-19 00:17:49.097,sell,96.72,2.607527,252.21
2026-09-19 00:17:52.062,buy,96.72,0.103388,10.0
2026-09-19 00:17:53.429,buy,96.72,0.943957,91.3
2026-09-19 00:17:53.913,sell,96.72,0.103388,10.0
2026-09-19 00:18:01.982,sell,96.74,0.305647,29.57
2026-09-19 00:18:02.244,buy,96.74,0.103366,10.0
2026-09-19 00:18:03.728,buy,96.74,7.735238,748.34
2026-09-19 00:18:15.484,sell,96.74,0.103366,10.0
2026-09-19 00:18:16.488,sell,96.74,0.103366,10.0
2026-09-19 00:18:29.841,buy,96.74,0.103366,10.0
2026-09-19 00:18:33.836,sell,96.74,1.062004,102.74
2026-09-19 00:18:39.621,buy,96.74,0.103366,10.0
2026-09-19 00:19:06.033,buy,96.79,0.815869,78.97
2026-09-19 00:19:07.206,buy,96.79,0.67984,65.8
2026-09-19 00:19:10.957,buy,96.79,1.836741,177.77
2026-09-19 00:19:15.543,buy,96.79,0.505424,48.92
2026-09-19 00:19:29.323,sell,96.79,0.886532,85.81
2026-09-19 00:19:36.644,sell,96.79,1.398486,135.36
2026-09-19 00:20:25.309,sell,96.63,6.964738,672.99
2026-09-19 00:20:28.281,buy,96.63,0.115018,11.11
2026-09-19 00:20:31.210,buy,96.63,0.103489,10.0
2026-09-19 00:20:49.563,sell,96.63,0.147207,14.22
2026-09-19 00:21:05.574,sell,96.64,0.183909,17.77
2026-09-19 00:21:09.289,buy,96.64,0.103476,10.0
2026-09-19 00:21:12.601,buy,96.64,1.537973,148.63
2026-09-19 00:22:01.316,sell,96.67,2.342686,226.46
2026-09-19 00:22:04.034,sell,96.67,0.10345,10.0
2026-09-19 00:22:34.516,sell,96.67,1.40363,135.68
2026-09-19 00:22:59.872,sell,96.67,1.931377,186.7
2026-09-19 00:23:10.469,buy,96.74,26.423215,2556.19
2026-09-19 00:23:25.932,buy,96.74,0.62777,60.73
2026-09-19 00:23:31.778,sell,96.74,0.483577,46.78
2026-09-19 00:23:48.388,sell,96.74,0.608556,58.87
2026-09-19 00:23:57.832,buy,96.74,0.370397,35.83
2026-09-19 00:24:05.328,sell,96.77,2.653941,256.81
2026-09-19 00:24:10.406,sell,96.77,1.431835,138.55
2026-09-19 00:24:17.943,sell,96.77,0.103342,10.0
2026-09-19 00:24:18.914,buy,96.77,0.103342,10.0
2026-09-19 00:24:32.675,sell,96.77,0.363591,35.18
2026-09-19 00:24:36.612,sell,96.77,0.966741,93.55
2026-09-19 00:24:45.350,buy,96.77,1.64707,159.38
2026-09-19 00:24:55.042,sell,96.77,2.376319,229.95
2026-09-19 00:25:01.150,buy,96.75,0.60079,58.13
2026-09-19 00:25:05.288,sell,96.75,0.803644,77.75
2026-09-19 00:25:37.443,buy,96.75,0.246645,23.86
2026-09-19 00:26:02.734,buy,96.79,0.42353,41.0
2026-09-19 00:26:19.397,sell,96.79,0.110186,10.67
2026-09-19 00:26:42.615,sell,96.79,0.727335,70.4
2026-09-19 00:27:00.095,sell,96.83,0.264286,25.59
2026-09-19 00:27:10.639,sell,96.83,2.999483,290.43
2026-09-19 00:27:19.780,sell,96.83,0.827243,80.1
2026-09-19 00:27:21.581,sell,96.83,0.103448,10.02
2026-09-19 00:27:21.845,sell,96.83,0.103276,10.0
2026-09-19 00:27:36.497,buy,96.83,0.205174,19.87
2026-09-19 00:28:02.584,buy,96.82,0.153529,14.87
2026-09-19 00:28:03.281,sell,96.82,0.569499,55.14
2026-09-19 00:28:05.699,sell,96.82,0.924099,89.48
2026-09-19 00:28:38.323,sell,96.82,2.143915,207.58
2026-09-19 00:28:51.745,buy,96.82,0.105178,10.18
2026-09-19 00:28:52.031,buy,96.82,0.321921,31.17
2026-09-19 00:28:57.830,sell,96.82,0.281463,27.25
2026-09-19 00:29:10.283,sell,96.88,0.103215,10.0
2026-09-19 00:29:15.220,sell,96.88,0.103215,10.0
2026-09-19 00:29:16.163,sell,96.88,0.161296,15.63
2026-09-19 00:29:25.512,sell,96.88,1.042528,101.0
2026-09-19 00:29:36.524,sell,96.88,0.466267,45.17
2026-09-19 00:30:10.712,buy,96.86,0.955761,92.57
2026-09-19 00:30:16.258,buy,96.86,0.549362,53.21
2026-09-19 00:30:33.914,sell,96.86,3.180008,308.01
2026-09-19 00:30:43.353,sell,96.86,2.070606,200.56
2026-09-19 00:30:56.566,sell,96.86,0.103242,10.0
2026-09-19 00:31:12.398,buy,96.92,0.10318,10.0
2026-09-19 00:31:34.531,sell,96.92,1.141767,110.66
2026-09-19 00:31:54.010,buy,96.92,0.10318,10.0
2026-09-19 00:32:07.813,buy,96.91,0.319155,30.93
2026-09-19 00:32:13.134,buy,96.91,0.264467,25.63
2026-09-19 00:32:17.541,sell,96.91,0.103193,10.0
2026-09-19 00:32:27.512,buy,96.91,2.92252,283.21
2026-09-19 00:32:31.131,buy,96.91,1.353144,131.13
2026-09-19 00:32:39.825,sell,96.91,0.203193,19.69
2026-09-19 00:32:44.584,buy,96.91,0.103193,10.0
2026-09-19 00:32:53.218,buy,96.91,0.103193,10.0
2026-09-19 00:33:02.003,sell,96.93,0.893043,86.56
2026-09-19 00:33:11.491,buy,96.93,5.230087,506.95
2026-09-19 00:33:11.563,sell,96.93,0.103167,10.0
2026-09-19 00:33:11.694,buy,96.93,4.479327,434.18
2026-09-19 00:33:40.053,buy,96.93,0.872089,84.53
2026-09-19 00:33:41.895,sell,96.93,10.226564,991.26
2026-09-19 00:33:44.261,sell,96.93,0.173022,16.77
2026-09-19 00:33:45.468,buy,96.93,0.103167,10.0
2026-09-19 00:34:02.142,buy,96.98,0.707974,68.66
2026-09-19 00:34:11.140,sell,96.98,0.103109,10.0
2026-09-19 00:34:14.616,sell,96.98,0.115136,11.17
2026-09-19 00:34:19.771,buy,96.98,0.103109,10.0
2026-09-19 00:34:33.499,sell,96.98,0.103109,10.0
2026-09-19 00:34:46.789,sell,96.98,0.103109,10.0
2026-09-19 00:35:04.812,buy,96.88,0.122868,11.9
2026-09-19 00:35:08.779,sell,96.88,0.517638,50.15
2026-09-19 00:35:14.960,sell,96.88,2.011022,194.82
2026-09-19 00:35:24.475,buy,96.88,0.213165,20.65
2026-09-19 00:35:37.655,sell,96.88,0.184054,17.83
2026-09-19 00:35:44.078,buy,96.88,0.103225,10.0
2026-09-19 00:35:59.028,sell,96.88,1.872397,181.39
2026-09-19 00:36:09.507,buy,96.9,14.992136,1452.73
2026-09-19 00:36:13.442,sell,96.9,0.333136,32.28
2026-09-19 00:36:28.555,sell,96.9,0.1032,10.0
2026-09-19 00:36:29.965,sell,96.9,1.674524,162.26
2026-09-19 00:36:40.691,sell,96.9,3.191036,309.21
2026-09-19 00:36:54.602,sell,96.9,1.645953,159.49
2026-09-19 00:37:03.728,sell,96.94,1.255621,121.73
2026-09-19 00:37:08.555,sell,96.94,0.284368,27.57
2026-09-19 00:37:09.292,buy,96.94,0.103151,10.0
2026-09-19 00:37:14.880,buy,96.94,0.137356,13.32
2026-09-19 00:37:26.435,sell,96.94,0.142308,13.8
2026-09-19 00:37:29.286,sell,96.94,0.189068,18.33
2026-09-19 00:37:30.508,buy,96.94,0.153614,14.89
2026-09-19 00:37:32.868,buy,96.94,0.6219,60.29
2026-09-19 00:38:29.575,sell,96.88,3.094493,299.78
2026-09-19 00:38:38.461,sell,96.88,2.786169,269.91
2026-09-19 00:38:39.571,sell,96.88,1.470258,142.43
2026-09-19 00:38:48.420,buy,96.88,0.448267,43.43
2026-09-19 00:39:22.095,buy,96.9,0.198886,19.27
2026-09-19 00:39:35.404,sell,96.9,0.103197,10.0
2026-09-19 00:39:48.196,buy,96.9,22.897506,2218.81
2026-09-19 00:39:54.494,buy,96.9,0.685829,66.46
2026-09-19 00:39:57.959,sell,96.9,0.103197,10.0
2026-09-19 00:40:09.401,sell,96.9,0.274543,26.6
2026-09-19 00:40:13.623,sell,96.9,0.348214,33.74
2026-09-19 00:40:50.070,buy,96.9,0.103204,10.0
2026-09-19 00:40:58.920,sell,96.9,0.103204,10.0
2026-09-19 00:41:13.994,sell,96.84,0.99935,96.78
2026-09-19 00:41:24.039,sell,96.84,1.921353,186.06
2026-09-19 00:41:36.467,buy,96.84,22.7835,2206.31
2026-09-19 00:41:57.604,buy,96.84,0.300168,29.07
2026-09-19 00:42:09.645,buy,96.88,1.503259,145.64
2026-09-19 00:42:18.959,sell,96.88,0.368367,35.69
2026-09-19 00:42:24.453,buy,96.88,0.103217,10.0
2026-09-19 00:42:25.662,sell,96.88,0.819605,79.41
2026-09-19 00:42:31.772,sell,96.88,0.810339,78.51
2026-09-19 00:42:46.915,sell,96.88,0.103217,10.0
2026-09-19 00:42:56.898,sell,96.88,0.293931,28.48
2026-09-19 00:43:37.813,buy,96.93,2.699921,261.7
2026-09-19 00:43:39.368,buy,96.93,0.128073,12.41
2026-09-19 00:43:45.531,buy,96.93,0.489524,47.45
2026-09-19 00:44:01.992,sell,96.89,3.420774,331.43
2026-09-19 00:44:08.639,buy,96.89,0.20191,19.56
2026-09-19 00:44:14.187,sell,96.89,0.41373,40.08
2026-09-19 00:44:22.520,buy,96.89,0.362169,35.09
2026-09-19 00:44:36.138,sell,96.89,0.282324,27.35
2026-09-19 00:44:39.940,buy,96.89,0.168407,16.32
2026-09-19 00:44:59.978,buy,96.89,0.12901,12.5
2026-09-19 00:45:05.125,buy,96.88,1.371883,132.91
2026-09-19 00:45:12.166,buy,96.88,0.427059,41.37
2026-09-19 00:45:16.060,sell,96.88,0.40139,38.89
2026-09-19 00:45:17.349,buy,96.88,0.103217,10.0
2026-09-19 00:45:22.098,buy,96.88,0.103217,10.0
2026-09-19 00:45:43.492,sell,96.88,2.646324,256.38
2026-09-19 00:45:45.469,buy,96.88,0.103217,10.0
2026-09-19 00:45:54.031,buy,96.88,0.938061,90.88
2026-09-19 00:46:01.180,sell,96.99,0.103106,10.0
2026-09-19 00:46:06.877,sell,96.99,0.343404,33.31
2026-09-19 00:46:28.328,buy,96.99,1.25893,122.1
2026-09-19 00:46:32.504,buy,96.99,0.404274,39.21
2026-09-19 00:46:38.415,sell,96.99,0.588387,57.07
2026-09-19 00:46:42.526,buy,96.99,0.907481,88.01
2026-09-19 00:46:51.105,buy,96.99,0.103106,10.0
2026-09-19 00:47:00.011,buy,97.01,1.219357,118.29
2026-09-19 00:47:00.291,sell,97.01,0.135139,13.11
2026-09-19 00:47:04.428,buy,97.01,0.219635,21.31
2026-09-19 00:47:08.999,sell,97.01,0.574669,55.75
2026-09-19 00:47:46.130,buy,97.01,0.764498,74.16
2026-09-19 00:47:52.783,sell,97.01,0.589283,57.17
2026-09-19 00:48:04.146,sell,97.0,0.135888,13.18
2026-09-19 00:48:24.909,sell,97.0,0.205667,19.95
2026-09-19 00:48:37.022,sell,97.0,1.199086,116.31
2026-09-19 00:48:47.309,buy,97.0,3.193003,309.72
2026-09-19 00:48:52.100,buy,97.0,0.104337,10.12
2026-09-19 00:49:00.543,sell,96.96,0.213998,20.75
2026-09-19 00:49:02.347,buy,96.96,0.300028,29.09
2026-09-19 00:49:05.865,buy,96.96,1.660471,161.01
2026-09-19 00:49:15.223,sell,96.96,2.225984,215.84
2026-09-19 00:49:31.572,sell,96.96,0.169424,16.43
2026-09-19 00:49:35.007,buy,96.96,3.083763,299.01
2026-09-19 00:49:41.644,buy,96.96,0.505022,48.97
2026-09-19 00:49:43.935,buy,96.96,0.994719,96.45
2026-09-19 00:50:07.189,sell,96.93,0.103171,10.0
2026-09-19 00:50:14.486,buy,96.93,0.11951,11.58
2026-09-19 00:50:22.357,sell,96.93,0.300268,29.1
2026-09-19 00:50:22.523,sell,96.93,1.82904,177.28
2026-09-19 00:50:25.508,buy,96.93,0.103171,10.0
2026-09-19 00:50:31.164,buy,96.93,0.556046,53.9
2026-09-19 00:50:44.316,buy,96.93,0.103171,10.0
2026-09-19 00:50:44.892,sell,96.93,0.103171,10.0
2026-09-19 00:51:07.622,buy,96.89,0.103215,10.0
2026-09-19 00:51:27.245,buy,96.89,3.817043,369.82
2026-09-19 00:51:32.602,buy,96.89,0.103215,10.0
2026-09-19 00:51:39.888,buy,96.89,0.209643,20.31
2026-09-19 00:51:39.902,buy,96.89,0.510138,49.42
2026-09-19 00:51:51.417,sell,96.89,0.103215,10.0
2026-09-19 00:51:54.733,buy,96.89,0.267188,25.89
2026-09-19 00:52:25.668,sell,96.89,0.311587,30.19
2026-09-19 00:52:29.279,sell,96.89,2.147348,208.05
2026-09-19 00:52:49.239,sell,96.89,0.286284,27.74
2026-09-19 00:53:05.374,buy,96.86,0.457796,44.34
2026-09-19 00:53:11.954,sell,96.86,0.936306,90.69
2026-09-19 00:53:12.979,buy,96.86,0.592504,57.39
2026-09-19 00:53:20.939,sell,96.86,0.103238,10.0
2026-09-19 00:53:26.786,buy,96.86,0.103238,10.0
2026-09-19 00:53:37.246,buy,96.86,9.902226,959.17
2026-09-19 00:53:38.569,sell,96.86,0.453199,43.9
2026-09-19 00:53:52.857,sell,96.86,0.831234,80.52
2026-09-19 00:54:30.073,buy,96.81,0.734135,71.07
2026-09-19 00:54:38.958,sell,96.81,0.103296,10.0
2026-09-19 00:54:40.377,sell,96.81,0.243855,23.61
2026-09-19 00:54:41.795,sell,96.81,0.103296,10.0
2026-09-19 00:54:43.102,buy,96.81,0.103296,10.0
2026-09-19 00:55:34.992,buy,96.81,0.415345,40.21
2026-09-19 00:55:44.648,buy,96.81,0.124426,12.05
2026-09-19 00:55:48.992,sell,96.81,0.103296,10.0
2026-09-19 00:56:19.772,sell,96.85,0.335749,32.52
2026-09-19 00:56:29.039,sell,96.85,0.14874,14.41
2026-09-19 00:56:29.988,buy,96.85,0.341055,33.03
2026-09-19 00:56:43.490,sell,96.85,0.601748,58.28
2026-09-19 00:56:57.016,buy,96.85,1.264387,122.45
2026-09-19 00:57:21.916,sell,96.86,1.267538,122.77
2026-09-19 00:57:23.200,buy,96.86,0.13155,12.74
2026-09-19 00:57:25.939,buy,96.86,0.254306,24.63
2026-09-19 00:57:43.093,buy,96.86,2.434253,235.78
2026-09-19 00:57:53.917,buy,96.86,0.103241,10.0
2026-09-19 00:57:55.824,sell,96.86,0.808686,78.33
2026-09-19 00:57:57.119,sell,96.86,0.435076,42.14
2026-09-19 00:58:03.964,sell,96.91,1.024467,99.28
2026-09-19 00:58:05.131,buy,96.91,0.364786,35.35
2026-09-19 00:58:12.176,buy,96.91,0.103184,10.0
2026-09-19 00:58:31.705,sell,96.91,0.135283,13.11
2026-09-19 00:58:45.132,sell,96.91,1.453546,140.87
2026-09-19 00:58:56.622,sell,96.91,0.394113,38.19
2026-09-19 00:58:58.330,buy,96.91,1.28666,124.7
2026-09-19 00:58:59.063,buy,96.91,1.282399,124.28
2026-09-19 00:59:06.133,sell,96.86,0.134528,13.03
2026-09-19 00:59:26.123,buy,96.86,0.479089,46.4
2026-09-19 00:59:40.955,buy,96.86,4.314008,417.85
2026-09-19 00:59:57.469,sell,96.86,3.349314,324.41
2026-09-19 01:00:07.205,buy,96.85,3.368804,326.26
2026-09-19 01:00:08.840,buy,96.85,0.637816,61.77
2026-09-19 01:00:12.455,sell,96.85,0.975111,94.44
2026-09-19 01:00:16.814,sell,96.85,0.103254,10.0
2026-09-19 01:00:27.366,buy,96.85,0.778265,75.37
2026-09-19 01:00:32.484,buy,96.85,0.103254,10.0
2026-09-19 01:00:34.247,sell,96.85,0.171901,16.65
2026-09-19 01:00:54.091,sell,96.85,0.243316,23.56
2026-09-19 01:01:09.179,sell,96.83,0.390724,37.83
2026-09-19 01:01:20.008,sell,96.83,0.903581,87.49
2026-09-19 01:01:32.159,sell,96.83,0.267221,25.87
2026-09-19 01:02:15.831,sell,96.83,0.103279,10.0
2026-09-19 01:02:31.726,sell,96.83,3.930674,380.59
2026-09-19 01:02:43.146,buy,96.83,0.562587,54.47
2026-09-19 01:02:45.433,sell,96.83,0.103279,10.0
2026-09-19 01:02:47.060,sell,96.83,0.187933,18.2
2026-09-19 01:03:07.672,sell,96.88,1.578354,152.92
2026-09-19 01:03:12.736,buy,96.88,0.103217,10.0
2026-09-19 01:03:20.781,buy,96.88,0.353989,34.3
2026-09-19 01:03:38.558,buy,96.88,0.322281,31.22
2026-09-19 01:03:39.295,buy,96.88,0.676857,65.58
2026-09-19 01:03:40.889,sell,96.88,0.118488,11.48
2026-09-19 01:03:48.209,buy,96.88,3.416836,331.03
2026-09-19 01:03:58.539,buy,96.88,0.169004,16.37
2026-09-19 01:04:06.317,sell,96.85,0.790688,76.58
2026-09-19 01:04:45.902,buy,96.85,0.412161,39.92
2026-09-19 01:04:48.186,sell,96.85,0.192351,18.63
2026-09-19 01:04:53.693,buy,96.85,0.35248,34.14
2026-09-19 01:04:54.092,buy,96.85,0.585884,56.74
2026-09-19 01:05:21.712,sell,96.82,0.103289,10.0
2026-09-19 01:05:29.176,sell,96.82,0.103289,10.0
2026-09-19 01:05:31.081,buy,96.82,0.103289,10.0
2026-09-19 01:05:46.554,buy,96.82,0.103289,10.0
2026-09-19 01:05:52.755,buy,96.82,0.20681,20.02
2026-09-19 01:06:15.087,buy,96.84,0.199713,19.34
2026-09-19 01:06:18.242,sell,96.84,0.61335,59.4
2026-09-19 01:06:23.536,sell,96.84,0.328064,31.77
2026-09-19 01:06:30.171,sell,96.84,8.489033,822.05
2026-09-19 01:06:45.540,buy,96.84,0.103266,10.0
2026-09-19 01:06:45.749,sell,96.84,0.215143,20.83
2026-09-19 01:06:47.357,sell,96.84,0.103266,10.0
2026-09-19 01:06:54.653,buy,96.84,0.438965,42.51
2026-09-19 01:07:07.265,buy,96.86,0.276306,26.76
2026-09-19 01:07:20.619,buy,96.86,0.395551,38.31
2026-09-19 01:07:32.968,buy,96.86,2.731634,264.58
2026-09-19 01:07:34.593,buy,96.86,0.235694,22.83
2026-09-19 01:07:38.604,buy,96.86,0.197425,19.12
2026-09-19 01:07:40.053,buy,96.86,58.011002,5618.76
2026-09-19 01:07:41.951,sell,96.86,4.335651,419.94
2026-09-19 01:08:02.005,buy,96.75,0.10336,10.0
2026-09-19 01:08:04.039,sell,96.75,0.783796,75.83
2026-09-19 01:08:21.622,sell,96.75,2.281735,220.76
2026-09-19 01:08:27.913,sell,96.75,0.10336,10.0
2026-09-19 01:08:39.222,buy,96.75,1.849834,178.97
2026-09-19 01:08:49.917,buy,96.75,0.315737,30.55
2026-09-19 01:08:55.079,sell,96.75,0.628753,60.83
2026-09-19 01:09:16.626,buy,96.82,0.742,71.84
2026-09-19 01:09:16.922,sell,96.82,0.912143,88.31
2026-09-19 01:09:26.983,sell,96.82,4.037119,390.88
2026-09-19 01:09:44.522,sell,96.82,0.61919,59.95
2026-09-19 01:09:44.707,sell,96.82,0.199542,19.32
2026-09-19 01:10:10.287,sell,96.85,8.927691,864.69
2026-09-19 01:10:47.880,buy,96.85,0.660303,63.95
2026-09-19 01:10:47.886,sell,96.85,0.829374,80.33
2026-09-19 01:10:56.227,sell,96.85,0.679025,65.77
2026-09-19 01:11:01.525,buy,96.86,0.433272,41.97
2026-09-19 01:11:28.195,buy,96.86,0.441988,42.81
2026-09-19 01:11:45.741,buy,96.86,0.364175,35.27
2026-09-19 01:11:50.051,buy,96.86,1.290444,124.99
2026-09-19 01:12:20.459,sell,96.76,1.117931,108.17
2026-09-19 01:12:44.129,buy,96.76,1.852642,179.26
2026-09-19 01:12:49.554,buy,96.76,0.140467,13.59
2026-09-19 01:13:07.858,buy,96.74,0.162363,15.71
2026-09-19 01:13:14.247,sell,96.74,0.103369,10.0
2026-09-19 01:13:15.027,buy,96.74,0.451488,43.68
2026-09-19 01:13:22.023,sell,96.74,34.184429,3307.02
2026-09-19 01:13:26.650,sell,96.74,0.672172,65.03
2026-09-19 01:13:35.084,sell,96.74,0.103369,10.0
2026-09-19 01:13:47.981,buy,96.74,0.647393,62.63
2026-09-19 01:13:55.211,sell,96.74,0.103369,10.0
2026-09-19 01:14:11.336,buy,96.83,0.120228,11.64
2026-09-19 01:14:11.940,buy,96.83,0.348094,33.71
2026-09-19 01:14:15.785,buy,96.83,0.324755,31.45
2026-09-19 01:14:17.629,sell,96.83,4.674594,452.63
2026-09-19 01:14:23.981,sell,96.83,0.33096,32.05
2026-09-19 01:14:41.385,buy,96.83,0.103276,10.0
2026-09-19 01:14:49.429,sell,96.83,0.103276,10.0
2026-09-19 01:14:53.540,buy,96.83,0.123684,11.98
2026-09-19 01:15:00.671,sell,96.77,9.754452,943.99
2026-09-19 01:15:05.960,sell,96.77,0.103333,10.0
2026-09-19 01:15:31.791,sell,96.77,1.245955,120.58
2026-09-19 01:15:38.968,sell,96.77,0.874846,84.66
2026-09-19 01:15:44.077,buy,96.77,0.560223,54.22
2026-09-19 01:15:46.807,buy,96.77,1.219319,118.0
2026-09-19 01:15:52.225,buy,96.77,6.139164,594.12
2026-09-19 01:16:00.559,buy,96.78,0.169706,16.42
2026-09-19 01:16:25.117,buy,96.78,0.103332,10.0
2026-09-19 01:16:37.938,buy,96.78,0.103332,10.0
2026-09-19 01:16:44.157,sell,96.78,0.79146,76.59
2026-09-19 01:17:04.781,sell,96.78,0.277293,26.84
2026-09-19 01:17:06.107,buy,96.78,0.340435,32.95
2026-09-19 01:17:18.949,sell,96.78,0.479426,46.4
2026-09-19 01:17:30.632,buy,96.78,0.636864,61.64
2026-09-19 01:17:39.889,buy,96.78,0.103322,10.0
2026-09-19 01:17:49.189,buy,96.78,4.680412,452.99
2026-09-19 01:18:19.300,sell,96.77,0.678178,65.62
2026-09-19 01:18:19.944,sell,96.77,0.521654,50.48
2026-09-19 01:18:27.764,sell,96.77,0.103343,10.0
2026-09-19 01:18:32.326,buy,96.77,0.315275,30.51
2026-09-19 01:18:52.219,sell,96.77,0.118842,11.5
2026-09-19 01:19:00.380,sell,96.76,2.295409,222.11
2026-09-19 01:19:01.067,buy,96.76,9.571708,926.2
2026-09-19 01:19:02.262,sell,96.76,0.103344,10.0
2026-09-19 01:19:05.573,sell,96.76,0.207242,20.05
2026-09-19 01:19:05.695,sell,96.76,0.140965,13.64
2026-09-19 01:19:23.259,buy,96.76,0.103344,10.0
2026-09-19 01:19:38.098,buy,96.76,0.160356,15.52
2026-09-19 01:19:56.074,sell,96.76,0.103344,10.0
2026-09-19 01:20:02.694,sell,96.67,0.494785,47.83
2026-09-19 01:20:18.561,buy,96.67,1.111239,107.43
2026-09-19 01:20:26.966,sell,96.67,5.386076,520.69
2026-09-19 01:20:29.753,sell,96.67,1.641402,158.68
2026-09-19 01:20:30.760,sell,96.67,0.594836,57.5
2026-09-19 01:20:48.411,sell,96.67,0.611007,59.07
2026-09-19 01:20:53.020,sell,96.67,0.103909,10.05
2026-09-19 01:21:14.459,buy,96.64,0.884847,85.51
2026-09-19 01:21:32.773,sell,96.64,0.163938,15.84
2026-09-19 01:21:42.876,sell,96.64,0.263995,25.51
2026-09-19 01:21:54.085,buy,96.64,1.116683,107.92
2026-09-19 01:22:15.580,buy,96.59,0.378222,36.53
2026-09-19 01:22:16.745,buy,96.59,0.653083,63.08
2026-09-19 01:22:25.294,sell,96.59,10.008132,966.68
2026-09-19 01:22:28.157,buy,96.59,0.441066,42.6
2026-09-19 01:22:53.673,buy,96.59,0.290633,28.07
2026-09-19 01:23:08.988,buy,96.66,0.619307,59.86
2026-09-19 01:23:20.256,buy,96.66,0.318602,30.79
2026-09-19 01:23:44.804,sell,96.66,1.62555,157.12
2026-09-19 01:23:48.650,buy,96.66,0.10346,10.0
2026-09-19 01:23:48.881,sell,96.66,8.110986,783.97
2026-09-19 01:23:51.271,sell,96.66,0.239954,23.19
2026-09-19 01:23:51.546,buy,96.66,0.753878,72.87
2026-09-19 01:23:56.305,sell,96.66,0.240175,23.21
2026-09-19 01:24:09.888,sell,96.66,0.103456,10.0
2026-09-19 01:24:12.115,buy,96.66,1.78882,172.91
2026-09-19 01:24:13.587,sell,96.66,0.260478,25.18
2026-09-19 01:24:26.758,sell,96.66,0.103456,10.0
2026-09-19 01:24:34.049,sell,96.66,0.103456,10.0
2026-09-19 01:24:34.885,buy,96.66,0.103456,10.0
2026-09-19 01:24:39.809,buy,96.66,0.498936,48.23
2026-09-19 01:25:47.164,buy,96.76,0.103353,10.0
2026-09-19 01:25:48.705,sell,96.76,0.460425,44.55
2026-09-19 01:25:52.435,buy,96.76,0.370507,35.85
2026-09-19 01:26:00.148,buy,96.86,0.119163,11.54
2026-09-19 01:26:30.041,sell,96.86,1.859515,180.11
2026-09-19 01:26:35.007,sell,96.86,0.123795,11.99
2026-09-19 01:26:37.851,sell,96.86,0.131527,12.74
2026-09-19 01:26:46.440,sell,96.86,9.571475,927.07
2026-09-19 01:27:24.084,sell,96.9,0.470424,45.58
2026-09-19 01:27:27.149,buy,96.9,0.103201,10.0
2026-09-19 01:27:31.183,buy,96.9,0.244137,23.66
2026-09-19 01:27:31.828,sell,96.9,0.103201,10.0
2026-09-19 01:27:48.264,sell,96.9,0.20071,19.45
2026-09-19 01:27:53.725,sell,96.9,0.103201,10.0
2026-09-19 01:27:53.918,buy,96.9,0.621431,60.22
2026-09-19 01:27:53.982,sell,96.9,3.671659,355.78
2026-09-19 01:28:07.233,sell,96.88,0.103225,10.0
2026-09-19 01:28:09.598,sell,96.88,0.219147,21.23
2026-09-19 01:28:11.500,buy,96.88,0.221456,21.45
2026-09-19 01:28:44.095,buy,96.88,6.478014,627.56
2026-09-19 01:28:54.485,buy,96.88,0.424834,41.16
2026-09-19 01:28:54.800,sell,96.88,0.103225,10.0
2026-09-19 01:29:35.192,sell,96.85,5.019815,486.16
2026-09-19 01:29:38.835,buy,96.85,0.916686,88.78
2026-09-19 01:29:41.084,sell,96.85,0.688467,66.68
2026-09-19 01:29:48.492,sell,96.85,0.201321,19.5
2026-09-19 01:29:52.112,sell,96.85,0.103254,10.0
2026-09-19 01:29:54.507,buy,96.85,0.315973,30.6
2026-09-19 01:30:03.399,sell,96.87,5.317046,515.07
2026-09-19 01:30:05.701,sell,96.87,0.103229,10.0
2026-09-19 01:30:08.014,sell,96.87,0.272838,26.43
2026-09-19 01:30:12.825,buy,96.87,0.247371,23.96
2026-09-19 01:30:28.048,sell,96.87,0.151126,14.64
2026-09-19 01:30:36.992,buy,96.87,1.995671,193.32
2026-09-19 01:30:45.450,buy,96.87,0.291864,28.27
2026-09-19 01:30:50.476,buy,96.87,3.066301,297.04
2026-09-19 01:31:16.544,sell,96.88,0.241144,23.36
2026-09-19 01:31:23.021,buy,96.88,3.253821,315.22
2026-09-19 01:31:32.903,sell,96.88,0.504465,48.87
2026-09-19 01:31:33.809,sell,96.88,1.005259,97.39
2026-09-19 01:31:34.366,sell,96.88,14.416899,1396.68
2026-09-19 01:31:39.189,buy,96.88,0.944891,91.54
2026-09-19 01:31:40.894,sell,96.88,0.252388,24.45
2026-09-19 01:31:50.539,sell,96.88,0.103222,10.0
2026-09-19 01:32:00.090,sell,96.92,0.430678,41.74
2026-09-19 01:32:38.070,sell,96.92,0.324725,31.47
2026-09-19 01:32:54.726,sell,96.92,0.103177,10.0
2026-09-19 01:33:10.837,buy,97.01,5.317281,515.81
2026-09-19 01:33:12.588,buy,97.01,0.107054,10.38
2026-09-19 01:33:15.719,buy,97.01,0.114468,11.1
2026-09-19 01:34:12.369,sell,96.97,2.093023,202.96
2026-09-19 01:34:14.670,buy,96.97,0.760941,73.79
2026-09-19 01:34:26.310,buy,96.97,2.869393,278.24
2026-09-19 01:34:36.386,sell,96.97,0.885684,85.88
2026-09-19 01:35:06.020,buy,97.04,0.803726,77.99
2026-09-19 01:35:08.206,buy,97.04,0.103053,10.0
2026-09-19 01:35:12.908,sell,97.04,0.103053,10.0
2026-09-19 01:35:18.285,buy,97.04,0.44938,43.61
2026-09-19 01:35:23.510,sell,97.04,0.293286,28.46
2026-09-19 01:35:28.599,sell,97.04,0.103053,10.0
2026-09-19 01:35:38.846,buy,97.04,0.103053,10.0
2026-09-19 01:35:53.796,buy,97.04,0.754066,73.17
2026-09-19 01:36:11.321,buy,97.05,0.33994,32.99
2026-09-19 01:36:56.456,sell,97.05,1.023994,99.37
2026-09-19 01:36:59.707,buy,97.05,0.841241,81.64
2026-09-19 01:37:09.577,buy,97.1,5.019175,487.34
2026-09-19 01:37:20.272,sell,97.1,0.346881,33.68
2026-09-19 01:37:21.833,buy,97.1,0.150176,14.58
2026-09-19 01:37:24.294,sell,97.1,0.102991,10.0
2026-09-19 01:37:42.788,sell,97.1,0.102991,10.0
2026-09-19 01:38:02.600,buy,97.21,0.30603,29.75
2026-09-19 01:38:04.843,sell,97.21,0.465351,45.24
2026-09-19 01:38:18.572,sell,97.21,0.102873,10.0
2026-09-19 01:38:22.060,buy,97.21,0.102873,10.0
2026-09-19 01:38:23.824,buy,97.21,0.102873,10.0
2026-09-19 01:38:27.099,buy,97.21,2.458403,238.97
2026-09-19 01:38:30.138,buy,97.21,0.275876,26.82
2026-09-19 01:38:58.368,buy,97.21,0.325228,31.61
2026-09-19 01:39:18.512,buy,97.19,0.373561,36.31
2026-09-19 01:39:29.351,sell,97.19,0.102886,10.0
2026-09-19 01:39:51.830,buy,97.19,0.160229,15.57
2026-09-19 01:40:13.367,buy,97.18,0.318154,30.92
2026-09-19 01:40:14.289,sell,97.18,0.138471,13.46
2026-09-19 01:40:20.601,buy,97.18,5.468241,531.43
2026-09-19 01:40:46.783,buy,97.18,0.28313,27.52
2026-09-19 01:41:18.946,buy,97.26,0.127287,12.38
2026-09-19 01:41:24.415,buy,97.26,0.102817,10.0
2026-09-19 01:41:47.480,buy,97.26,0.102817,10.0
2026-09-19 01:41:57.031,buy,97.26,0.577215,56.14
2026-09-19 01:41:57.551,buy,97.26,0.102817,10.0
2026-09-19 01:41:57.902,sell,97.26,0.330796,32.17
2026-09-19 01:42:03.374,sell,97.28,1.662793,161.75
2026-09-19 01:42:07.620,sell,97.28,0.383208,37.28
2026-09-19 01:42:14.429,buy,97.28,2.38918,232.41
2026-09-19 01:42:17.120,buy,97.28,0.621507,60.46
2026-09-19 01:42:19.578,sell,97.28,0.15784,15.35
2026-09-19 01:42:23.753,sell,97.28,0.102799,10.0
2026-09-19 01:42:34.711,sell,97.28,2.466863,239.97
2026-09-19 01:42:56.390,buy,97.28,0.424872,41.33
2026-09-19 01:43:01.635,buy,97.26,0.134466,13.08
2026-09-19 01:43:02.414,sell,97.26,0.201727,19.62
2026-09-19 01:43:05.420,sell,97.26,0.126972,12.35
2026-09-19 01:43:07.582,sell,97.26,0.29197,28.4
2026-09-19 01:43:20.285,sell,97.26,0.964277,93.79
2026-09-19 01:43:22.846,sell,97.26,1.120519,108.99
2026-09-19 01:43:41.691,buy,97.26,0.102814,10.0
2026-09-19 01:43:43.419,sell,97.26,0.102814,10.0
2026-09-19 01:44:21.907,sell,97.16,0.350488,34.05
2026-09-19 01:44:32.231,sell,97.16,0.392009,38.09
2026-09-19 01:44:48.279,sell,97.16,0.171162,16.63
2026-09-19 01:44:56.285,sell,97.16,0.268216,26.06
2026-09-19 01:45:04.652,sell,97.15,0.244983,23.8
2026-09-19 01:45:10.160,sell,97.15,0.102933,10.0
2026-09-19 01:45:13.107,sell,97.15,1.844149,179.16
2026-09-19 01:45:17.058,sell,97.15,0.84049,81.65
2026-09-19 01:45:22.252,sell,97.15,0.879389,85.43
2026-09-19 01:45:24.111,sell,97.15,0.604349,58.71
2026-09-19 01:45:42.719,sell,97.15,0.886286,86.1
2026-09-19 01:45:56.209,sell,97.15,0.102933,10.0
2026-09-19 01:46:02.376,sell,97.2,0.326632,31.75
2026-09-19 01:46:17.963,sell,97.2,2.242417,217.96
2026-09-19 01:46:21.596,buy,97.2,2.015793,195.94
2026-09-19 01:46:49.590,buy,97.2,0.120328,11.7
2026-09-19 01:47:02.978,sell,97.22,1.388025,134.94
2026-09-19 01:47:04.096,buy,97.22,0.257889,25.07
2026-09-19 01:47:12.713,buy,97.22,1.862319,181.05
2026-09-19 01:48:04.402,buy,97.26,0.189664,18.45
2026-09-19 01:48:06.490,buy,97.26,0.235932,22.95
2026-09-19 01:48:13.689,sell,97.26,2.781377,270.5
2026-09-19 01:48:27.946,buy,97.26,0.102822,10.0
2026-09-19 01:48:36.108,buy,97.26,0.102822,10.0
2026-09-19 01:48:40.377,sell,97.26,0.102822,10.0
2026-09-19 01:48:49.884,buy,97.26,0.232826,22.64
2026-09-19 01:48:50.242,buy,97.26,1.236932,120.3
2026-09-19 01:49:06.211,sell,97.33,0.201265,19.59
2026-09-19 01:49:16.161,sell,97.33,0.669395,65.15
2026-09-19 01:49:20.853,buy,97.33,0.179095,17.43
2026-09-19 01:49:31.108,sell,97.33,0.546009,53.14
2026-09-19 01:49:46.459,sell,97.33,0.266168,25.91
2026-09-19 01:50:01.013,buy,97.37,0.102701,10.0
2026-09-19 01:50:09.079,buy,97.37,0.102701,10.0
2026-09-19 01:50:14.343,buy,97.37,2.35179,228.99
2026-09-19 01:50:17.769,sell,97.37,0.380918,37.09
2026-09-19 01:50:25.404,buy,97.37,0.102701,10.0
2026-09-19 01:50:33.064,buy,97.37,0.362194,35.27
2026-09-19 01:50:40.714,buy,97.37,1.336371,130.12
2026-09-19 01:50:48.033,buy,97.37,0.613796,59.77
2026-09-19 01:51:03.304,buy,97.47,0.208213,20.29
2026-09-19 01:51:15.192,buy,97.47,0.229064,22.33
2026-09-19 01:51:26.354,sell,97.47,0.259165,25.26
2026-09-19 01:51:47.319,buy,97.47,0.275453,26.85
2026-09-19 01:51:56.459,sell,97.47,0.513632,50.06
2026-09-19 01:52:01.820,buy,97.45,0.273511,26.65
2026-09-19 01:52:07.246,sell,97.45,2.810412,273.88
2026-09-19 01:52:26.108,buy,97.45,1.46238,142.51
2026-09-19 01:52:29.144,buy,97.45,1.213487,118.26
2026-09-19 01:52:45.702,buy,97.45,0.302016,29.43
2026-09-19 01:52:49.375,buy,97.45,0.129545,12.62
2026-09-19 01:52:53.095,sell,97.45,0.68502,66.76
2026-09-19 01:52:54.806,buy,97.45,0.497195,48.45
2026-09-19 01:53:19.341,sell,97.38,1.425593,138.82
2026-09-19 01:53:19.786,buy,97.38,1.045957,101.85
2026-09-19 01:53:35.195,buy,97.38,0.689318,67.12
2026-09-19 01:54:07.670,buy,97.41,0.172588,16.81
2026-09-19 01:54:08.533,buy,97.41,3.647108,355.27
2026-09-19 01:54:40.040,sell,97.41,0.278666,27.14
2026-09-19 01:54:46.138,sell,97.41,0.102658,10.0
2026-09-19 01:55:27.234,buy,97.31,0.102765,10.0
2026-09-19 01:55:35.789,buy,97.31,0.81158,78.97
2026-09-19 01:55:42.373,sell,97.31,0.102765,10.0
2026-09-19 01:55:43.888,buy,97.31,0.503646,49.01
2026-09-19 01:55:48.090,buy,97.31,0.857264,83.42
2026-09-19 01:55:48.845,sell,97.31,1.399734,136.21
2026-09-19 01:56:00.822,buy,97.34,0.15982,15.56
2026-09-19 01:56:02.217,buy,97.34,0.102731,10.0
2026-09-19 01:56:08.625,sell,97.34,1.672867,162.84
2026-09-19 01:56:11.872,sell,97.34,0.138369,13.47
2026-09-19 01:56:16.164,sell,97.34,0.102731,10.0
2026-09-19 01:56:34.288,buy,97.34,5.998898,583.94
2026-09-19 01:56:50.899,sell,97.34,1.982218,192.95
2026-09-19 01:56:55.945,buy,97.34,15.892166,1546.97
2026-09-19 01:57:01.059,sell,97.26,0.4,38.9
2026-09-19 01:57:03.258,buy,97.26,0.102818,10.0
2026-09-19 01:57:19.216,sell,97.26,0.318951,31.02
2026-09-19 01:57:22.973,sell,97.26,0.206685,20.1
2026-09-19 01:57:36.770,buy,97.26,0.23157,22.52
2026-09-19 01:57:46.568,buy,97.26,0.28554,27.77
2026-09-19 01:58:02.036,buy,97.36,0.803737,78.25
2026-09-19 01:58:03.337,buy,97.36,3.952915,384.85
2026-09-19 01:58:14.627,sell,97.36,0.273461,26.62
2026-09-19 01:58:37.698,buy,97.36,0.126445,12.31
2026-09-19 01:58:44.129,buy,97.36,0.335268,32.64
2026-09-19 01:59:18.194,buy,97.35,0.696863,67.84
2026-09-19 01:59:30.657,sell,97.35,0.102722,10.0
2026-09-19 01:59:49.067,sell,97.35,0.243043,23.66
2026-09-19 01:59:50.847,sell,97.35,0.120282,11.71
2026-09-19 02:00:08.036,sell,97.28,0.143537,13.96
2026-09-19 02:00:09.608,buy,97.28,0.102794,10.0
2026-09-19 02:00:28.968,sell,97.28,0.552354,53.73
2026-09-19 02:00:32.383,sell,97.28,0.389599,37.9
2026-09-19 02:00:43.042,buy,97.28,0.102794,10.0
2026-09-19 02:00:49.677,sell,97.28,0.539549,52.49
2026-09-19 02:00:53.861,sell,97.28,1.053486,102.49
2026-09-19 02:00:57.908,buy,97.28,0.131993,12.84
2026-09-19 02:01:12.013,sell,97.31,0.28048,27.29
2026-09-19 02:01:16.120,buy,97.31,3.06367,298.12
2026-09-19 02:01:21.906,buy,97.31,0.268312,26.11
2026-09-19 02:01:27.409,sell,97.31,0.564435,54.92
2026-09-19 02:01:46.746,buy,97.31,0.33737,32.83
2026-09-19 02:02:15.695,buy,97.33,0.102743,10.0
2026-09-19 02:02:22.191,sell,97.33,0.102743,10.0
2026-09-19 02:02:23.364,buy,97.33,8.534196,830.63
2026-09-19 02:02:54.193,buy,97.33,0.102743,10.0
2026-09-19 02:03:02.838,buy,97.25,0.27302,26.55
2026-09-19 02:03:32.696,sell,97.25,0.252533,24.56
2026-09-19 02:03:37.845,sell,97.25,0.274193,26.67
2026-09-19 02:04:17.038,buy,97.36,1.252027,121.9
2026-09-19 02:04:24.736,buy,97.36,0.102711,10.0
2026-09-19 02:04:40.346,buy,97.36,0.182873,17.8
2026-09-19 02:04:42.987,buy,97.36,0.581793,56.64
2026-09-19 02:04:44.898,sell,97.36,1.188219,115.69
2026-09-19 02:05:01.048,buy,97.25,0.185216,18.01
2026-09-19 02:05:11.355,sell,97.25,0.989233,96.2
2026-09-19 02:05:55.759,buy,97.25,0.102828,10.0
2026-09-19 02:05:58.671,buy,97.25,0.219253,21.32
2026-09-19 02:06:04.185,sell,97.36,0.2537,24.7
2026-09-19 02:06:06.579,sell,97.36,0.325072,31.65
2026-09-19 02:06:15.180,sell,97.36,2.553302,248.59
2026-09-19 02:06:22.099,buy,97.36,1.526075,148.58
2026-09-19 02:06:25.000,buy,99.59,10.041169,1000.0
2026-09-19 02:06:48.545,sell,97.36,3.105092,302.31
2026-09-19 02:07:02.976,sell,97.38,0.314746,30.65
2026-09-19 02:07:14.403,sell,97.38,70.236199,6839.74
2026-09-19 02:07:37.202,buy,97.38,0.102688,10.0
2026-09-19 02:08:00.637,sell,97.43,0.507407,49.44
2026-09-19 02:08:03.355,sell,97.43,0.123588,12.04
2026-09-19 02:08:10.499,sell,97.43,0.102636,10.0
2026-09-19 02:08:22.659,sell,97.43,19.510731,1900.96
2026-09-19 02:08:33.779,sell,97.43,0.102636,10.0
2026-09-19 02:08:36.293,buy,97.43,0.281551,27.43
2026-09-19 02:09:10.199,sell,97.38,0.102691,10.0
2026-09-19 02:09:20.140,sell,97.38,0.102691,10.0
2026-09-19 02:09:24.021,buy,97.38,0.102691,10.0
2026-09-19 02:09:39.457,buy,97.38,0.204779,19.94
2026-09-19 02:09:43.197,sell,97.38,0.102691,10.0
2026-09-19 02:09:43.588,buy,97.38,2.329787,226.87
2026-09-19 02:09:53.789,sell,97.38,0.742395,72.29
2026-09-19 02:10:00.539,sell,97.36,0.108831,10.6
2026-09-19 02:10:03.039,sell,97.36,31.451965,3062.22
2026-09-19 02:10:03.382,sell,97.36,0.614451,59.82
2026-09-19 02:10:14.085,buy,97.36,1.473635,143.48
2026-09-19 02:10:17.755,sell,97.36,2.250514,219.11
2026-09-19 02:10:26.193,buy,97.36,0.10271,10.0
2026-09-19 02:10:37.817,sell,97.36,0.10271,10.0
2026-09-19 02:10:41.865,sell,97.36,0.2207,21.49
2026-09-19 02:11:09.351,buy,97.38,4.810488,468.42
2026-09-19 02:11:36.976,buy,97.38,0.102695,10.0
2026-09-19 02:11:54.499,buy,97.38,0.102695,10.0
2026-09-19 02:12:23.668,sell,97.45,0.102618,10.0
2026-09-19 02:12:30.760,sell,97.45,0.102618,10.0
2026-09-19 02:12:44.586,sell,97.45,0.198984,19.39
2026-09-19 02:12:51.940,buy,97.45,0.245768,23.95
2026-09-19 02:12:56.183,buy,97.45,1.185239,115.5
2026-09-19 02:13:23.064,sell,97.49,0.550595,53.68
2026-09-19 02:13:23.568,sell,97.49,2.235543,217.94
2026-09-19 02:13:23.838,sell,97.49,0.722966,70.48
2026-09-19 02:13:30.263,buy,97.49,0.140352,13.68
2026-09-19 02:13:44.801,sell,97.49,0.307215,29.95
2026-09-19 02:13:53.915,buy,97.49,0.157619,15.37
2026-09-19 02:14:23.512,buy,97.51,1.860423,181.41
2026-09-19 02:14:34.619,buy,97.51,0.984099,95.96
2026-09-19 02:14:53.684,buy,97.51,0.102556,10.0
2026-09-19 02:14:57.058,buy,97.51,0.917285,89.44
2026-09-19 02:14:58.227,buy,97.51,0.102556,10.0
2026-09-19 02:15:06.349,sell,97.49,1.060097,103.35
2026-09-19 02:15:15.914,sell,97.49,1.555496,151.65
2026-09-19 02:15:18.304,sell,97.49,0.905344,88.26
2026-09-19 02:15:30.479,sell,97.49,0.129491,12.62
2026-09-19 02:15:39.790,buy,97.49,0.192928,18.81
2026-09-19 02:16:12.440,buy,97.47,0.263947,25.73
2026-09-19 02:16:16.327,sell,97.47,0.102595,10.0
2026-09-19 02:16:21.336,sell,97.47,0.102595,10.0
2026-09-19 02:16:34.907,sell,97.47,1.217093,118.63
2026-09-19 02:17:11.620,sell,97.36,0.565548,55.06
2026-09-19 02:17:12.204,sell,97.36,7.48926,729.18
2026-09-19 02:17:20.190,buy,97.36,0.232181,22.61
2026-09-19 02:17:25.364,buy,97.36,5.80899,565.58
2026-09-19 02:17:51.312,buy,97.36,1.003142,97.67
2026-09-19 02:18:17.799,buy,97.35,5.199105,506.14
2026-09-19 02:18:19.114,buy,97.35,0.102721,10.0
2026-09-19 02:18:21.068,sell,97.35,2.320976,225.95
2026-09-19 02:18:39.628,sell,97.35,0.391867,38.15
2026-09-19 02:19:06.047,buy,97.41,0.102663,10.0
2026-09-19 02:19:18.723,sell,97.41,0.773582,75.35
2026-09-19 02:19:21.335,sell,97.41,0.102663,10.0
2026-09-19 02:19:40.476,buy,97.41,0.102663,10.0
2026-09-19 02:19:42.018,sell,97.41,0.102663,10.0
2026-09-19 02:19:47.796,sell,97.41,1.881857,183.3
2026-09-19 02:19:55.000,sell,97.41,0.612301,59.64
2026-09-19 02:19:55.744,buy,97.41,0.159617,15.55
2026-09-19 02:20:31.806,sell,97.43,0.102635,10.0
2026-09-19 02:20:34.220,sell,97.43,0.102635,10.0
2026-09-19 02:20:36.676,buy,97.43,0.265453,25.86
2026-09-19 02:20:54.257,sell,97.43,0.102635,10.0
2026-09-19 02:20:54.540,buy,97.43,0.102635,10.0
2026-09-19 02:20:55.587,sell,97.43,0.152313,14.84
2026-09-19 02:20:58.214,sell,97.43,0.559022,54.47
2026-09-19 02:21:02.936,sell,97.5,0.189206,18.45
2026-09-19 02:21:06.827,buy,97.5,2.199457,214.45
2026-09-19 02:21:14.844,sell,97.5,0.764443,74.53
2026-09-19 02:21:22.135,buy,97.5,0.804033,78.39
2026-09-19 02:21:25.395,sell,97.5,0.514752,50.19
2026-09-19 02:22:45.696,sell,97.45,0.373753,36.42
2026-09-19 02:22:55.210,sell,97.45,0.333266,32.48
2026-09-19 02:22:56.648,sell,97.45,12.185085,1187.43
2026-09-19 02:23:08.463,buy,97.36,9.120574,887.94
2026-09-19 02:23:17.911,sell,97.36,0.233374,22.72
2026-09-19 02:23:17.996,sell,97.36,0.102716,10.0
2026-09-19 02:23:25.867,buy,97.36,0.102716,10.0
2026-09-19 02:23:30.317,sell,97.36,0.194603,18.95
2026-09-19 02:23:45.792,buy,97.36,0.102716,10.0
2026-09-19 02:23:47.118,sell,97.36,0.188093,18.31
2026-09-19 02:23:52.959,buy,97.36,0.764096,74.39
2026-09-19 02:24:11.515,buy,97.37,1.009094,98.26
2026-09-19 02:24:33.301,buy,97.37,2.149623,209.31
2026-09-19 02:24:40.966,buy,97.37,0.480286,46.77
2026-09-19 02:24:48.288,sell,97.37,0.509689,49.63
2026-09-19 02:24:48.960,sell,97.37,0.516555,50.3
2026-09-19 02:24:49.888,sell,97.37,1.253832,122.09
2026-09-19 02:24:55.865,sell,97.37,0.288009,28.04
2026-09-19 02:24:59.770,sell,97.37,1.32939,129.45
2026-09-19 02:25:17.145,sell,97.44,0.307161,29.93
2026-09-19 02:25:49.017,sell,97.44,0.77744,75.75
2026-09-19 02:25:57.058,buy,97.44,0.83254,81.12
2026-09-19 02:26:19.329,sell,97.42,0.407181,39.67
2026-09-19 02:26:19.907,sell,97.42,0.10265,10.0
2026-09-19 02:26:21.609,sell,97.42,0.10265,10.0
2026-09-19 02:26:54.022,buy,97.42,1.157591,112.77
2026-09-19 02:26:58.573,sell,97.42,0.362833,35.35
2026-09-19 02:27:03.164,buy,97.4,2.747114,267.57
2026-09-19 02:27:17.753,buy,97.4,0.335786,32.71
2026-09-19 02:27:25.824,buy,97.4,0.102667,10.0
2026-09-19 02:27:27.114,sell,97.4,0.195785,19.07
2026-09-19 02:27:40.779,sell,97.4,0.102667,10.0
2026-09-19 02:28:06.176,sell,97.35,0.102719,10.0
2026-09-19 02:28:50.642,sell,97.35,1.818852,177.07
2026-09-19 02:28:55.760,sell,97.35,0.416698,40.57
2026-09-19 02:29:03.469,sell,97.34,0.575364,56.01
2026-09-19 02:29:04.944,buy,97.34,3.973331,386.78
2026-09-19 02:29:43.013,buy,97.34,1.355689,131.97
2026-09-19 02:29:53.104,buy,97.34,0.13127,12.78
2026-09-19 02:29:58.085,sell,97.34,0.54155,52.72
2026-09-19 02:30:14.064,buy,97.31,0.407931,39.7
2026-09-19 02:30:36.339,buy,97.31,0.628156,61.13
2026-09-19 02:30:55.109,sell,97.31,1.277098,124.28
2026-09-19 02:30:55.195,sell,97.31,0.374134,36.41
2026-09-19 02:31:04.870,buy,97.31,4.551599,442.91
2026-09-19 02:31:08.605,sell,97.31,0.629595,61.26
2026-09-19 02:31:10.286,buy,97.31,0.102767,10.0
2026-09-19 02:31:27.602,sell,97.31,0.105002,10.22
2026-09-19 02:31:28.849,sell,97.31,3.594237,349.75
2026-09-19 02:31:36.297,buy,97.31,0.151497,14.74
2026-09-19 02:31:42.408,buy,97.31,0.102767,10.0
2026-09-19 02:31:46.406,buy,97.31,0.102767,10.0
2026-09-19 02:32:05.668,sell,97.34,0.102734,10.0
2026-09-19 02:32:34.766,sell,97.34,0.220913,21.5
2026-09-19 02:32:37.329,buy,97.34,0.20605,20.06
2026-09-19 02:32:41.588,sell,97.34,6.419759,624.89
2026-09-19 02:33:02.933,sell,97.35,1.68894,164.43
2026-09-19 02:33:03.071,sell,97.35,0.102717,10.0
2026-09-19 02:33:03.557,buy,97.35,0.102717,10.0
2026-09-19 02:33:30.007,buy,97.35,0.301603,29.36
2026-09-19 02:33:34.444,buy,97.35,0.698339,67.99
2026-09-19 02:33:39.416,buy,97.35,2.138312,208.17
2026-09-19 02:33:42.225,buy,97.35,0.252551,24.59
2026-09-19 02:33:47.600,sell,97.35,0.20028,19.5
2026-09-19 02:34:06.065,buy,97.3,0.102779,10.0
2026-09-19 02:34:09.182,buy,97.3,4.185639,407.25
2026-09-19 02:34:12.419,sell,97.3,0.102779,10.0
2026-09-19 02:34:20.930,buy,97.3,0.531953,51.76
2026-09-19 02:34:30.932,sell,97.3,0.433702,42.2
2026-09-19 02:34:37.823,buy,97.3,0.102779,10.0
2026-09-19 02:34:53.327,buy,97.3,0.395615,38.49
2026-09-19 02:35:15.904,sell,97.37,0.139751,13.61
2026-09-19 02:35:35.462,sell,97.37,0.643783,62.69
2026-09-19 02:35:46.106,buy,97.37,0.510656,49.72
2026-09-19 02:35:46.155,sell,97.37,0.162958,15.87
2026-09-19 02:35:49.495,sell,97.37,0.193229,18.82
2026-09-19 02:36:22.364,sell,97.37,0.953667,92.86
2026-09-19 02:36:25.495,buy,97.37,1.894158,184.44
2026-09-19 02:36:36.940,sell,97.37,1.653371,160.99
2026-09-19 02:36:37.860,buy,97.37,3.433452,334.33
2026-09-19 02:36:41.055,buy,97.37,0.470432,45.81
2026-09-19 02:36:48.471,buy,97.37,0.102698,10.0
2026-09-19 02:36:51.926,sell,97.37,0.236037,22.98
2026-09-19 02:37:01.677,sell,97.39,0.237396,23.12
2026-09-19 02:37:24.978,sell,97.39,0.94038,91.58
2026-09-19 02:37:35.865,buy,97.39,0.102684,10.0
2026-09-19 02:37:47.226,buy,97.39,0.702497,68.41
2026-09-19 02:37:54.450,buy,97.39,0.160397,15.62
2026-09-19 02:38:15.503,sell,97.36,0.375178,36.53
2026-09-19 02:38:32.196,buy,97.36,3.334849,324.69
2026-09-19 02:38:57.569,sell,97.36,0.105369,10.26
2026-09-19 02:39:17.217,buy,97.44,171.536634,16713.79
2026-09-19 02:39:24.694,buy,97.44,4.658732,453.93
2026-09-19 02:39:55.159,sell,97.44,0.57417,55.94
2026-09-19 02:40:04.742,buy,97.39,1.851883,180.36
2026-09-19 02:40:14.638,sell,97.39,1.218811,118.7
2026-09-19 02:40:20.049,sell,97.39,1.871269,182.25
2026-09-19 02:40:32.021,buy,97.39,0.547021,53.28
2026-09-19 02:40:49.751,sell,97.39,0.102677,10.0
2026-09-19 02:40:56.317,buy,97.39,8.682253,845.59
2026-09-19 02:41:02.584,buy,97.42,0.618434,60.25
2026-09-19 02:41:14.065,sell,97.42,0.237422,23.13
2026-09-19 02:41:21.760,buy,97.42,0.102649,10.0
2026-09-19 02:41:26.871,buy,97.42,2.099511,204.53
2026-09-19 02:42:03.151,buy,97.47,0.102598,10.0
2026-09-19 02:42:09.000,buy,99.43,100.573268,10000.0
2026-09-19 02:42:12.547,sell,97.47,6.279481,612.05
2026-09-19 02:42:49.349,buy,97.47,0.436805,42.57
2026-09-19 02:42:50.412,sell,97.47,1.325689,129.21
2026-09-19 02:42:57.057,buy,97.47,1.245627,121.41
2026-09-19 02:43:04.138,sell,97.41,0.102664,10.0
2026-09-19 02:43:06.372,sell,97.41,0.173342,16.88
2026-09-19 02:43:14.728,sell,97.41,0.353876,34.47
2026-09-19 02:43:18.577,sell,97.41,1.151992,112.21
2026-09-19 02:43:20.713,sell,97.41,5.0968,496.46
2026-09-19 02:43:35.078,buy,97.41,0.102664,10.0
2026-09-19 02:43:46.042,sell,97.41,2.878594,280.39
2026-09-19 02:44:01.616,buy,97.46,0.168148,16.39
2026-09-19 02:44:08.876,sell,97.46,0.969945,94.53
2026-09-19 02:44:20.771,sell,97.46,0.102605,10.0
2026-09-19 02:45:09.586,buy,97.56,0.700418,68.33
2026-09-19 02:45:10.129,buy,97.56,0.102502,10.0
2026-09-19 02:45:13.623,buy,97.56,2.669045,260.39
2026-09-19 02:45:17.137,sell,97.56,3.425206,334.16
2026-09-19 02:45:26.691,buy,97.56,0.208802,20.37
2026-09-19 02:45:32.680,sell,97.56,0.176703,17.24
2026-09-19 02:46:05.613,buy,97.48,0.249844,24.36
2026-09-19 02:46:14.348,buy,97.48,2.593397,252.82
2026-09-19 02:46:20.164,buy,97.48,0.10258,10.0
2026-09-19 02:46:20.559,sell,97.48,0.253459,24.71
2026-09-19 02:46:23.458,sell,97.48,13.146984,1281.63
2026-09-19 02:46:52.958,buy,97.48,0.10258,10.0
2026-09-19 02:46:54.790,buy,97.48,0.589918,57.51
2026-09-19 02:46:56.905,buy,97.48,0.179565,17.5
2026-09-19 02:47:02.858,buy,97.46,0.214724,20.93
2026-09-19 02:47:08.119,sell,97.46,0.102607,10.0
2026-09-19 02:47:41.468,buy,97.46,0.60074,58.55
2026-09-19 02:47:46.981,sell,97.46,0.750706,73.16
2026-09-19 02:48:13.913,sell,97.46,0.102611,10.0
2026-09-19 02:48:23.768,buy,97.46,0.341848,33.31
2026-09-19 02:48:29.733,buy,97.46,1.126971,109.83
2026-09-19 02:48:41.211,sell,97.46,0.153521,14.96
2026-09-19 02:48:57.230,buy,97.46,0.342288,33.36
2026-09-19 02:49:04.277,sell,97.54,4.678095,456.3
2026-09-19 02:49:11.100,sell,97.54,0.107326,10.47
2026-09-19 02:49:25.940,buy,97.54,0.325285,31.73
2026-09-19 02:49:29.743,buy,97.54,0.495433,48.32
2026-09-19 02:49:36.367,buy,97.54,1.162471,113.39
2026-09-19 02:49:42.310,sell,97.54,4.178673,407.58
2026-09-19 02:49:42.412,sell,97.54,0.102523,10.0
2026-09-19 02:49:59.319,buy,97.54,0.765969,74.71
2026-09-19 02:50:11.724,sell,97.48,0.129124,12.59
2026-09-19 02:50:15.393,buy,97.48,1.004806,97.95
2026-09-19 02:50:15.701,sell,97.48,0.806592,78.63
2026-09-19 02:50:19.435,buy,97.48,1.306024,127.32
2026-09-19 02:50:19.858,buy,97.48,0.102582,10.0
2026-09-19 02:50:27.512,buy,97.48,0.494176,48.17
2026-09-19 02:50:47.372,sell,97.48,0.322483,31.44
2026-09-19 02:50:59.680,buy,97.48,0.350115,34.13
2026-09-19 02:51:08.644,sell,97.48,3.479849,339.23
2026-09-19 02:51:20.687,sell,97.48,1.386451,135.16
2026-09-19 02:51:27.582,sell,97.48,0.123179,12.01
2026-09-19 02:51:46.699,sell,97.48,3.182065,310.2
2026-09-19 02:51:51.671,buy,97.48,0.850697,82.93
2026-09-19 02:52:04.978,buy,97.43,0.163085,15.89
2026-09-19 02:52:06.172,sell,97.43,0.102642,10.0
2026-09-19 02:52:09.387,sell,97.43,0.102642,10.0
2026-09-19 02:52:13.433,sell,97.43,0.403421,39.3
2026-09-19 02:52:21.603,buy,97.43,3.341883,325.58
2026-09-19 02:52:24.329,buy,97.43,0.376382,36.67
2026-09-19 02:52:30.025,buy,97.43,0.102642,10.0
2026-09-19 02:52:30.579,sell,97.43,0.335936,32.73
2026-09-19 02:53:04.491,sell,97.41,0.102659,10.0
2026-09-19 02:53:08.460,buy,97.41,0.558843,54.44
2026-09-19 02:53:32.453,buy,97.41,0.766052,74.62
2026-09-19 02:53:37.046,buy,97.41,0.102659,10.0
2026-09-19 02:53:43.629,buy,97.41,0.156838,15.28
2026-09-19 02:53:59.290,sell,97.41,0.102659,10.0
2026-09-19 02:53:59.588,buy,97.41,0.102659,10.0
2026-09-19 02:54:02.954,buy,97.32,0.102759,10.0
2026-09-19 02:54:07.391,buy,97.32,0.169151,16.46
2026-09-19 02:54:25.415,buy,97.32,2.125627,206.86
2026-09-19 02:54:52.736,sell,97.32,0.102759,10.0
2026-09-19 02:55:02.873,buy,97.33,0.223159,21.72
2026-09-19 02:55:06.226,sell,97.33,0.102738,10.0
2026-09-19 02:55:09.073,buy,97.33,0.102738,10.0
2026-09-19 02:56:36.360,buy,97.33,7.184173,699.24
2026-09-19 02:56:46.758,buy,97.33,0.169546,16.5
2026-09-19 02:56:54.901,buy,97.33,0.682089,66.39
2026-09-19 02:56:58.681,buy,97.33,0.213675,20.8
2026-09-19 02:57:20.319,buy,97.31,1.301456,126.65
2026-09-19 02:57:29.672,buy,97.31,0.102764,10.0
2026-09-19 02:57:30.669,sell,97.31,0.219671,21.38
2026-09-19 02:58:13.304,buy,97.29,0.130738,12.72
2026-09-19 02:58:19.491,sell,97.29,0.570822,55.54
2026-09-19 02:58:23.928,buy,97.29,0.131263,12.77
2026-09-19 02:58:31.288,sell,97.29,4.17041,405.75
2026-09-19 02:58:32.972,buy,97.29,0.233752,22.74
2026-09-19 02:58:38.653,sell,97.29,0.283036,27.54
2026-09-19 02:58:41.831,sell,97.29,0.692058,67.33
2026-09-19 02:59:02.246,sell,97.37,0.138371,13.47
2026-09-19 02:59:02.344,sell,97.37,2.807181,273.34
2026-09-19 02:59:50.367,buy,97.37,0.111278,10.84
2026-09-19 02:59:54.915,buy,97.37,0.39451,38.41
2026-09-19 02:59:55.721,sell,97.37,1.054235,102.65
2026-09-19 02:59:59.343,sell,97.37,0.147417,14.35
2026-09-19 03:00:16.990,sell,97.27,0.102805,10.0
2026-09-19 03:00:59.093,sell,97.27,1.404753,136.64
2026-09-19 03:00:59.472,sell,97.27,0.185814,18.07
2026-09-19 03:01:12.023,buy,97.25,0.246483,23.97
2026-09-19 03:01:24.708,buy,97.25,0.102825,10.0
2026-09-19 03:01:43.295,sell,97.25,0.45415,44.17
2026-09-19 03:02:03.726,sell,97.29,0.841893,81.91
2026-09-19 03:02:07.423,sell,97.29,0.102789,10.0
2026-09-19 03:02:18.140,sell,97.29,0.102789,10.0
2026-09-19 03:02:20.579,buy,97.29,0.102789,10.0
2026-09-19 03:02:22.453,sell,97.29,0.102789,10.0
2026-09-19 03:02:24.684,sell,97.29,0.102789,10.0
2026-09-19 03:02:24.917,buy,97.29,0.198151,19.28
2026-09-19 03:02:40.269,sell,97.29,9.300514,904.82
2026-09-19 03:03:37.789,buy,97.38,1.184397,115.34
2026-09-19 03:03:38.089,sell,97.38,0.173689,16.91
2026-09-19 03:03:38.903,buy,97.38,0.495194,48.22
2026-09-19 03:03:44.781,sell,97.38,0.10269,10.0
2026-09-19 03:03:45.108,buy,97.38,0.10269,10.0
2026-09-19 03:04:18.427,buy,97.4,0.129173,12.58
2026-09-19 03:04:34.217,buy,97.4,0.102673,10.0
2026-09-19 03:04:46.939,sell,97.4,0.734131,71.5
2026-09-19 03:05:00.600,sell,97.39,0.314381,30.62
2026-09-19 03:05:11.989,sell,97.39,1.349827,131.46
2026-09-19 03:05:14.124,sell,97.39,3.339659,325.25
2026-09-19 03:05:18.704,buy,97.39,0.131442,12.8
2026-09-19 03:05:36.012,sell,97.39,0.102678,10.0
2026-09-19 03:05:37.264,sell,97.39,0.376768,36.69
2026-09-19 03:05:47.208,buy,97.39,0.369543,35.99
2026-09-19 03:05:55.307,buy,97.39,0.56367,54.9
2026-09-19 03:06:07.234,buy,97.32,7.843124,763.27
2026-09-19 03:06:17.306,sell,97.32,0.230829,22.46
2026-09-19 03:06:20.800,sell,97.32,0.330056,32.12
2026-09-19 03:06:23.851,sell,97.32,1.028835,100.12
2026-09-19 03:06:46.821,buy,97.32,7.687582,748.13
2026-09-19 03:07:04.171,sell,97.38,0.36852,35.89
2026-09-19 03:07:26.836,sell,97.38,0.482002,46.94
2026-09-19 03:07:41.963,buy,97.38,0.607982,59.21
2026-09-19 03:07:49.985,sell,97.38,3.418349,332.89
2026-09-19 03:07:58.402,sell,97.38,1.714789,166.99
2026-09-19 03:08:10.916,buy,97.29,0.10278,10.0
2026-09-19 03:08:14.896,sell,97.29,0.26383,25.67
2026-09-19 03:08:17.551,buy,97.29,0.437809,42.6
2026-09-19 03:08:18.481,buy,97.29,0.10278,10.0
2026-09-19 03:08:22.210,buy,97.29,0.10278,10.0
2026-09-19 03:08:25.848,sell,97.29,0.282355,27.47
2026-09-19 03:09:08.023,sell,97.18,0.345486,33.57
2026-09-19 03:09:08.281,buy,97.18,0.399065,38.78
2026-09-19 03:09:11.404,sell,97.18,0.828356,80.5
2026-09-19 03:09:18.719,sell,97.18,0.157519,15.31
2026-09-19 03:09:29.104,buy,97.18,1.948634,189.37
2026-09-19 03:09:29.298,buy,97.18,0.424531,41.26
2026-09-19 03:09:41.814,buy,97.18,0.626035,60.84
2026-09-19 03:10:15.091,buy,97.37,0.12955,12.61
2026-09-19 03:10:20.540,buy,97.37,0.731077,71.19
2026-09-19 03:10:39.845,buy,97.37,5.455458,531.21
2026-09-19 03:10:42.278,sell,97.37,0.731022,71.18
2026-09-19 03:11:11.470,sell,97.4,1.382279,134.64
2026-09-19 03:11:37.540,buy,97.4,0.102667,10.0
2026-09-19 03:11:48.438,buy,97.4,1.805563,175.87
2026-09-19 03:12:00.376,buy,97.47,1.14035,111.15
2026-09-19 03:12:05.743,sell,97.47,1.049956,102.34
2026-09-19 03:12:16.420,buy,97.47,6.963178,678.68
2026-09-19 03:13:09.968,sell,97.46,0.102604,10.0
2026-09-19 03:13:28.707,buy,97.46,0.360604,35.15
2026-09-19 03:13:39.766,buy,97.46,0.542686,52.89
2026-09-19 03:13:44.125,buy,97.46,0.20203,19.69
2026-09-19 03:14:07.737,buy,97.42,0.118669,11.56
2026-09-19 03:14:15.847,buy,97.42,0.102652,10.0
2026-09-19 03:14:18.496,sell,97.42,0.102652,10.0
2026-09-19 03:14:25.567,sell,97.42,0.800809,78.01
2026-09-19 03:14:33.046,buy,97.42,0.102652,10.0
2026-09-19 03:14:42.021,sell,97.42,3.432127,334.35
2026-09-19 03:14:55.043,sell,97.42,0.172467,16.8
2026-09-19 03:14:55.253,sell,97.42,0.102652,10.0
2026-09-19 03:15:16.816,buy,97.4,1.160681,113.06
2026-09-19 03:15:24.155,buy,97.4,4.26369,415.3
2026-09-19 03:15:38.022,sell,97.4,2.231346,217.34
2026-09-19 03:15:43.198,buy,97.4,0.514938,50.16
2026-09-19 03:16:17.377,buy,97.45,0.103049,10.04
2026-09-19 03:16:30.442,sell,97.45,1.854608,180.74
2026-09-19 03:16:40.226,buy,97.45,0.236147,23.01
2026-09-19 03:16:41.682,sell,97.45,0.102612,10.0
2026-09-19 03:16:41.850,buy,97.45,0.211216,20.58
2026-09-19 03:17:04.682,sell,97.44,6.269433,610.89
2026-09-19 03:17:21.800,buy,97.44,3.2483,316.51
2026-09-19 03:17:22.544,sell,97.44,0.264176,25.74
2026-09-19 03:17:23.382,sell,97.44,0.102627,10.0
2026-09-19 03:17:23.579,sell,97.44,0.401494,39.12
2026-09-19 03:17:33.184,buy,97.44,1.135157,110.61
2026-09-19 03:18:22.574,sell,97.51,6.429129,626.91
2026-09-19 03:18:27.448,buy,97.51,0.630514,61.48
2026-09-19 03:18:33.929,sell,97.51,0.111405,10.86
2026-09-19 03:18:38.882,sell,97.51,0.398616,38.87
2026-09-19 03:18:52.358,buy,97.51,0.339477,33.1
2026-09-19 03:19:07.409,buy,97.57,0.597135,58.26
2026-09-19 03:19:14.024,buy,97.57,0.881236,85.98
2026-09-19 03:19:18.935,sell,97.57,8.961815,874.37
2026-09-19 03:19:39.580,buy,97.57,0.694359,67.75
2026-09-19 03:19:40.576,buy,97.57,0.10407,10.15
2026-09-19 03:19:45.954,sell,97.57,0.715369,69.8
2026-09-19 03:19:48.321,sell,97.57,0.630401,61.51
2026-09-19 03:20:10.029,buy,97.52,0.435009,42.42
2026-09-19 03:20:10.403,sell,97.52,0.84953,82.84
2026-09-19 03:20:17.399,sell,97.52,0.181469,17.7
2026-09-19 03:20:39.033,buy,97.52,0.102546,10.0
2026-09-19 03:20:39.990,buy,97.52,0.102546,10.0
2026-09-19 03:20:47.028,buy,97.52,0.102546,10.0
2026-09-19 03:21:05.536,buy,97.62,0.102436,10.0
2026-09-19 03:21:14.024,sell,97.62,2.030172,198.19
2026-09-19 03:21:15.279,sell,97.62,0.524469,51.2
2026-09-19 03:21:15.781,sell,97.62,3.35944,327.95
2026-09-19 03:21:30.234,sell,97.62,1.893722,184.87
2026-09-19 03:21:37.195,buy,97.62,0.623661,60.88
2026-09-19 03:21:41.389,buy,97.62,0.102436,10.0
2026-09-19 03:21:45.085,buy,97.62,0.32427,31.66
2026-09-19 03:22:07.784,sell,97.59,0.252275,24.62
2026-09-19 03:22:19.044,sell,97.59,0.799913,78.07
2026-09-19 03:22:32.102,sell,97.59,0.161821,15.79
2026-09-19 03:22:36.695,sell,97.59,0.170056,16.6
2026-09-19 03:23:10.017,buy,97.63,0.102431,10.0
2026-09-19 03:23:10.679,buy,97.63,1.997836,195.04
2026-09-19 03:23:59.230,buy,97.63,0.422718,41.27
2026-09-19 03:24:02.650,sell,97.58,0.14506,14.16
2026-09-19 03:24:19.946,sell,97.58,0.501853,48.97
2026-09-19 03:24:23.917,buy,97.58,0.102478,10.0
2026-09-19 03:24:31.862,buy,97.58,0.609635,59.49
2026-09-19 03:24:35.832,buy,97.58,0.702028,68.51
2026-09-19 03:24:36.967,buy,97.58,0.939814,91.71
2026-09-19 03:24:42.084,sell,97.58,0.377132,36.8
2026-09-19 03:24:45.523,buy,97.58,1.498873,146.26
2026-09-19 03:25:12.562,buy,97.67,0.175149,17.11
2026-09-19 03:25:21.674,buy,97.67,0.102381,10.0
2026-09-19 03:25:25.957,sell,97.67,0.102381,10.0
2026-09-19 03:25:25.988,sell,97.67,0.102381,10.0
2026-09-19 03:25:31.796,sell,97.67,0.462435,45.17
2026-09-19 03:25:33.495,sell,97.67,0.433601,42.35
2026-09-19 03:25:36.963,buy,97.67,0.153134,14.96
2026-09-19 03:26:34.401,buy,97.62,0.768173,74.99
2026-09-19 03:26:36.173,buy,97.62,0.390896,38.16
2026-09-19 03:26:38.039,buy,97.62,16.154579,1577.05
2026-09-19 03:26:43.526,sell,97.62,0.880047,85.91
2026-09-19 03:27:01.573,sell,97.61,0.445623,43.5
2026-09-19 03:27:06.394,sell,97.61,2.226349,217.32
2026-09-19 03:27:34.588,buy,97.61,0.102448,10.0
2026-09-19 03:27:49.826,buy,97.61,0.102448,10.0
2026-09-19 03:27:53.724,sell,97.61,0.747333,72.95
2026-09-19 03:27:54.014,sell,97.61,2.061291,201.2
2026-09-19 03:27:58.656,sell,97.61,0.585159,57.12
2026-09-19 03:28:00.506,sell,97.6,18.676712,1822.88
2026-09-19 03:28:07.392,sell,97.6,0.500936,48.89
2026-09-19 03:28:17.809,sell,97.6,0.141933,13.85
2026-09-19 03:28:21.022,buy,97.6,0.23847,23.28
2026-09-19 03:28:28.446,buy,97.6,0.520346,50.79
2026-09-19 03:28:51.400,sell,97.6,0.508487,49.63
2026-09-19 03:28:53.841,buy,97.6,0.102457,10.0
2026-09-19 03:29:11.671,sell,97.57,0.102488,10.0
2026-09-19 03:29:34.158,buy,97.57,0.568237,55.44
2026-09-19 03:29:39.822,sell,97.57,0.276083,26.94
2026-09-19 03:29:52.072,sell,97.57,0.192969,18.83
2026-09-19 03:29:53.503,buy,97.57,0.398369,38.87
2026-09-19 03:30:00.467,sell,97.59,0.102471,10.0
2026-09-19 03:30:01.687,sell,97.59,0.896111,87.45
2026-09-19 03:30:18.934,buy,97.59,0.212624,20.75
2026-09-19 03:30:33.088,buy,97.59,0.110701,10.8
2026-09-19 03:30:36.099,buy,97.59,0.831429,81.14
2026-09-19 03:30:39.268,buy,97.59,1.938251,189.15
2026-09-19 03:30:53.687,buy,97.59,0.102471,10.0
2026-09-19 03:31:03.026,sell,97.6,0.204641,19.97
2026-09-19 03:31:14.157,sell,97.6,1.870838,182.6
2026-09-19 03:31:14.305,buy,97.6,1.166133,113.82
2026-09-19 03:32:26.184,sell,97.56,17.630357,1719.93
2026-09-19 03:32:31.073,buy,97.56,0.133365,13.01
2026-09-19 03:32:33.068,buy,97.56,0.114171,11.14
2026-09-19 03:32:48.716,buy,97.56,1.532835,149.54
2026-09-19 03:32:52.008,buy,97.56,0.102506,10.0
2026-09-19 03:33:13.406,buy,97.6,0.80306,78.38
2026-09-19 03:33:24.019,buy,97.6,0.254858,24.87
2026-09-19 03:33:41.299,buy,97.6,2.319863,226.42
2026-09-19 03:33:43.182,buy,97.6,0.102459,10.0
2026-09-19 03:33:48.639,buy,97.6,0.360017,35.14
2026-09-19 03:34:16.867,sell,97.48,0.102581,10.0
2026-09-19 03:34:32.263,buy,97.48,0.102581,10.0
2026-09-19 03:34:56.897,sell,97.48,0.564114,54.99
2026-09-19 03:35:07.256,buy,97.48,0.102588,10.0
2026-09-19 03:35:08.940,sell,97.48,0.102588,10.0
2026-09-19 03:35:13.941,sell,97.48,0.224231,21.86
2026-09-19 03:35:17.324,sell,97.48,0.229746,22.4
2026-09-19 03:35:18.474,sell,97.48,0.193322,18.84
2026-09-19 03:35:28.752,buy,97.48,10.323778,1006.33
2026-09-19 03:35:48.265,buy,97.48,0.14776,14.4
2026-09-19 03:35:49.773,sell,97.48,0.102588,10.0
2026-09-19 03:36:04.809,sell,97.48,7.326817,714.22
2026-09-19 03:36:05.427,buy,97.48,0.366463,35.72
2026-09-19 03:36:10.271,buy,97.48,0.102584,10.0
2026-09-19 03:36:25.973,sell,97.48,0.412994,40.26
2026-09-19 03:36:51.061,buy,97.48,0.483645,47.15
2026-09-19 03:36:58.173,sell,97.48,2.483711,242.11
2026-09-19 03:36:58.266,buy,97.48,0.23381,22.79
2026-09-19 03:36:59.366,sell,97.48,0.102584,10.0
2026-09-19 03:37:00.363,buy,97.46,0.296811,28.93
2026-09-19 03:37:00.575,sell,97.46,0.23665,23.06
2026-09-19 03:37:23.836,sell,97.46,1.828622,178.22
2026-09-19 03:37:41.124,sell,97.46,0.23864,23.26
2026-09-19 03:37:56.028,sell,97.46,0.126015,12.28
2026-09-19 03:38:11.747,sell,97.44,0.519254,50.59
2026-09-19 03:38:32.876,sell,97.44,1.013427,98.74
2026-09-19 03:38:51.469,sell,97.44,0.299633,29.2
2026-09-19 03:39:14.330,buy,97.44,0.241417,23.52
2026-09-19 03:39:28.988,buy,97.44,0.860013,83.8
2026-09-19 03:39:29.450,buy,97.44,0.391018,38.1
2026-09-19 03:39:38.268,buy,97.44,0.318853,31.07
2026-09-19 03:39:39.878,sell,97.44,0.144886,14.12
2026-09-19 03:39:40.807,sell,97.44,0.102623,10.0
2026-09-19 03:39:41.188,buy,97.44,19.59673,1909.59
2026-09-19 03:39:43.768,sell,97.44,0.632122,61.6
2026-09-19 03:40:01.550,buy,97.45,0.15972,15.56
2026-09-19 03:40:13.597,sell,97.45,1.109152,108.08
2026-09-19 03:40:22.845,sell,97.45,0.10262,10.0
2026-09-19 03:40:26.890,buy,97.45,2.560648,249.53
2026-09-19 03:40:30.869,sell,97.45,0.10262,10.0
2026-09-19 03:40:33.105,sell,97.45,0.10262,10.0
2026-09-19 03:40:41.748,buy,97.45,0.792487,77.23
2026-09-19 03:40:57.055,buy,97.45,0.360165,35.1
2026-09-19 03:41:04.971,sell,97.48,1.727205,168.37
2026-09-19 03:41:29.284,sell,97.48,0.102583,10.0
2026-09-19 03:41:31.256,buy,97.48,2.107454,205.44
2026-09-19 03:41:56.112,buy,97.48,1.078615,105.15
2026-09-19 03:42:43.427,buy,97.5,0.102563,10.0
2026-09-19 03:42:57.204,buy,97.5,3.229649,314.89
2026-09-19 03:42:58.870,sell,97.5,0.102563,10.0
2026-09-19 03:43:03.043,buy,97.5,0.102564,10.0
2026-09-19 03:43:08.622,buy,97.5,11.361895,1107.78
2026-09-19 03:43:20.132,buy,97.5,0.848745,82.75
2026-09-19 03:43:26.324,sell,97.5,0.582019,56.75
2026-09-19 03:43:27.972,buy,97.5,0.499363,48.69
2026-09-19 03:43:35.272,buy,97.5,0.102564,10.0
2026-09-19 03:44:11.192,sell,97.51,0.102551,10.0
2026-09-19 03:44:14.719,buy,97.51,0.102551,10.0
2026-09-19 03:44:26.539,sell,97.51,0.102551,10.0
2026-09-19 03:44:27.725,sell,97.51,0.40393,39.39
2026-09-19 03:44:40.777,buy,97.51,1.281567,124.97
2026-09-19 03:44:50.906,sell,97.51,0.131346,12.81
2026-09-19 03:44:55.368,sell,97.51,0.112633,10.98
2026-09-19 03:44:55.580,buy,97.51,0.102551,10.0
2026-09-19 03:45:07.588,sell,97.48,3.210458,312.95
2026-09-19 03:45:45.637,buy,97.48,10.315272,1005.51
2026-09-19 03:45:51.369,sell,97.48,4.478679,436.57
2026-09-19 03:46:02.513,buy,97.46,1.313306,127.99
2026-09-19 03:46:05.704,buy,97.46,0.102608,10.0
2026-09-19 03:46:36.937,sell,97.46,0.470431,45.85
2026-09-19 03:46:39.023,buy,97.46,0.790673,77.06
2026-09-19 03:46:39.065,buy,97.46,3.00653,293.01
2026-09-19 03:46:58.407,sell,97.46,1.196994,116.66
2026-09-19 03:47:02.684,sell,97.45,0.102612,10.0
2026-09-19 03:47:23.247,buy,97.45,0.129557,12.63
2026-09-19 03:47:29.847,buy,97.45,0.544502,53.06
2026-09-19 03:47:45.794,sell,97.45,0.311559,30.36
2026-09-19 03:47:49.429,sell,97.45,5.859938,571.08
2026-09-19 03:47:51.172,sell,97.45,0.287502,28.02
2026-09-19 03:47:51.303,buy,97.45,1.356582,132.2
2026-09-19 03:48:11.621,sell,97.33,3.528141,343.41
2026-09-19 03:48:26.733,buy,97.33,0.102739,10.0
2026-09-19 03:48:29.050,sell,97.33,0.102739,10.0
2026-09-19 03:48:38.336,sell,97.33,0.413998,40.3
2026-09-19 03:48:39.749,buy,97.33,0.360775,35.12
2026-09-19 03:48:57.166,sell,97.33,0.102739,10.0
2026-09-19 03:49:01.234,sell,97.32,0.102753,10.0
2026-09-19 03:49:01.417,sell,97.32,0.171684,16.71
2026-09-19 03:49:10.571,buy,97.32,0.102753,10.0
2026-09-19 03:49:21.311,sell,97.32,0.908554,88.42
2026-09-19 03:49:25.084,sell,97.32,0.729783,71.02
2026-09-19 03:49:38.274,buy,97.32,0.157645,15.34
2026-09-19 03:49:45.337,sell,97.32,3.607349,351.07
2026-09-19 03:50:03.930,sell,97.37,0.102702,10.0
2026-09-19 03:50:07.420,buy,97.37,0.228275,22.23
2026-09-19 03:50:13.029,sell,97.37,1.608542,156.62
2026-09-19 03:50:18.907,buy,97.37,0.102702,10.0
2026-09-19 03:51:08.579,sell,97.42,0.102644,10.0
2026-09-19 03:51:10.850,buy,97.42,1.787597,174.15
2026-09-19 03:51:30.030,buy,97.42,0.639351,62.29
2026-09-19 03:51:38.312,sell,97.42,0.202467,19.73
2026-09-19 03:51:42.906,sell,97.42,0.12284,11.97
2026-09-19 03:51:43.685,sell,97.42,0.102644,10.0
2026-09-19 03:52:24.559,buy,97.45,0.66878,65.17
2026-09-19 03:52:41.565,buy,97.45,0.273514,26.65
2026-09-19 03:52:51.076,sell,97.45,5.916636,576.58
2026-09-19 03:52:57.036,buy,97.45,10.67779,1040.56
2026-09-19 03:53:02.656,buy,97.51,0.240414,23.44
2026-09-19 03:53:24.127,buy,97.51,0.644041,62.8
2026-09-19 03:53:42.053,sell,97.51,4.029816,392.96
2026-09-19 03:53:54.227,buy,97.51,0.112989,11.02
2026-09-19 03:54:07.964,buy,97.37,0.102696,10.0
2026-09-19 03:54:30.227,sell,97.37,0.102696,10.0
2026-09-19 03:54:49.842,buy,97.37,2.278394,221.86
2026-09-19 03:54:57.995,sell,97.37,0.555276,54.07
2026-09-19 03:55:03.819,buy,97.35,0.852692,83.01
2026-09-19 03:55:04.947,sell,97.35,0.32409,31.55
2026-09-19 03:55:10.993,sell,97.35,1.48575,144.64
2026-09-19 03:56:02.289,sell,97.31,1.198166,116.6
2026-09-19 03:56:02.923,sell,97.31,1.734467,168.78
2026-09-19 03:56:19.047,buy,97.31,0.148756,14.48
2026-09-19 03:56:30.989,sell,97.31,0.290518,28.27
2026-09-19 03:56:36.753,sell,97.31,1.861658,181.16
2026-09-19 03:57:22.833,buy,97.22,0.102856,10.0
2026-09-19 03:57:27.763,sell,97.22,0.790757,76.88
2026-09-19 03:57:51.664,buy,97.22,1.605771,156.12
2026-09-19 03:58:28.295,buy,97.21,1.752605,170.38
2026-09-19 03:58:37.770,sell,97.21,0.810635,78.8
2026-09-19 03:58:41.848,sell,97.21,0.41493,40.34
2026-09-19 03:58:42.319,sell,97.21,0.779402,75.77
2026-09-19 03:58:43.860,buy,97.21,0.618804,60.16
2026-09-19 03:58:48.625,sell,97.21,0.272177,26.46
2026-09-19 03:58:54.367,buy,97.21,0.185476,18.03
2026-09-19 03:58:55.686,sell,97.21,0.671888,65.32
2026-09-19 03:59:03.161,sell,97.34,0.83333,81.11
2026-09-19 03:59:04.892,sell,97.34,0.249911,24.33
2026-09-19 03:59:40.706,buy,97.34,4.143608,403.32
2026-09-19 03:59:42.166,buy,97.34,0.323216,31.46
2026-09-19 04:00:22.165,buy,97.43,0.105967,10.32
2026-09-19 04:00:28.945,buy,97.43,1.471618,143.38
2026-09-19 04:00:30.286,sell,97.43,0.490563,47.79
2026-09-19 04:00:43.095,buy,97.43,0.177072,17.25
2026-09-19 04:01:00.728,sell,97.47,0.2706,26.38
2026-09-19 04:01:02.720,buy,97.47,11.497101,1120.64
2026-09-19 04:01:07.705,sell,97.47,0.406492,39.62
2026-09-19 04:01:11.262,sell,97.47,0.288304,28.1
2026-09-19 04:01:15.686,sell,97.47,0.737013,71.84
2026-09-19 04:01:35.231,buy,97.47,0.254763,24.83
2026-09-19 04:01:58.477,buy,97.47,10.300879,1004.04
2026-09-19 04:02:01.944,buy,97.43,0.204848,19.96
2026-09-19 04:02:04.194,sell,97.43,0.995297,96.98
2026-09-19 04:02:24.348,sell,97.43,0.217593,21.2
2026-09-19 04:02:26.789,buy,97.43,1.180002,114.97
2026-09-19 04:02:47.474,sell,97.43,0.298055,29.04
2026-09-19 04:02:55.382,sell,97.43,4.225514,411.71
2026-09-19 04:02:56.467,sell,97.43,0.102634,10.0
2026-09-19 04:02:58.469,buy,97.43,0.732035,71.32
2026-09-19 04:03:00.836,buy,97.44,1.496218,145.78
2026-09-19 04:03:21.027,buy,97.44,0.114257,11.13
2026-09-19 04:03:29.293,sell,97.44,0.295446,28.79
2026-09-19 04:03:32.849,sell,97.44,0.102632,10.0
2026-09-19 04:03:57.422,sell,97.44,0.191883,18.7
2026-09-19 04:04:02.672,sell,97.39,0.291059,28.35
2026-09-19 04:04:09.969,buy,97.39,0.102675,10.0
2026-09-19 04:04:18.397,sell,97.39,1.20608,117.47
2026-09-19 04:04:20.261,buy,97.39,0.160223,15.6
2026-09-19 04:04:20.286,sell,97.39,0.102675,10.0
2026-09-19 04:04:32.607,buy,97.39,12.635362,1230.62
2026-09-19 04:04:40.818,buy,97.39,0.456491,44.46
2026-09-19 04:04:53.773,sell,97.39,0.276234,26.9
2026-09-19 04:05:12.204,sell,97.48,0.209375,20.41
2026-09-19 04:05:29.978,sell,97.48,1.807292,176.17
2026-09-19 04:05:38.767,buy,97.48,0.10259,10.0
2026-09-19 04:05:54.283,sell,97.48,0.10259,10.0
2026-09-19 04:06:09.617,sell,97.49,0.102574,10.0
2026-09-19 04:06:35.805,sell,97.49,0.289021,28.18
2026-09-19 04:06:37.010,buy,97.49,0.302655,29.51
2026-09-19 04:06:55.887,sell,97.49,6.390896,623.06
2026-09-19 04:07:09.105,sell,97.54,0.434144,42.35
2026-09-19 04:07:32.096,sell,97.54,0.102519,10.0
2026-09-19 04:07:41.183,buy,97.54,0.463533,45.21
2026-09-19 04:08:01.574,buy,97.54,0.102527,10.0
2026-09-19 04:08:18.869,sell,97.54,0.137533,13.41
2026-09-19 04:08:20.174,buy,97.54,0.102527,10.0
2026-09-19 04:08:37.946,sell,97.54,0.813868,79.38
2026-09-19 04:08:49.632,sell,97.54,0.102527,10.0
2026-09-19 04:08:54.206,sell,97.54,0.891034,86.91
2026-09-19 04:09:23.872,sell,97.53,2.271567,221.54
2026-09-19 04:09:26.510,sell,97.53,1.050239,102.43
2026-09-19 04:09:36.002,sell,97.53,1.086305,105.95
2026-09-19 04:09:45.123,buy,97.53,0.242631,23.66
2026-09-19 04:09:51.112,buy,97.53,2.236214,218.1
2026-09-19 04:09:52.987,buy,97.53,14.699423,1433.62
2026-09-19 04:09:56.498,sell,97.53,0.281873,27.49
2026-09-19 04:10:05.413,buy,97.55,4.44281,433.4
2026-09-19 04:10:21.171,buy,97.55,0.489875,47.79
2026-09-19 04:10:29.312,buy,97.55,0.102511,10.0
2026-09-19 04:10:45.049,buy,97.55,3.48209,339.68
2026-09-19 04:10:46.872,buy,97.55,0.158381,15.45
2026-09-19 04:10:51.367,sell,97.55,0.113411,11.06
2026-09-19 04:11:36.233,sell,97.55,0.102508,10.0
2026-09-19 04:11:39.765,buy,97.55,14.821023,1445.85
2026-09-19 04:11:51.469,sell,97.55,0.312367,30.47
2026-09-19 04:12:17.487,sell,97.64,0.103271,10.08
2026-09-19 04:12:20.817,buy,97.64,1.393477,136.06
2026-09-19 04:12:22.859,sell,97.64,0.120206,11.74
2026-09-19 04:12:29.336,buy,97.64,0.102418,10.0
2026-09-19 04:12:44.048,sell,97.64,0.113466,11.08
2026-09-19 04:12:48.332,buy,97.64,0.205417,20.06
2026-09-19 04:13:20.494,buy,97.58,20.875493,2037.1
2026-09-19 04:13:23.857,buy,97.58,0.363449,35.47
2026-09-19 04:13:51.151,buy,97.58,0.102477,10.0
2026-09-19 04:13:56.562,sell,97.58,2.669046,260.45
2026-09-19 04:13:56.791,sell,97.58,0.812756,79.31
2026-09-19 04:14:04.273,buy,97.57,0.363974,35.51
2026-09-19 04:14:14.827,sell,97.57,3.417716,333.46
2026-09-19 04:14:34.489,sell,97.57,0.212726,20.76
2026-09-19 04:14:35.871,buy,97.57,0.675777,65.93
2026-09-19 04:14:42.087,sell,97.57,0.460966,44.98
2026-09-19 04:14:56.150,buy,97.57,0.102492,10.0
2026-09-19 04:15:11.701,buy,97.67,0.645561,63.05
2026-09-19 04:15:19.258,buy,97.67,1.390919,135.85
2026-09-19 04:15:38.495,buy,97.67,0.174476,17.04
2026-09-19 04:15:41.949,buy,97.67,0.148236,14.48
2026-09-19 04:15:57.229,sell,97.67,0.423738,41.39
2026-09-19 04:15:57.247,sell,97.67,1.480184,144.57
2026-09-19 04:16:02.332,buy,97.78,0.102266,10.0
2026-09-19 04:16:06.592,sell,97.78,0.102266,10.0
2026-09-19 04:16:17.298,buy,97.78,0.244741,23.93
2026-09-19 04:16:25.484,buy,97.78,0.386448,37.79
2026-09-19 04:16:39.994,sell,97.78,0.102266,10.0
2026-09-19 04:16:54.030,sell,97.78,0.102266,10.0
2026-09-19 04:17:02.494,buy,97.83,0.543104,53.13
2026-09-19 04:17:03.381,sell,97.83,1.376264,134.63
2026-09-19 04:17:13.986,sell,97.83,0.102223,10.0
2026-09-19 04:17:19.925,buy,97.83,3.104458,303.7
2026-09-19 04:17:34.235,buy,97.83,0.987656,96.62
2026-09-19 04:17:39.464,sell,97.83,0.844699,82.63
2026-09-19 04:17:42.425,buy,97.83,0.113413,11.09
2026-09-19 04:18:09.875,sell,97.83,0.541319,52.96
2026-09-19 04:18:18.346,sell,97.83,0.513823,50.27
2026-09-19 04:18:27.793,buy,97.83,3.042,297.6
2026-09-19 04:18:35.806,sell,97.83,2.102619,205.7
2026-09-19 04:19:01.539,sell,97.94,0.57454,56.27
2026-09-19 04:19:08.730,sell,97.94,0.102101,10.0
2026-09-19 04:19:11.735,buy,97.94,3.473585,340.21
2026-09-19 04:19:21.062,sell,97.94,0.162366,15.9
2026-09-19 04:19:41.051,sell,97.94,0.107688,10.55
2026-09-19 04:19:42.247,sell,97.94,0.102101,10.0
2026-09-19 04:20:02.709,buy,97.97,0.218,21.36
2026-09-19 04:20:15.390,sell,97.97,0.102067,10.0
2026-09-19 04:20:32.045,sell,97.97,0.102067,10.0
2026-09-19 04:20:46.982,sell,97.97,0.102067,10.0
2026-09-19 04:20:48.552,buy,97.97,0.826881,81.01
2026-09-19 04:20:51.989,buy,97.97,2.256089,221.04
2026-09-19 04:20:53.702,sell,97.97,0.102067,10.0
2026-09-19 04:20:53.924,buy,97.97,0.234999,23.02
2026-09-19 04:21:03.538,sell,97.92,0.102124,10.0
2026-09-19 04:21:09.599,sell,97.92,0.164238,16.08
2026-09-19 04:21:18.833,buy,97.92,1.957281,191.66
2026-09-19 04:21:26.812,sell,97.92,1.492697,146.17
2026-09-19 04:21:39.645,buy,97.92,0.50601,49.55
2026-09-19 04:21:48.808,sell,97.92,0.451928,44.25
2026-09-19 04:21:48.885,sell,97.92,0.181939,17.82
2026-09-19 04:21:53.318,buy,97.92,1.025252,100.39
2026-09-19 04:22:29.453,buy,97.93,0.111541,10.92
2026-09-19 04:22:36.865,sell,97.93,0.384597,37.66
2026-09-19 04:22:47.816,sell,97.93,0.322744,31.61
2026-09-19 04:22:54.345,buy,97.93,0.102115,10.0
2026-09-19 04:22:58.704,sell,97.93,0.102115,10.0
2026-09-19 04:23:06.025,buy,97.86,0.102186,10.0
2026-09-19 04:23:15.465,buy,97.86,0.102186,10.0
2026-09-19 04:23:19.115,buy,97.86,0.102186,10.0
2026-09-19 04:23:33.164,buy,97.86,0.102186,10.0
2026-09-19 04:23:47.834,buy,97.86,2.365091,231.45
2026-09-19 04:24:15.361,sell,97.7,0.306637,29.96
2026-09-19 04:24:26.679,sell,97.7,6.721129,656.65
2026-09-19 04:24:29.215,buy,97.7,0.447405,43.71
2026-09-19 04:24:40.045,sell,97.7,0.949536,92.77
2026-09-19 04:24:55.693,buy,97.7,0.514786,50.29
2026-09-19 04:24:56.083,buy,97.7,0.551659,53.9
2026-09-19 04:25:11.117,buy,97.79,0.445458,43.56
2026-09-19 04:25:22.278,buy,97.79,4.391159,429.4
2026-09-19 04:25:47.979,sell,97.79,0.317149,31.01
2026-09-19 04:25:49.270,buy,97.79,1.367175,133.69
2026-09-19 04:26:13.320,buy,97.86,0.632704,61.91
2026-09-19 04:26:32.150,buy,97.86,0.52894,51.76
2026-09-19 04:26:59.570,sell,97.86,0.225735,22.09
2026-09-19 04:27:14.960,sell,97.81,1.503325,147.04
2026-09-19 04:27:30.758,buy,97.81,1.139319,111.44
2026-09-19 04:27:38.010,buy,97.81,0.146805,14.36
2026-09-19 04:28:11.863,buy,97.8,17.180575,1680.19
2026-09-19 04:28:32.975,buy,97.8,10.827655,1058.9
2026-09-19 04:28:33.426,buy,97.8,3.979443,389.17
2026-09-19 04:28:35.752,buy,97.8,0.290267,28.39
2026-09-19 04:29:32.877,sell,97.81,0.102237,10.0
2026-09-19 04:29:38.793,buy,97.81,0.397792,38.91
2026-09-19 04:29:59.557,buy,97.81,0.216792,21.2
2026-09-19 04:30:08.114,sell,97.9,0.165433,16.2
2026-09-19 04:30:10.644,buy,97.9,0.102148,10.0
2026-09-19 04:30:51.760,sell,97.9,0.391853,38.36
2026-09-19 04:31:02.249,buy,97.91,0.57642,56.44
2026-09-19 04:31:07.870,buy,97.91,0.817156,80.01
2026-09-19 04:31:11.589,sell,97.91,0.192691,18.87
2026-09-19 04:31:26.357,buy,97.91,1.412998,138.35
2026-09-19 04:31:42.392,buy,97.91,14.718036,1441.09
2026-09-19 04:31:48.204,buy,97.91,0.118203,11.57
2026-09-19 04:31:54.324,sell,97.91,0.102131,10.0
2026-09-19 04:31:55.349,buy,97.91,5.044233,493.9
2026-09-19 04:32:27.547,sell,97.93,0.243709,23.87
2026-09-19 04:32:32.024,sell,97.93,1.856134,181.77
2026-09-19 04:32:38.289,sell,97.93,0.95426,93.45
2026-09-19 04:33:09.587,sell,97.85,0.301636,29.51
2026-09-19 04:33:25.298,sell,97.85,0.102199,10.0
2026-09-19 04:33:37.361,sell,97.85,3.894963,381.12
2026-09-19 04:34:11.028,buy,97.95,0.207632,20.34
2026-09-19 04:34:14.940,buy,97.95,0.260906,25.56
2026-09-19 04:34:19.982,sell,97.95,0.420315,41.17
2026-09-19 04:34:32.126,sell,97.95,1.823229,178.59
2026-09-19 04:34:42.897,sell,97.95,0.929693,91.07
2026-09-19 04:34:47.145,sell,97.95,0.286083,28.02
2026-09-19 04:34:50.958,buy,97.95,3.246221,317.98
2026-09-19 04:35:13.146,sell,97.99,3.059932,299.84
2026-09-19 04:35:14.574,sell,97.99,0.164667,16.14
2026-09-19 04:35:18.965,sell,97.99,0.102053,10.0
2026-09-19 04:35:52.265,sell,97.99,1.783662,174.78
2026-09-19 04:35:52.410,buy,97.99,0.138599,13.58
2026-09-19 04:35:57.907,buy,97.99,0.291713,28.58
2026-09-19 04:36:10.851,buy,98.05,0.101992,10.0
2026-09-19 04:36:13.889,sell,98.05,4.168497,408.71
2026-09-19 04:36:26.534,sell,98.05,0.124195,12.18
2026-09-19 04:36:30.167,buy,98.05,0.101992,10.0
2026-09-19 04:36:43.925,sell,98.05,0.101992,10.0
2026-09-19 04:36:59.036,buy,98.05,0.101992,10.0
2026-09-19 04:37:06.897,buy,98.0,0.10204,10.0
2026-09-19 04:37:07.005,sell,98.0,0.266759,26.14
2026-09-19 04:37:30.787,sell,98.0,0.117821,11.55
2026-09-19 04:38:10.455,buy,98.06,0.101981,10.0
2026-09-19 04:38:17.878,sell,98.06,0.101981,10.0
2026-09-19 04:38:19.128,buy,98.06,0.630771,61.85
2026-09-19 04:38:21.997,buy,98.06,0.681371,66.81
2026-09-19 04:38:33.077,buy,98.06,0.275937,27.06
2026-09-19 04:38:39.803,buy,98.06,1.142838,112.06
2026-09-19 04:39:00.159,sell,98.09,5.363294,526.06
2026-09-19 04:39:32.512,buy,98.09,0.223662,21.94
2026-09-19 04:39:32.791,sell,98.09,1.520308,149.12
2026-09-19 04:39:38.356,buy,98.09,0.655438,64.29
2026-09-19 04:40:13.689,sell,98.09,0.101946,10.0
2026-09-19 04:40:40.604,buy,98.09,0.101946,10.0
2026-09-19 04:40:42.575,buy,98.09,0.235573,23.11
2026-09-19 04:40:47.410,buy,98.09,0.101946,10.0
2026-09-19 04:41:01.738,sell,98.15,0.101889,10.0
2026-09-19 04:41:07.570,buy,98.15,1.14921,112.79
2026-09-19 04:41:31.562,buy,98.15,0.212364,20.84
2026-09-19 04:41:31.691,sell,98.15,1.13936,111.82
2026-09-19 04:42:41.449,sell,98.15,0.261353,25.65
2026-09-19 04:42:47.327,sell,98.15,3.727916,365.88
2026-09-19 04:42:49.848,sell,98.15,0.328848,32.28
2026-09-19 04:42:56.341,sell,98.15,0.518397,50.88
2026-09-19 04:42:58.782,buy,98.15,0.381202,37.41
2026-09-19 04:43:07.946,sell,98.17,6.858649,673.28
2026-09-19 04:43:19.172,sell,98.17,0.101869,10.0
2026-09-19 04:43:20.773,buy,98.17,0.101869,10.0
2026-09-19 04:43:28.767,sell,98.17,0.101869,10.0
2026-09-19 04:43:44.503,buy,98.17,0.283254,27.81
2026-09-19 04:43:56.936,sell,98.17,1.013962,99.54
2026-09-19 04:44:03.752,buy,98.16,0.10187,10.0
2026-09-19 04:44:11.952,sell,98.16,1.468938,144.2
2026-09-19 04:44:34.120,buy,98.16,0.10187,10.0
2026-09-19 04:44:37.919,buy,98.16,2.005884,196.91
2026-09-19 04:45:00.421,buy,98.15,0.150687,14.79
2026-09-19 04:45:08.070,sell,98.15,1.167518,114.6
2026-09-19 04:45:27.159,sell,98.15,0.10188,10.0
2026-09-19 04:45:46.263,buy,98.15,9.947917,976.43
2026-09-19 04:45:46.308,buy,98.15,0.10188,10.0
2026-09-19 04:46:00.349,buy,98.15,0.624769,61.32
2026-09-19 04:46:01.512,sell,98.15,0.124049,12.18
2026-09-19 04:46:14.419,sell,98.15,0.178804,17.55
2026-09-19 04:46:16.091,buy,98.15,1.862515,182.8
2026-09-19 04:46:40.205,buy,98.15,0.101887,10.0
2026-09-19 04:46:41.758,sell,98.15,0.101887,10.0
2026-09-19 04:46:46.221,sell,98.15,0.719563,70.62
2026-09-19 04:46:52.230,buy,98.15,0.735519,72.19
2026-09-19 04:47:24.968,buy,98.12,7.27808,714.14
2026-09-19 04:47:33.137,buy,98.12,0.981786,96.33
2026-09-19 04:47:41.086,sell,98.12,8.533397,837.31
2026-09-19 04:47:43.295,buy,98.12,0.222638,21.85
2026-09-19 04:47:58.162,sell,98.12,0.101914,10.0
2026-09-19 04:48:09.184,sell,98.11,0.761645,74.73
2026-09-19 04:48:11.850,sell,98.11,0.565919,55.52
2026-09-19 04:48:14.361,sell,98.11,0.101922,10.0
2026-09-19 04:48:47.357,buy,98.11,0.101922,10.0
2026-09-19 04:48:50.870,buy,98.11,0.472891,46.4
2026-09-19 04:49:24.130,buy,98.14,2.053813,201.57
2026-09-19 04:49:35.992,sell,98.14,2.808449,275.63
2026-09-19 04:49:36.018,sell,98.14,0.999516,98.1
2026-09-19 04:49:38.379,sell,98.14,0.614872,60.35
2026-09-19 04:49:42.302,sell,98.14,0.559158,54.88
2026-09-19 04:49:45.061,sell,98.14,0.101892,10.0
2026-09-19 04:49:52.947,buy,98.14,0.497942,48.87
2026-09-19 04:50:07.785,buy,98.1,0.165856,16.27
2026-09-19 04:50:14.206,sell,98.1,0.318552,31.25
2026-09-19 04:50:17.395,sell,98.1,0.101938,10.0
2026-09-19 04:50:20.782,buy,98.1,0.720853,70.71
2026-09-19 04:50:57.828,sell,98.1,0.872545,85.6
2026-09-19 04:50:59.624,sell,98.1,0.14824,14.54
2026-09-19 04:50:59.785,sell,98.1,0.308467,30.26
2026-09-19 04:51:12.598,buy,98.08,0.101955,10.0
2026-09-19 04:51:12.818,sell,98.08,0.299304,29.36
2026-09-19 04:51:19.474,buy,98.08,0.101955,10.0
2026-09-19 04:51:39.133,buy,98.08,0.101955,10.0
2026-09-19 04:51:50.557,sell,98.08,0.140614,13.79
2026-09-19 04:52:18.840,buy,98.12,0.126885,12.45
2026-09-19 04:52:34.776,buy,98.12,0.741666,72.77
2026-09-19 04:52:50.273,buy,98.12,5.146231,504.92
2026-09-19 04:52:50.800,buy,98.12,1.040158,102.06
2026-09-19 04:53:01.669,buy,98.05,0.140658,13.79
2026-09-19 04:53:02.305,sell,98.05,0.101986,10.0
2026-09-19 04:53:03.622,buy,98.05,0.101986,10.0
2026-09-19 04:53:08.466,sell,98.05,6.855358,672.19
2026-09-19 04:54:16.121,sell,97.97,0.102071,10.0
2026-09-19 04:54:21.966,buy,97.97,0.189582,18.57
2026-09-19 04:54:29.802,sell,97.97,0.685369,67.15
2026-09-19 04:54:33.217,sell,97.97,1.671944,163.8
2026-09-19 04:54:44.936,buy,97.97,0.102071,10.0
2026-09-19 04:54:45.695,buy,97.97,0.184687,18.09
2026-09-19 04:54:56.932,sell,97.97,0.134931,13.22
2026-09-19 04:55:12.971,buy,97.93,0.233307,22.85
2026-09-19 04:55:35.293,buy,97.93,0.209297,20.5
2026-09-19 04:55:36.121,buy,97.93,0.139631,13.67
2026-09-19 04:55:43.872,sell,97.93,0.583764,57.17
2026-09-19 04:55:44.886,buy,97.93,0.464117,45.45
2026-09-19 04:55:47.172,buy,97.93,0.937981,91.86
2026-09-19 04:55:51.102,sell,97.93,0.290574,28.46
2026-09-19 04:56:00.360,sell,98.02,0.102015,10.0
2026-09-19 04:56:07.034,buy,98.02,0.292068,28.63
2026-09-19 04:56:08.399,sell,98.02,12.515746,1226.85
2026-09-19 04:56:37.928,sell,98.02,0.524904,51.45
2026-09-19 04:56:42.502,buy,98.02,0.102756,10.07
2026-09-19 04:56:50.750,buy,98.02,0.475924,46.65
2026-09-19 04:56:58.920,buy,98.02,0.102015,10.0
2026-09-19 04:56:59.685,sell,98.02,1.723686,168.96
2026-09-19 04:57:05.936,sell,98.07,0.101966,10.0
2026-09-19 04:57:13.750,buy,98.07,3.899929,382.47
2026-09-19 04:57:26.637,buy,98.07,1.49964,147.07
2026-09-19 04:57:35.593,buy,98.07,0.118697,11.64
2026-09-19 04:57:39.873,buy,98.07,0.20528,20.13
2026-09-19 04:58:15.103,buy,98.16,1.997937,196.13
2026-09-19 04:58:25.923,buy,98.16,0.101869,10.0
2026-09-19 04:58:29.340,sell,98.16,0.101869,10.0
2026-09-19 04:58:29.786,buy,98.16,0.106183,10.42
2026-09-19 04:58:32.321,sell,98.16,0.829944,81.47
2026-09-19 04:58:37.974,sell,98.16,0.235869,23.15
2026-09-19 04:58:48.059,sell,98.16,3.836469,376.61
2026-09-19 04:59:03.693,buy,98.13,6.992533,686.2
2026-09-19 04:59:12.167,buy,98.13,3.716921,364.76
2026-09-19 04:59:19.619,buy,98.13,0.101902,10.0
2026-09-19 04:59:20.508,buy,98.13,0.101902,10.0
2026-09-19 04:59:36.714,sell,98.13,0.474846,46.6
2026-09-19 04:59:39.111,sell,98.13,1.40755,138.13
2026-09-19 04:59:56.644,sell,98.13,1.169919,114.81
2026-09-19 05:00:14.995,buy,98.18,0.810732,79.6
2026-09-19 05:00:30.754,buy,98.18,0.101856,10.0
2026-09-19 05:00:33.535,sell,98.18,1.628337,159.87
2026-09-19 05:00:47.461,buy,98.18,0.280096,27.5
2026-09-19 05:00:47.733,buy,98.18,0.135495,13.3
2026-09-19 05:01:13.287,buy,98.08,3.315312,325.16
2026-09-19 05:01:24.931,sell,98.08,4.703625,461.32
2026-09-19 05:01:50.220,buy,98.08,9.392096,921.15
2026-09-19 05:01:59.491,sell,98.08,0.10196,10.0
2026-09-19 05:02:03.658,buy,98.12,2.601438,255.25
2026-09-19 05:02:04.317,sell,98.12,0.178011,17.47
2026-09-19 05:02:22.880,buy,98.12,0.101917,10.0
2026-09-19 05:02:26.698,sell,98.12,0.101917,10.0
2026-09-19 05:02:57.309,sell,98.12,0.534141,52.41
2026-09-19 05:03:04.592,buy,98.16,0.819803,80.47
2026-09-19 05:03:25.290,buy,98.16,0.101873,10.0
2026-09-19 05:03:38.282,sell,98.16,0.370163,36.34
2026-09-19 05:03:45.131,sell,98.16,0.876013,85.99
2026-09-19 05:04:03.192,sell,98.21,0.176258,17.31
2026-09-19 05:04:13.812,sell,98.21,0.368047,36.14
2026-09-19 05:04:15.680,buy,98.21,3.416171,335.49
2026-09-19 05:04:25.251,sell,98.21,0.666862,65.49
2026-09-19 05:04:37.076,sell,98.21,0.129988,12.77
2026-09-19 05:04:47.507,buy,98.21,0.101825,10.0
2026-09-19 05:04:57.636,buy,98.21,0.145574,14.3
2026-09-19 05:05:01.451,buy,98.26,0.101775,10.0
2026-09-19 05:05:07.579,buy,98.26,1.136209,111.64
2026-09-19 05:05:11.896,buy,98.26,0.177424,17.43
2026-09-19 05:05:12.374,sell,98.26,0.101775,10.0
2026-09-19 05:06:20.628,sell,98.19,0.463831,45.54
2026-09-19 05:06:31.699,sell,98.19,0.958553,94.12
2026-09-19 05:06:37.757,sell,98.19,0.15195,14.92
2026-09-19 05:06:52.558,buy,98.19,0.643312,63.17
2026-09-19 05:06:55.355,sell,98.19,1.296928,127.35
2026-09-19 05:06:55.918,buy,98.19,0.104444,10.26
2026-09-19 05:06:57.070,sell,98.19,0.218818,21.49
2026-09-19 05:07:04.611,buy,98.12,0.105352,10.34
2026-09-19 05:07:38.678,buy,98.12,0.101917,10.0
2026-09-19 05:07:50.293,sell,98.12,0.101917,10.0
2026-09-19 05:08:07.978,buy,98.02,1.103202,108.14
2026-09-19 05:08:13.430,buy,98.02,0.10202,10.0
2026-09-19 05:08:15.674,buy,98.02,3.035388,297.53
2026-09-19 05:08:15.866,buy,98.02,0.160175,15.7
2026-09-19 05:08:19.251,buy,98.02,0.222904,21.85
2026-09-19 05:08:22.018,sell,98.02,0.358662,35.16
2026-09-19 05:08:57.387,buy,98.02,1.589687,155.82
2026-09-19 05:08:57.689,sell,98.02,0.137317,13.46
2026-09-19 05:09:22.974,buy,97.95,2.113952,207.06
2026-09-19 05:09:28.802,sell,97.95,6.215681,608.81
2026-09-19 05:09:30.624,sell,97.95,0.236658,23.18
2026-09-19 05:09:31.524,buy,97.95,0.102096,10.0
2026-09-19 05:09:41.655,buy,97.95,0.871852,85.4
2026-09-19 05:09:42.955,buy,97.95,0.102096,10.0
2026-09-19 05:10:13.898,buy,97.83,62.586479,6122.77
2026-09-19 05:10:17.338,sell,97.83,0.104919,10.26
2026-09-19 05:10:23.897,sell,97.83,0.102219,10.0
2026-09-19 05:10:25.956,sell,97.83,0.972855,95.17
2026-09-19 05:10:30.680,sell,97.83,0.10583,10.35
2026-09-19 05:10:33.322,buy,97.83,0.102219,10.0
2026-09-19 05:10:41.759,buy,97.83,12.783478,1250.59
2026-09-19 05:10:53.835,buy,97.83,0.145365,14.22
2026-09-19 05:11:16.817,buy,97.82,0.33253,32.53
2026-09-19 05:11:19.738,sell,97.82,1.953453,191.08
2026-09-19 05:11:42.393,buy,97.82,0.403552,39.47
2026-09-19 05:11:44.636,buy,97.82,0.130511,12.77
2026-09-19 05:11:48.448,sell,97.82,0.70167,68.64
2026-09-19 05:11:55.581,buy,97.82,0.360797,35.29
2026-09-19 05:11:56.880,sell,97.82,0.954635,93.38
2026-09-19 05:12:10.145,sell,97.74,0.918987,89.82
2026-09-19 05:12:19.150,buy,97.74,0.102317,10.0
2026-09-19 05:12:36.157,buy,97.74,0.102317,10.0
2026-09-19 05:12:37.507,buy,97.74,0.110765,10.83
2026-09-19 05:12:57.461,sell,97.74,4.594329,449.03
2026-09-19 05:12:59.945,buy,97.74,0.479101,46.83
2026-09-19 05:13:09.265,sell,97.67,0.102389,10.0
2026-09-19 05:13:40.565,sell,97.67,0.775555,75.75
2026-09-19 05:13:48.459,sell,97.67,0.471896,46.09
2026-09-19 05:14:06.420,buy,97.74,1.5478,151.29
2026-09-19 05:14:21.300,sell,97.74,0.20554,20.09
2026-09-19 05:14:36.571,sell,97.74,0.635174,62.08
2026-09-19 05:14:36.940,sell,97.74,1.811514,177.06
2026-09-19 05:14:43.217,sell,97.74,1.902151,185.92
2026-09-19 05:14:53.270,buy,97.74,0.102309,10.0
2026-09-19 05:14:59.298,buy,97.74,1.817194,177.62
2026-09-19 05:15:05.695,buy,97.71,0.102347,10.0
2026-09-19 05:15:54.079,buy,97.71,0.102347,10.0
2026-09-19 05:15:58.073,sell,97.71,0.552073,53.94
2026-09-19 05:16:02.730,sell,97.73,0.237553,23.22
2026-09-19 05:16:22.465,sell,97.73,0.105962,10.36
2026-09-19 05:16:29.006,buy,97.73,0.102322,10.0
2026-09-19 05:16:41.814,sell,97.73,0.410007,40.07
2026-09-19 05:16:43.031,sell,97.73,2.391423,233.72
2026-09-19 05:17:12.227,buy,97.73,0.102324,10.0
2026-09-19 05:17:12.952,buy,97.73,0.275082,26.88
2026-09-19 05:17:32.369,buy,97.73,12.109188,1183.42
2026-09-19 05:17:58.277,buy,97.73,1.82583,178.44
2026-09-19 05:18:08.655,buy,97.71,0.102349,10.0
2026-09-19 05:18:13.111,sell,97.71,0.771618,75.39
2026-09-19 05:18:26.425,buy,97.71,0.102349,10.0
2026-09-19 05:18:44.422,sell,97.71,0.20839,20.36
2026-09-19 05:19:13.673,buy,97.77,0.102277,10.0
2026-09-19 05:19:51.223,buy,97.77,0.102277,10.0
2026-09-19 05:19:55.878,buy,97.77,8.404296,821.72
2026-09-19 05:20:08.123,buy,97.77,1.143143,111.77
2026-09-19 05:20:08.915,buy,97.77,1.079402,105.54
2026-09-19 05:20:30.918,buy,97.77,1.411521,138.01
2026-09-19 05:21:05.591,sell,97.82,0.10223,10.0
2026-09-19 05:21:14.659,buy,97.82,5.118294,500.66
2026-09-19 05:21:22.207,sell,97.82,0.10223,10.0
2026-09-19 05:21:29.235,sell,97.82,0.25054,24.51
2026-09-19 05:21:34.845,buy,97.82,0.10223,10.0
2026-09-19 05:21:39.600,sell,97.82,0.10223,10.0
2026-09-19 05:21:41.271,sell,97.82,0.200456,19.61
2026-09-19 05:21:55.160,sell,97.82,1.627312,159.18
2026-09-19 05:22:03.175,buy,97.73,5.42881,530.54
2026-09-19 05:22:15.121,sell,97.73,0.102327,10.0
2026-09-19 05:22:16.393,buy,97.73,0.102327,10.0
2026-09-19 05:22:23.779,buy,97.73,0.232857,22.76
2026-09-19 05:22:25.242,buy,97.73,0.480825,46.99
2026-09-19 05:22:37.634,sell,97.73,1.605533,156.9
2026-09-19 05:22:48.540,sell,97.73,0.102327,10.0
2026-09-19 05:22:51.123,buy,97.73,0.163831,16.01
2026-09-19 05:23:01.568,sell,97.73,0.102324,10.0
2026-09-19 05:23:26.025,sell,97.73,4.496547,439.44
2026-09-19 05:23:44.710,sell,97.73,0.102324,10.0
2026-09-19 05:23:49.594,buy,97.73,1.842153,180.03
2026-09-19 05:24:02.345,buy,97.69,32.925709,3216.67
2026-09-19 05:24:04.994,sell,97.69,2.074583,202.68
2026-09-19 05:24:51.534,buy,97.69,1.01623,99.28
2026-09-19 05:25:02.370,buy,97.69,0.768191,75.05
2026-09-19 05:25:34.568,sell,97.69,1.443298,141.0
2026-09-19 05:25:52.863,buy,97.69,3.128931,305.67
2026-09-19 05:25:53.892,buy,97.69,7.098331,693.45
2026-09-19 05:25:58.911,buy,97.69,11.327086,1106.56
2026-09-19 05:26:06.644,buy,97.7,0.102351,10.0
2026-09-19 05:26:43.292,buy,97.7,0.481193,47.01
2026-09-19 05:26:54.875,sell,97.7,14.767231,1442.81
2026-09-19 05:26:55.343,buy,97.7,0.102351,10.0
2026-09-19 05:26:56.581,sell,97.7,0.102351,10.0
2026-09-19 05:27:32.060,sell,97.67,2.165447,211.5
2026-09-19 05:27:38.973,buy,97.67,0.362007,35.36
2026-09-19 05:27:59.575,sell,97.67,0.906391,88.53
2026-09-19 05:28:05.097,buy,97.73,0.102322,10.0
2026-09-19 05:28:14.927,sell,97.73,0.102322,10.0
2026-09-19 05:28:23.536,sell,97.73,0.102322,10.0
2026-09-19 05:28:25.787,buy,97.73,0.102322,10.0
2026-09-19 05:28:37.332,sell,97.73,0.102322,10.0
2026-09-19 05:29:10.262,sell,97.8,0.435337,42.58
2026-09-19 05:29:21.851,buy,97.8,0.417493,40.83
2026-09-19 05:29:22.994,buy,97.8,5.063029,495.17
2026-09-19 05:29:33.606,buy,97.8,0.176239,17.24
2026-09-19 05:29:34.330,sell,97.8,0.276096,27.0
2026-09-19 05:29:36.626,sell,97.8,12.533598,1225.81
2026-09-19 05:29:59.115,sell,97.8,0.390852,38.23
2026-09-19 05:30:19.812,buy,97.74,1.178963,115.23
2026-09-19 05:30:39.054,buy,97.74,0.124042,12.12
2026-09-19 05:30:39.555,sell,97.74,0.342622,33.49
2026-09-19 05:31:07.907,buy,97.82,0.47771,46.73
2026-09-19 05:31:15.470,buy,97.82,0.148839,14.56
2026-09-19 05:31:24.177,sell,97.82,0.73643,72.04
2026-09-19 05:31:43.908,buy,97.82,0.376311,36.81
2026-09-19 05:31:49.031,sell,97.82,0.628831,61.51
2026-09-19 05:31:58.506,buy,97.82,0.324488,31.74
2026-09-19 05:32:01.716,sell,97.92,1.940008,189.97
2026-09-19 05:32:01.779,buy,97.92,0.525692,51.48
2026-09-19 05:32:10.770,sell,97.92,0.776951,76.08
2026-09-19 05:32:13.161,buy,97.92,0.10212,10.0
2026-09-19 05:32:24.485,sell,97.92,0.10212,10.0
2026-09-19 05:32:26.505,sell,97.92,0.10212,10.0
2026-09-19 05:32:31.905,sell,97.92,0.765154,74.93
2026-09-19 05:32:46.760,sell,97.92,0.10212,10.0
2026-09-19 05:33:11.840,buy,97.94,1.033846,101.26
2026-09-19 05:33:13.547,buy,97.94,0.698258,68.39
2026-09-19 05:33:17.359,buy,97.94,0.1021,10.0
2026-09-19 05:33:20.935,sell,97.94,0.414093,40.56
2026-09-19 05:33:34.335,sell,97.94,0.410102,40.17
2026-09-19 05:33:39.845,sell,97.94,1.584719,155.21
2026-09-19 05:33:41.180,sell,97.94,0.1021,10.0
2026-09-19 05:33:54.936,buy,97.94,0.348695,34.15
2026-09-19 05:34:22.490,sell,97.98,0.113988,11.17
2026-09-19 05:34:27.303,sell,97.98,0.935863,91.7
2026-09-19 05:34:37.060,buy,97.98,0.136563,13.38
2026-09-19 05:35:03.206,buy,97.99,0.102048,10.0
2026-09-19 05:35:13.558,sell,97.99,0.229897,22.53
2026-09-19 05:35:14.498,buy,97.99,0.310017,30.38
2026-09-19 05:35:15.928,sell,97.99,0.149247,14.63
2026-09-19 05:35:23.817,sell,97.99,1.572422,154.09
2026-09-19 05:35:54.906,buy,97.99,0.102048,10.0
2026-09-19 05:36:03.496,buy,98.03,0.41304,40.49
2026-09-19 05:36:08.542,sell,98.03,0.102006,10.0
2026-09-19 05:36:13.624,buy,98.03,5.539093,543.02
2026-09-19 05:36:31.306,sell,98.03,2.091989,205.08
2026-09-19 05:36:33.722,buy,98.03,1.240217,121.58
2026-09-19 05:37:09.742,buy,98.02,0.660184,64.71
2026-09-19 05:37:41.130,buy,98.02,0.460414,45.13
2026-09-19 05:37:41.791,sell,98.02,35.981616,3526.89
2026-09-19 05:37:44.801,sell,98.02,0.511342,50.12
2026-09-19 05:37:57.016,buy,98.02,3.761887,368.74
2026-09-19 05:38:01.492,sell,98.09,3.001183,294.39
2026-09-19 05:38:10.646,buy,98.09,2.746975,269.45
2026-09-19 05:38:21.389,buy,98.09,0.101946,10.0
2026-09-19 05:38:45.863,sell,98.09,0.101946,10.0
2026-09-19 05:39:03.761,sell,98.16,0.505568,49.63
2026-09-19 05:39:07.633,sell,98.16,1.024899,100.6
2026-09-19 05:39:59.971,buy,98.16,0.159378,15.64
2026-09-19 05:40:00.895,buy,98.17,1.715578,168.41
2026-09-19 05:40:40.527,buy,98.17,0.114618,11.25
2026-09-19 05:40:44.756,sell,98.17,0.367668,36.09
2026-09-19 05:40:56.733,buy,98.17,0.406656,39.92
2026-09-19 05:41:18.454,sell,98.1,0.298569,29.29
2026-09-19 05:41:29.205,sell,98.1,8.518127,835.66
2026-09-19 05:41:36.695,buy,98.1,0.931566,91.39
2026-09-19 05:41:56.679,buy,98.1,0.132693,13.02
2026-09-19 05:42:43.371,sell,98.1,0.122326,12.0
2026-09-19 05:42:45.520,sell,98.1,2.657296,260.67
2026-09-19 05:42:57.347,buy,98.1,0.596771,58.54
2026-09-19 05:43:01.403,buy,98.11,0.317524,31.15
2026-09-19 05:43:05.749,buy,98.11,0.101925,10.0
2026-09-19 05:43:06.468,buy,98.11,0.2411,23.65
2026-09-19 05:43:17.791,sell,98.11,0.866568,85.02
2026-09-19 05:43:36.075,sell,98.11,0.101925,10.0
2026-09-19 05:43:40.106,sell,98.11,0.531096,52.11
2026-09-19 05:43:53.108,sell,98.11,0.558724,54.82
2026-09-19 05:44:01.264,buy,98.26,1.256945,123.5
2026-09-19 05:44:02.395,buy,98.26,0.101775,10.0
2026-09-19 05:44:05.656,buy,98.26,5.702442,560.3
2026-09-19 05:44:08.966,sell,98.26,1.910568,187.72
2026-09-19 05:44:21.799,sell,98.26,1.997211,196.24
2026-09-19 05:44:26.376,buy,98.26,1.714386,168.45
2026-09-19 05:44:53.823,sell,98.26,0.408465,40.13
2026-09-19 05:44:55.408,sell,98.26,0.797198,78.33
2026-09-19 05:45:06.123,buy,98.16,3.259537,319.96
2026-09-19 05:45:13.667,sell,98.16,0.141644,13.9
2026-09-19 05:45:18.105,sell,98.16,1.611662,158.2
2026-09-19 05:45:34.250,sell,98.16,0.74383,73.01
2026-09-19 05:45:34.481,buy,98.16,0.442725,43.46
2026-09-19 05:45:36.480,buy,98.16,0.101874,10.0
2026-09-19 05:45:40.278,buy,98.16,0.231746,22.75
2026-09-19 05:45:49.099,buy,98.16,0.844519,82.9
2026-09-19 05:46:07.630,sell,98.24,0.101792,10.0
2026-09-19 05:46:26.202,sell,98.24,1.697896,166.8
2026-09-19 05:46:28.273,buy,98.24,0.209639,20.59
2026-09-19 05:46:40.341,buy,98.24,0.132046,12.97
2026-09-19 05:46:55.446,buy,98.24,0.101792,10.0
2026-09-19 05:47:03.640,buy,98.24,0.237189,23.3
2026-09-19 05:47:07.675,buy,98.24,1.127142,110.73
2026-09-19 05:47:08.700,buy,98.24,0.101794,10.0
2026-09-19 05:47:09.465,buy,98.24,0.13379,13.14
2026-09-19 05:47:13.887,buy,98.24,7.895874,775.67
2026-09-19 05:47:14.792,sell,98.24,0.65515,64.36
2026-09-19 05:47:54.873,buy,98.24,0.101794,10.0
2026-09-19 05:47:55.112,buy,98.24,1.113971,109.43
2026-09-19 05:48:34.868,sell,98.28,0.127992,12.58
2026-09-19 05:48:43.925,buy,98.28,0.101755,10.0
2026-09-19 05:48:55.127,buy,98.28,0.245668,24.14
2026-09-19 05:49:09.377,sell,98.25,0.101782,10.0
2026-09-19 05:49:13.144,sell,98.25,0.101782,10.0
2026-09-19 05:49:15.425,sell,98.25,0.101782,10.0
2026-09-19 05:49:28.954,sell,98.25,4.519545,444.04
2026-09-19 05:49:47.158,sell,98.25,0.617544,60.67
2026-09-19 05:50:13.828,sell,98.3,0.531808,52.27
2026-09-19 05:50:28.629,buy,98.3,0.11843,11.64
2026-09-19 05:50:30.506,buy,98.3,1.572833,154.6
2026-09-19 05:50:33.163,sell,98.3,0.101734,10.0
2026-09-19 05:50:54.953,sell,98.3,0.21699,21.33
2026-09-19 05:50:56.549,buy,98.3,0.800206,78.66
2026-09-19 05:50:57.192,buy,98.3,0.101734,10.0
2026-09-19 05:51:03.203,sell,98.18,0.101853,10.0
2026-09-19 05:51:13.776,sell,98.18,6.086463,597.57
2026-09-19 05:51:14.596,buy,98.18,5.198039,510.34
2026-09-19 05:51:15.730,sell,98.18,1.267405,124.43
2026-09-19 05:51:16.364,sell,98.18,0.101853,10.0
2026-09-19 05:51:25.694,buy,98.18,0.101853,10.0
2026-09-19 05:51:49.513,sell,98.18,0.28691,28.17
2026-09-19 05:51:58.771,sell,98.18,0.107074,10.51
2026-09-19 05:52:00.054,sell,98.15,0.176834,17.36
2026-09-19 05:52:14.829,buy,98.15,0.846833,83.12
2026-09-19 05:52:27.707,sell,98.15,6.9486,682.0
2026-09-19 05:52:28.240,sell,98.15,0.266287,26.14
2026-09-19 05:52:37.024,buy,98.15,0.101886,10.0
2026-09-19 05:52:40.707,buy,98.15,1.211253,118.88
2026-09-19 05:52:41.018,buy,98.15,0.120452,11.82
2026-09-19 05:53:17.732,sell,98.17,0.130257,12.79
2026-09-19 05:53:24.917,buy,98.17,0.774676,76.05
2026-09-19 05:53:26.899,buy,98.17,0.116719,11.46
2026-09-19 05:53:26.899,buy,98.17,2.127624,208.88
2026-09-19 05:53:27.851,buy,98.17,1.642446,161.25
2026-09-19 05:53:28.153,sell,98.17,2.004893,196.83
2026-09-19 05:53:30.901,buy,98.17,0.414668,40.71
2026-09-19 05:53:51.710,buy,98.17,4.319131,424.03
2026-09-19 05:54:02.819,buy,98.08,0.895388,87.82
2026-09-19 05:54:20.086,buy,98.08,0.10282,10.09
2026-09-19 05:54:20.911,buy,98.08,0.144989,14.22
2026-09-19 05:54:49.301,sell,98.08,0.101953,10.0
2026-09-19 05:54:52.935,buy,98.08,1.041177,102.12
2026-09-19 05:54:54.221,sell,98.08,0.486138,47.68
2026-09-19 05:55:03.053,buy,98.1,0.837985,82.21
2026-09-19 05:55:31.517,buy,98.1,0.192707,18.9
2026-09-19 05:55:41.425,sell,98.1,0.55115,54.07
2026-09-19 05:56:09.059,sell,98.14,0.1019,10.0
2026-09-19 05:56:14.038,sell,98.14,0.657802,64.55
2026-09-19 05:56:31.243,sell,98.14,0.1019,10.0
2026-09-19 05:56:49.764,buy,98.14,0.188451,18.49
2026-09-19 05:57:19.134,buy,98.22,0.101811,10.0
2026-09-19 05:57:27.139,sell,98.22,0.402659,39.55
2026-09-19 05:57:38.342,buy,98.22,0.213574,20.98
2026-09-19 05:57:50.350,buy,98.22,2.294997,225.42
2026-09-19 05:58:19.571,sell,98.29,0.199447,19.6
2026-09-19 05:58:26.816,buy,98.29,0.307305,30.21
2026-09-19 05:58:37.111,buy,98.29,0.170236,16.73
2026-09-19 05:59:03.795,buy,98.24,0.101789,10.0
2026-09-19 05:59:21.670,buy,98.24,0.101789,10.0
2026-09-19 05:59:22.933,buy,98.24,0.433557,42.59
2026-09-19 05:59:24.568,sell,98.24,0.465215,45.7
2026-09-19 05:59:39.933,buy,98.24,19.978503,1962.73
2026-09-19 05:59:44.036,buy,98.24,0.742684,72.96
2026-09-19 05:59:59.424,sell,98.24,0.101789,10.0
2026-09-19 06:00:01.784,buy,98.33,0.366842,36.07
2026-09-19 06:00:03.159,sell,98.33,0.834571,82.07
2026-09-19 06:00:17.419,sell,98.33,0.220486,21.68
2026-09-19 06:00:52.444,buy,98.33,0.34255,33.68
2026-09-19 06:01:01.479,sell,98.31,0.126667,12.45
2026-09-19 06:01:05.093,sell,98.31,0.867379,85.27
2026-09-19 06:01:06.079,sell,98.31,0.687557,67.59
2026-09-19 06:01:12.104,sell,98.31,1.291874,127.0
2026-09-19 06:01:53.316,buy,98.31,0.396839,39.01
2026-09-19 06:01:55.468,buy,98.31,0.101722,10.0
2026-09-19 06:01:57.931,sell,98.31,0.213266,20.97
2026-09-19 06:02:02.098,buy,98.42,33.629953,3309.81
2026-09-19 06:02:21.924,buy,98.42,1.599594,157.43
2026-09-19 06:02:22.809,buy,98.42,0.191857,18.88
2026-09-19 06:02:27.696,sell,98.42,0.225018,22.15
2026-09-19 06:02:29.434,buy,98.42,1.595106,156.99
2026-09-19 06:02:32.945,buy,98.42,0.101607,10.0
2026-09-19 06:02:37.204,sell,98.42,1.372194,135.05
2026-09-19 06:02:41.553,sell,98.42,2.440702,240.21
2026-09-19 06:03:35.442,buy,98.48,0.409919,40.37
2026-09-19 06:03:38.262,sell,98.48,1.341624,132.13
2026-09-19 06:03:48.363,buy,98.48,5.717241,563.05
2026-09-19 06:04:07.877,sell,98.45,0.366354,36.07
2026-09-19 06:04:18.929,sell,98.45,0.10157,10.0
2026-09-19 06:04:42.809,sell,98.45,2.840385,279.65
2026-09-19 06:04:51.784,sell,98.45,0.207755,20.45
2026-09-19 06:05:12.045,buy,98.46,9.45555,930.98
2026-09-19 06:05:25.169,buy,98.46,1.101015,108.4
2026-09-19 06:05:30.360,sell,98.46,0.118643,11.68
2026-09-19 06:05:34.001,buy,98.46,0.135616,13.35
2026-09-19 06:05:47.624,buy,98.46,0.34351,33.82
2026-09-19 06:05:48.676,sell,98.46,2.156051,212.28
2026-09-19 06:05:57.289,sell,98.46,0.34534,34.0
2026-09-19 06:06:02.926,sell,98.53,0.21834,21.51
2026-09-19 06:06:16.960,buy,98.53,0.537076,52.92
2026-09-19 06:06:28.011,sell,98.53,0.146963,14.48
2026-09-19 06:06:42.622,sell,98.53,0.337126,33.22
2026-09-19 06:06:45.529,buy,98.53,0.70341,69.31
2026-09-19 06:07:07.747,sell,98.55,0.5666,55.84
2026-09-19 06:07:22.430,sell,98.55,0.395819,39.01
2026-09-19 06:07:30.837,sell,98.55,0.389296,38.37
2026-09-19 06:07:32.379,buy,98.55,10.353657,1020.39
2026-09-19 06:07:32.732,buy,98.55,0.109472,10.79
2026-09-19 06:07:36.862,sell,98.55,0.153867,15.16
2026-09-19 06:08:19.719,buy,98.44,0.121832,11.99
2026-09-19 06:08:19.762,sell,98.44,0.443678,43.67
2026-09-19 06:08:24.404,sell,98.44,3.206392,315.62
2026-09-19 06:08:53.403,buy,98.44,2.992363,294.56
2026-09-19 06:09:10.245,buy,98.38,0.20066,19.74
2026-09-19 06:09:13.908,buy,98.38,0.170663,16.79
2026-09-19 06:09:21.598,buy,98.38,0.963425,94.78
2026-09-19 06:09:23.915,buy,98.38,0.263572,25.93
2026-09-19 06:09:42.856,sell,98.38,0.432627,42.56
2026-09-19 06:09:58.902,buy,98.38,0.143531,14.12
2026-09-19 06:10:05.525,sell,98.47,0.101552,10.0
2026-09-19 06:10:21.296,sell,98.47,0.125997,12.41
2026-09-19 06:10:23.481,buy,98.47,0.101552,10.0
2026-09-19 06:10:24.748,sell,98.47,0.190284,18.74
2026-09-19 06:10:27.451,sell,98.47,7.294542,718.31
2026-09-19 06:10:55.440,sell,98.47,0.101552,10.0
2026-09-19 06:10:58.660,sell,98.47,0.966888,95.21
2026-09-19 06:11:02.476,buy,98.4,0.459245,45.19
2026-09-19 06:11:04.442,buy,98.4,0.101625,10.0
2026-09-19 06:11:06.862,sell,98.4,0.987208,97.14
2026-09-19 06:11:13.601,buy,98.4,0.784906,77.24
2026-09-19 06:11:17.309,sell,98.4,0.280994,27.65
2026-09-19 06:11:40.950,sell,98.4,0.101625,10.0
2026-09-19 06:11:50.071,sell,98.4,0.101625,10.0
2026-09-19 06:12:01.455,sell,98.46,0.527077,51.89
2026-09-19 06:12:22.123,sell,98.46,0.101567,10.0
2026-09-19 06:12:24.684,buy,98.46,0.101567,10.0
2026-09-19 06:12:32.849,sell,98.46,0.613426,60.4
2026-09-19 06:12:33.778,sell,98.46,0.101567,10.0
2026-09-19 06:12:36.754,sell,98.46,0.385646,37.97
2026-09-19 06:12:37.635,sell,98.46,0.666617,65.63
2026-09-19 06:12:39.345,buy,98.46,0.416701,41.03
2026-09-19 06:13:00.714,buy,98.45,0.101579,10.0
2026-09-19 06:13:02.788,sell,98.45,0.490634,48.3
2026-09-19 06:13:39.167,buy,98.45,2.624661,258.39
2026-09-19 06:13:41.508,buy,98.45,0.101579,10.0
2026-09-19 06:14:07.788,sell,98.41,2.674219,263.16
2026-09-19 06:14:16.876,buy,98.41,0.290859,28.62
2026-09-19 06:14:37.881,buy,98.41,1.798652,177.0
2026-09-19 06:14:53.197,sell,98.41,1.992698,196.1
2026-09-19 06:14:54.037,sell,98.41,0.101619,10.0
2026-09-19 06:14:55.728,buy,98.41,3.0524,300.38
2026-09-19 06:14:59.617,sell,98.41,3.677511,361.89
2026-09-19 06:15:01.074,sell,98.51,0.10151,10.0
2026-09-19 06:15:33.764,sell,98.51,0.10151,10.0
2026-09-19 06:15:41.377,sell,98.51,0.10151,10.0
2026-09-19 06:15:57.061,buy,98.51,2.406726,237.09
2026-09-19 06:16:04.612,buy,98.5,0.173197,17.06
2026-09-19 06:16:11.236,buy,98.5,0.114848,11.31
2026-09-19 06:16:17.497,sell,98.5,0.107661,10.6
2026-09-19 06:16:43.959,buy,98.5,7.399916,728.87
2026-09-19 06:16:49.152,sell,98.5,0.463717,45.67
2026-09-19 06:16:51.540,buy,98.5,5.144711,506.74
2026-09-19 06:16:58.395,buy,98.5,0.101526,10.0
2026-09-19 06:17:37.300,buy,98.49,0.101533,10.0
2026-09-19 06:17:39.353,buy,98.49,3.90679,384.78
2026-09-19 06:17:43.945,sell,98.49,2.190207,215.71
2026-09-19 06:17:51.152,sell,98.49,0.101533,10.0
2026-09-19 06:18:01.740,buy,98.5,0.424554,41.82
2026-09-19 06:18:05.519,buy,98.5,3.956134,389.7
2026-09-19 06:18:20.639,buy,98.5,0.311933,30.73
2026-09-19 06:18:28.092,sell,98.5,0.131784,12.98
2026-09-19 06:18:47.544,buy,98.5,3.104284,305.78
2026-09-19 06:19:00.352,buy,98.45,2.056581,202.47
2026-09-19 06:19:15.160,buy,98.45,1.243965,122.47
2026-09-19 06:19:50.130,buy,98.45,0.237637,23.4
2026-09-19 06:20:19.264,buy,98.4,0.16481,16.22
2026-09-19 06:20:26.369,buy,98.4,0.425002,41.82
2026-09-19 06:20:37.324,sell,98.4,0.911155,89.66
2026-09-19 06:20:47.475,sell,98.4,0.831552,81.82
2026-09-19 06:21:35.058,sell,98.36,0.544298,53.53
2026-09-19 06:21:55.471,buy,98.36,0.375244,36.91
2026-09-19 06:21:58.885,buy,98.36,0.279824,27.52
2026-09-19 06:22:01.647,buy,98.35,7.156648,703.88
2026-09-19 06:22:25.233,sell,98.35,0.455626,44.81
2026-09-19 06:22:27.971,buy,98.35,0.110437,10.86
2026-09-19 06:23:13.399,buy,98.37,1.225109,120.51
2026-09-19 06:23:18.218,buy,98.37,0.113845,11.2
2026-09-19 06:23:30.709,buy,98.37,3.068077,301.81
2026-09-19 06:23:52.991,buy,98.37,0.101657,10.0
2026-09-19 06:24:06.121,sell,98.45,0.136737,13.46
2026-09-19 06:24:45.439,buy,98.45,1.130811,111.33
2026-09-19 06:24:50.243,buy,98.45,0.269551,26.54
2026-09-19 06:25:06.920,buy,98.49,1.81152,178.43
2026-09-19 06:25:21.647,sell,98.49,0.101528,10.0
2026-09-19 06:25:37.040,sell,98.49,0.107185,10.56
2026-09-19 06:25:58.227,buy,98.49,8.882648,874.89
2026-09-19 06:26:25.693,buy,98.48,0.794621,78.25
2026-09-19 06:26:31.371,buy,98.48,0.101547,10.0
2026-09-19 06:26:34.275,sell,98.48,1.435992,141.41
2026-09-19 06:26:40.000,sell,99.25,10.075567,1000.0
2026-09-19 06:26:50.947,sell,98.48,0.29559,29.11
2026-09-19 06:26:52.405,sell,98.48,0.351906,34.65
2026-09-19 06:27:05.976,buy,98.4,0.943285,92.82
2026-09-19 06:27:27.635,sell,98.4,0.347422,34.19
2026-09-19 06:27:57.905,sell,98.4,0.101625,10.0
2026-09-19 06:28:03.063,sell,98.49,0.791437,77.95
2026-09-19 06:28:27.106,sell,98.49,0.101535,10.0
2026-09-19 06:28:29.195,buy,98.49,0.294084,28.96
2026-09-19 06:28:30.985,buy,98.49,0.101535,10.0
2026-09-19 06:28:32.495,sell,98.49,0.199044,19.6
2026-09-19 06:28:36.776,buy,98.49,0.151,14.87
2026-09-19 06:29:15.269,sell,98.53,0.235454,23.2
2026-09-19 06:29:22.631,sell,98.53,0.101494,10.0
2026-09-19 06:29:30.784,sell,98.53,0.101494,10.0
2026-09-19 06:29:35.483,sell,98.53,0.319093,31.44
2026-09-19 06:30:13.767,sell,98.48,0.111639,10.99
2026-09-19 06:30:43.768,buy,98.48,1.017401,100.2
2026-09-19 06:30:48.970,buy,98.48,0.101539,10.0
2026-09-19 06:30:54.002,sell,98.48,0.251237,24.74
2026-09-19 06:31:19.508,buy,98.45,0.131665,12.96
2026-09-19 06:31:25.741,sell,98.45,1.601556,157.68
2026-09-19 06:31:31.184,buy,98.45,0.493026,48.54
2026-09-19 06:31:32.036,sell,98.45,0.28321,27.88
2026-09-19 06:31:37.198,sell,98.45,1.297819,127.77
2026-09-19 06:31:50.829,buy,98.45,0.860854,84.75
2026-09-19 06:31:56.711,buy,98.45,0.73404,72.27
2026-09-19 06:32:16.902,buy,98.45,0.4227,41.62
2026-09-19 06:32:17.470,buy,98.45,0.381263,37.54
2026-09-19 06:32:22.544,buy,98.45,0.151817,14.95
2026-09-19 06:32:37.053,sell,98.45,0.256683,25.27
2026-09-19 06:32:45.325,sell,98.45,0.101573,10.0
2026-09-19 06:32:46.679,buy,98.45,0.226079,22.26
2026-09-19 06:32:58.636,buy,98.45,0.272913,26.87
2026-09-19 06:33:06.424,sell,98.37,1.164508,114.55
2026-09-19 06:33:15.859,buy,98.37,0.16846,16.57
2026-09-19 06:33:18.992,buy,98.37,0.538975,53.02
2026-09-19 06:33:50.198,sell,98.37,4.203622,413.49
2026-09-19 06:34:15.461,buy,98.36,0.101669,10.0
2026-09-19 06:34:27.572,buy,98.36,1.918183,188.67
2026-09-19 06:34:27.968,buy,98.36,0.203326,20.0
2026-09-19 06:34:36.501,buy,98.36,0.384926,37.86
2026-09-19 06:34:45.210,sell,98.36,0.222009,21.84
2026-09-19 06:35:00.480,buy,98.35,0.392782,38.63
2026-09-19 06:35:07.327,sell,98.35,1.639171,161.21
2026-09-19 06:35:21.867,sell,98.35,0.276737,27.22
2026-09-19 06:35:27.727,buy,98.35,0.270434,26.6
2026-09-19 06:35:27.833,sell,98.35,0.703267,69.16
2026-09-19 06:35:37.256,buy,98.35,3.893176,382.88
2026-09-19 06:35:49.463,buy,98.35,0.328268,32.28
2026-09-19 06:36:00.669,buy,98.32,0.352428,34.65
2026-09-19 06:36:03.183,sell,98.32,0.339194,33.35
2026-09-19 06:36:25.159,buy,98.32,0.179182,17.62
2026-09-19 06:36:27.151,sell,98.32,0.101706,10.0
2026-09-19 06:36:27.158,sell,98.32,0.474642,46.67
2026-09-19 06:36:34.316,buy,98.32,0.410481,40.36
2026-09-19 06:36:45.118,sell,98.32,3.178083,312.48
2026-09-19 06:36:58.422,sell,98.32,0.101706,10.0
2026-09-19 06:37:03.890,buy,98.31,1.089141,107.07
2026-09-19 06:37:17.281,buy,98.31,4.631223,455.29
2026-09-19 06:37:41.016,buy,98.31,0.663815,65.26
2026-09-19 06:37:42.635,sell,98.31,0.960245,94.4
2026-09-19 06:37:53.849,sell,98.31,1.265703,124.43
2026-09-19 06:38:13.430,sell,98.3,0.234309,23.03
2026-09-19 06:38:15.407,sell,98.3,0.334851,32.92
2026-09-19 06:38:18.154,sell,98.3,0.664029,65.28
2026-09-19 06:38:33.430,buy,98.3,3.42068,336.26
2026-09-19 06:38:39.963,buy,98.3,0.289536,28.46
2026-09-19 06:38:48.288,sell,98.3,1.328126,130.56
2026-09-19 06:38:55.428,buy,98.3,0.853823,83.93
2026-09-19 06:38:58.628,sell,98.3,0.868209,85.35
2026-09-19 06:39:04.663,buy,98.3,0.748739,73.6
2026-09-19 06:39:08.000,sell,99.18,100.82678,10000.0
2026-09-19 06:39:15.293,buy,98.3,0.101726,10.0
2026-09-19 06:39:31.658,sell,98.3,0.43984,43.24
2026-09-19 06:39:33.495,buy,98.3,0.101726,10.0
2026-09-19 06:39:54.493,buy,98.3,0.104,10.22
2026-09-19 06:39:54.806,buy,98.3,0.37367,36.73
2026-09-19 06:39:57.861,sell,98.3,2.193658,215.64
2026-09-19 06:40:05.726,sell,98.36,0.101665,10.0
2026-09-19 06:40:08.224,sell,98.36,8.137238,800.4
2026-09-19 06:40:19.232,sell,98.36,0.101665,10.0
2026-09-19 06:40:26.940,sell,98.36,0.182768,17.98
2026-09-19 06:40:28.345,buy,98.36,33.560412,3301.08
2026-09-19 06:40:47.558,buy,98.36,1.42379,140.05
2026-09-19 06:40:51.133,sell,98.36,0.101665,10.0
2026-09-19 06:41:24.151,buy,98.28,0.18085,17.77
2026-09-19 06:41:51.342,buy,98.28,3.049924,299.75
2026-09-19 06:41:56.776,sell,98.28,0.145215,14.27
2026-09-19 06:42:12.327,sell,98.25,1.263638,124.16
2026-09-19 06:42:14.611,buy,98.25,1.381389,135.73
2026-09-19 06:42:28.336,buy,98.25,0.101778,10.0
2026-09-19 06:42:38.444,sell,98.25,0.101778,10.0
2026-09-19 06:42:40.706,sell,98.25,5.743143,564.28
2026-09-19 06:42:58.955,sell,98.25,1.380452,135.63
2026-09-19 06:43:00.953,buy,98.28,7.35614,722.97
2026-09-19 06:43:06.601,sell,98.28,0.268539,26.39
2026-09-19 06:43:12.201,sell,98.28,0.839706,82.53
2026-09-19 06:43:28.165,sell,98.28,0.101749,10.0
2026-09-19 06:43:30.402,sell,98.28,0.101749,10.0
2026-09-19 06:43:47.673,sell,98.28,0.101749,10.0
2026-09-19 06:43:51.343,buy,98.28,0.795115,78.15
2026-09-19 06:44:17.895,buy,98.29,0.368787,36.25
2026-09-19 06:44:22.074,sell,98.29,0.101739,10.0
2026-09-19 06:44:25.426,buy,98.29,0.263915,25.94
2026-09-19 06:44:29.336,buy,98.29,12.803043,1258.43
2026-09-19 06:44:29.505,buy,98.29,0.332399,32.67
2026-09-19 06:44:30.908,sell,98.29,0.80099,78.73
2026-09-19 06:45:07.433,buy,98.37,1.017816,100.12
2026-09-19 06:45:16.557,buy,98.37,2.674817,263.12
2026-09-19 06:45:21.091,buy,98.37,0.109808,10.8
2026-09-19 06:45:21.843,buy,98.37,0.101659,10.0
2026-09-19 06:45:38.682,sell,98.37,0.753048,74.08
2026-09-19 06:46:19.074,buy,98.43,0.68016,66.95
2026-09-19 06:46:21.565,sell,98.43,2.481593,244.27
2026-09-19 06:46:27.711,buy,98.43,0.11623,11.44
2026-09-19 06:46:36.908,sell,98.43,0.986394,97.09
2026-09-19 06:46:51.298,sell,98.43,0.101591,10.0
2026-09-19 06:47:16.330,buy,98.45,0.273887,26.96
2026-09-19 06:47:26.640,sell,98.45,0.154169,15.18
2026-09-19 06:47:30.639,sell,98.45,0.15557,15.32
2026-09-19 06:48:01.723,sell,98.43,0.735142,72.36
2026-09-19 06:48:14.682,sell,98.43,0.366316,36.06
2026-09-19 06:48:17.444,buy,98.43,1.25851,123.87
2026-09-19 06:48:30.421,buy,98.43,0.169125,16.65
2026-09-19 06:48:41.495,sell,98.43,0.101599,10.0
2026-09-19 06:48:46.994,sell,98.43,0.391309,38.52
2026-09-19 06:48:49.522,sell,98.43,0.370628,36.48
2026-09-19 06:49:21.874,sell,98.41,0.101613,10.0
2026-09-19 06:49:39.453,buy,98.41,0.101613,10.0
2026-09-19 06:49:41.045,buy,98.41,3.150866,310.09
2026-09-19 06:49:45.940,buy,98.41,0.671304,66.07
2026-09-19 06:49:48.323,buy,98.41,50.038975,4924.48
2026-09-19 06:49:57.187,buy,98.41,1.957634,192.66
2026-09-19 06:49:59.607,sell,98.41,0.101613,10.0
2026-09-19 06:50:04.592,buy,98.45,0.142358,14.01
2026-09-19 06:50:08.598,sell,98.45,0.329362,32.42
2026-09-19 06:50:31.027,buy,98.45,2.048721,201.69
2026-09-19 06:50:39.169,sell,98.45,1.268014,124.83
2026-09-19 06:50:44.774,sell,98.45,0.132919,13.09
2026-09-19 06:50:55.606,buy,98.45,0.464716,45.75
2026-09-19 06:51:02.555,sell,98.43,0.556316,54.76
2026-09-19 06:51:26.605,sell,98.43,0.101594,10.0
2026-09-19 06:51:49.759,buy,98.43,5.563712,547.64
2026-09-19 06:51:56.675,buy,98.43,0.101594,10.0
2026-09-19 06:52:03.067,sell,98.45,0.621219,61.16
2026-09-19 06:52:19.041,sell,98.45,0.699346,68.85
2026-09-19 06:52:22.319,buy,98.45,0.190642,18.77
2026-09-19 06:52:40.795,sell,98.45,0.101576,10.0
2026-09-19 06:52:43.508,sell,98.45,0.885392,87.17
2026-09-19 06:52:46.365,buy,98.45,0.914015,89.98
2026-09-19 06:52:52.095,buy,98.45,1.364761,134.36
2026-09-19 06:53:10.926,sell,98.39,0.10164,10.0
2026-09-19 06:53:11.235,sell,98.39,0.10164,10.0
2026-09-19 06:53:15.022,sell,98.39,0.10164,10.0
2026-09-19 06:53:16.920,sell,98.39,0.10164,10.0
2026-09-19 06:53:25.513,buy,98.39,0.290729,28.6
2026-09-19 06:53:34.116,sell,98.39,0.318313,31.32
2026-09-19 06:53:37.581,buy,98.39,1.024441,100.79
2026-09-19 06:54:14.148,sell,98.33,0.101694,10.0
2026-09-19 06:54:16.772,buy,98.33,0.101694,10.0
2026-09-19 06:54:21.205,sell,98.33,0.101694,10.0
2026-09-19 06:54:42.683,buy,98.33,0.23698,23.3
2026-09-19 06:54:54.380,sell,98.33,0.121909,11.99
2026-09-19 06:55:03.202,buy,98.37,0.289038,28.43
2026-09-19 06:55:05.671,sell,98.37,0.105782,10.41
2026-09-19 06:55:11.557,buy,98.37,0.381343,37.51
2026-09-19 06:55:21.046,sell,98.37,0.132441,13.03
2026-09-19 06:55:29.862,buy,98.37,1.024393,100.77
2026-09-19 06:55:31.674,sell,98.37,1.836968,180.7
2026-09-19 06:55:51.053,sell,98.37,1.772473,174.36
2026-09-19 06:55:52.087,buy,98.37,0.30608,30.11
2026-09-19 06:56:14.990,sell,98.3,0.213089,20.95
2026-09-19 06:56:19.353,buy,98.3,0.101728,10.0
2026-09-19 06:56:30.356,sell,98.3,0.375124,36.88
2026-09-19 06:56:33.888,sell,98.3,2.488944,244.67
2026-09-19 06:56:53.156,sell,98.3,0.402423,39.56
2026-09-19 06:57:22.919,buy,98.24,0.250442,24.6
2026-09-19 06:57:27.122,buy,98.24,0.201463,19.79
2026-09-19 06:57:40.931,buy,98.24,0.187869,18.46
2026-09-19 06:57:44.614,sell,98.24,3.567184,350.43
2026-09-19 06:57:54.782,sell,98.24,0.101794,10.0
2026-09-19 06:57:57.670,sell,98.24,0.149462,14.68
2026-09-19 06:58:21.374,sell,98.3,0.141472,13.91
2026-09-19 06:58:33.459,sell,98.3,5.951746,585.06
2026-09-19 06:58:38.266,sell,98.3,0.423188,41.6
2026-09-19 06:58:41.477,buy,98.3,1.606461,157.92
2026-09-19 06:58:45.552,sell,98.3,6.746438,663.18
2026-09-19 06:58:47.103,buy,98.3,0.107223,10.54
2026-09-19 06:58:58.342,sell,98.3,1.046457,102.87
2026-09-19 06:59:06.329,buy,98.26,0.101768,10.0
2026-09-19 06:59:17.532,sell,98.26,3.396051,333.71
2026-09-19 06:59:17.725,sell,98.26,1.503552,147.74
2026-09-19 06:59:20.401,buy,98.26,0.151551,14.89
2026-09-19 06:59:39.301,buy,98.26,0.435044,42.75
2026-09-19 06:59:56.179,sell,98.26,0.104833,10.3
2026-09-19 07:00:08.330,sell,98.35,0.10168,10.0
2026-09-19 07:00:15.907,buy,98.35,2.151108,211.56
2026-09-19 07:00:43.769,sell,98.35,0.10168,10.0
2026-09-19 07:00:59.134,sell,98.35,0.10168,10.0
2026-09-19 07:01:02.239,sell,98.33,0.201839,19.85
2026-09-19 07:01:05.721,sell,98.33,1.489655,146.48
2026-09-19 07:01:09.231,buy,98.33,1.196346,117.64
2026-09-19 07:01:12.377,sell,98.33,1.345817,132.33
2026-09-19 07:01:21.096,sell,98.33,0.701419,68.97
2026-09-19 07:01:22.016,sell,98.33,0.103835,10.21
2026-09-19 07:01:40.601,sell,98.33,0.101699,10.0
2026-09-19 07:01:42.938,sell,98.33,1.122473,110.37
2026-09-19 07:02:11.203,buy,98.35,1.15921,114.01
2026-09-19 07:02:33.841,sell,98.35,0.101673,10.0
2026-09-19 07:02:41.419,buy,98.35,22.671795,2229.86
2026-09-19 07:02:56.756,sell,98.35,0.29476,28.99
2026-09-19 07:03:12.620,sell,98.4,0.101631,10.0
2026-09-19 07:03:16.674,sell,98.4,0.275278,27.09
2026-09-19 07:03:24.537,sell,98.4,2.367771,232.98
2026-09-19 07:03:25.390,buy,98.4,9.570993,941.74
2026-09-19 07:03:29.080,sell,98.4,0.101631,10.0
2026-09-19 07:04:06.985,buy,98.35,2.111129,207.63
2026-09-19 07:04:10.069,buy,98.35,0.101678,10.0
2026-09-19 07:04:36.782,sell,98.35,0.101678,10.0
2026-09-19 07:04:44.817,sell,98.35,2.556663,251.45
2026-09-19 07:04:46.520,buy,98.35,0.472705,46.49
2026-09-19 07:04:49.679,buy,98.35,0.891571,87.69
2026-09-19 07:04:53.990,buy,98.35,0.141716,13.94
2026-09-19 07:04:54.871,buy,98.35,0.108389,10.66
2026-09-19 07:05:06.963,buy,98.4,0.523144,51.48
2026-09-19 07:05:19.103,sell,98.4,0.429941,42.31
2026-09-19 07:05:39.187,sell,98.4,0.101622,10.0
2026-09-19 07:05:44.407,buy,98.4,0.186222,18.32
2026-09-19 07:05:50.514,buy,98.4,0.101622,10.0
2026-09-19 07:05:50.557,buy,98.4,1.438092,141.51
2026-09-19 07:05:52.458,buy,98.4,1.917351,188.67
2026-09-19 07:06:03.461,sell,98.49,0.834828,82.23
2026-09-19 07:06:05.045,buy,98.49,0.707103,69.65
2026-09-19 07:06:05.662,sell,98.49,0.176295,17.36
2026-09-19 07:06:08.760,sell,98.49,0.101528,10.0
2026-09-19 07:06:30.789,sell,98.49,0.235751,23.22
2026-09-19 07:06:37.390,buy,98.49,0.804863,79.27
2026-09-19 07:06:43.379,buy,98.49,0.107704,10.61
2026-09-19 07:06:47.648,sell,98.49,0.105132,10.35
2026-09-19 07:07:02.600,sell,98.54,0.26687,26.3
2026-09-19 07:07:13.096,buy,98.54,0.827184,81.51
2026-09-19 07:07:22.844,buy,98.54,0.375089,36.96
2026-09-19 07:07:29.547,sell,98.54,0.101485,10.0
2026-09-19 07:07:56.385,sell,98.54,11.041944,1088.04
2026-09-19 07:08:16.319,buy,98.64,0.193471,19.08
2026-09-19 07:08:17.960,buy,98.64,0.14902,14.7
2026-09-19 07:08:28.205,buy,98.64,0.10138,10.0
2026-09-19 07:08:31.486,buy,98.64,1.233162,121.64
2026-09-19 07:08:46.979,buy,98.64,0.127246,12.55
2026-09-19 07:08:56.791,sell,98.64,2.676294,263.99
2026-09-19 07:09:04.955,sell,98.57,0.533423,52.58
2026-09-19 07:09:08.764,sell,98.57,0.109096,10.75
2026-09-19 07:09:14.365,buy,98.57,0.258544,25.48
2026-09-19 07:09:35.528,sell,98.57,0.191143,18.84
2026-09-19 07:09:39.190,buy,98.57,2.000876,197.23
2026-09-19 07:10:06.078,sell,98.5,2.679967,263.98
2026-09-19 07:10:06.721,buy,98.5,0.107231,10.56
2026-09-19 07:10:22.581,sell,98.5,3.782809,372.62
2026-09-19 07:11:28.303,buy,98.44,0.189927,18.7
2026-09-19 07:11:30.257,buy,98.44,0.496504,48.88
2026-09-19 07:11:42.709,sell,98.44,0.312947,30.81
2026-09-19 07:11:51.225,buy,98.44,1.861172,183.22
2026-09-19 07:11:53.000,sell,99.4,100.603622,10000.0
2026-09-19 07:12:02.060,buy,98.39,0.101634,10.0
2026-09-19 07:12:33.383,sell,98.39,2.810089,276.49
2026-09-19 07:12:46.316,buy,98.39,0.101634,10.0
2026-09-19 07:13:12.839,sell,98.4,0.800194,78.74
2026-09-19 07:13:24.191,buy,98.4,0.101631,10.0
2026-09-19 07:13:29.518,sell,98.4,0.278048,27.36
2026-09-19 07:13:30.434,buy,98.4,0.148789,14.64
2026-09-19 07:13:35.333,sell,98.4,0.101631,10.0
2026-09-19 07:13:38.591,sell,98.4,2.238675,220.28
2026-09-19 07:13:38.633,sell,98.4,0.101631,10.0
2026-09-19 07:13:49.727,buy,98.4,1.274317,125.39
2026-09-19 07:14:04.064,sell,98.51,0.333712,32.87
2026-09-19 07:14:05.533,sell,98.51,2.894292,285.12
2026-09-19 07:14:15.511,buy,98.51,1.48239,146.03
2026-09-19 07:14:38.515,sell,98.51,0.237729,23.42
2026-09-19 07:14:47.722,buy,98.51,2.470627,243.39
2026-09-19 07:14:53.643,buy,98.51,0.590969,58.22
2026-09-19 07:15:01.939,sell,98.52,0.101503,10.0
2026-09-19 07:15:11.610,sell,98.52,0.482844,47.57
2026-09-19 07:15:18.542,sell,98.52,0.123517,12.17
2026-09-19 07:15:25.393,sell,98.52,0.490992,48.37
2026-09-19 07:15:34.787,sell,98.52,0.198854,19.59
2026-09-19 07:15:43.059,sell,98.52,0.109183,10.76
2026-09-19 07:15:58.484,buy,98.52,8.756737,862.7
2026-09-19 07:16:02.115,buy,98.55,0.101474,10.0
2026-09-19 07:16:11.791,sell,98.55,0.101474,10.0
2026-09-19 07:16:20.107,buy,98.55,2.876404,283.46
2026-09-19 07:16:22.446,sell,98.55,1.58519,156.22
2026-09-19 07:16:25.220,buy,98.55,0.101474,10.0
2026-09-19 07:16:31.524,sell,98.55,0.186242,18.35
2026-09-19 07:16:52.370,buy,98.55,0.390474,38.48
2026-09-19 07:17:05.933,buy,98.62,0.172318,16.99
2026-09-19 07:17:06.232,buy,98.62,0.979315,96.58
2026-09-19 07:17:17.411,buy,98.62,0.101404,10.0
2026-09-19 07:17:27.000,buy,99.28,100.725222,10000.0
2026-09-19 07:17:32.608,sell,98.62,0.166322,16.4
2026-09-19 07:17:45.219,sell,98.62,35.211778,3472.41
2026-09-19 07:17:50.096,sell,98.62,2.724034,268.63
2026-09-19 07:17:58.482,buy,98.62,1.71644,169.27
2026-09-19 07:18:02.726,buy,98.47,0.101558,10.0
2026-09-19 07:18:17.273,buy,98.47,0.473018,46.58
2026-09-19 07:18:50.753,sell,98.47,1.337612,131.71
2026-09-19 07:19:03.496,buy,98.49,0.271053,26.7
2026-09-19 07:19:13.549,sell,98.49,0.167804,16.53
2026-09-19 07:19:14.482,buy,98.49,0.101531,10.0
2026-09-19 07:19:14.823,buy,98.49,0.132352,13.04
2026-09-19 07:19:38.002,buy,98.49,0.394907,38.9
2026-09-19 07:19:38.923,sell,98.49,0.15993,15.75
2026-09-19 07:19:39.832,buy,98.49,1.934691,190.55
2026-09-19 07:19:50.009,buy,98.49,0.189073,18.62
2026-09-19 07:20:07.641,buy,98.52,0.649992,64.04
2026-09-19 07:20:15.835,buy,98.52,2.276654,224.29
2026-09-19 07:20:19.164,buy,98.52,0.196581,19.37
2026-09-19 07:20:24.259,sell,98.52,0.101503,10.0
2026-09-19 07:20:47.709,sell,98.52,1.3962,137.55
2026-09-19 07:21:05.169,buy,98.41,1.55893,153.41
2026-09-19 07:21:08.263,sell,98.41,0.168103,16.54
2026-09-19 07:21:20.481,sell,98.41,3.242329,319.06
2026-09-19 07:21:22.634,sell,98.41,0.282303,27.78
2026-09-19 07:21:31.249,buy,98.41,1.884241,185.42
2026-09-19 07:21:34.055,sell,98.41,0.10162,10.0
2026-09-19 07:21:46.873,buy,98.41,0.524893,51.65
2026-09-19 07:21:58.407,sell,98.41,1.56725,154.23
2026-09-19 07:22:10.269,buy,98.38,1.888332,185.77
2026-09-19 07:22:12.791,buy,98.38,1.968709,193.67
2026-09-19 07:22:22.312,sell,98.38,0.101651,10.0
2026-09-19 07:22:37.360,buy,98.38,3.556184,349.84
2026-09-19 07:22:38.221,buy,98.38,0.755332,74.31
2026-09-19 07:22:43.421,buy,98.38,8.656956,851.64
2026-09-19 07:22:44.143,buy,98.38,2.643047,260.01
2026-09-19 07:23:07.529,buy,98.44,0.101589,10.0
2026-09-19 07:23:17.292,buy,98.44,0.183392,18.05
2026-09-19 07:23:35.773,buy,98.44,0.101589,10.0
2026-09-19 07:24:06.338,sell,98.52,0.499319,49.19
2026-09-19 07:24:20.705,buy,98.52,1.363495,134.33
2026-09-19 07:24:34.179,buy,98.52,1.157366,114.02
2026-09-19 07:25:08.820,buy,98.5,2.894643,285.12
2026-09-19 07:25:11.405,buy,98.5,1.922219,189.34
2026-09-19 07:25:18.184,sell,98.5,0.392911,38.7
2026-09-19 07:25:21.255,buy,98.5,15.483908,1525.16
2026-09-19 07:26:27.647,sell,98.45,0.101578,10.0
2026-09-19 07:26:35.819,buy,98.45,2.403887,236.66
2026-09-19 07:26:49.112,sell,98.45,0.101578,10.0
2026-09-19 07:27:06.291,buy,98.44,0.703843,69.28
2026-09-19 07:27:12.282,buy,98.44,0.275426,27.11
2026-09-19 07:27:48.056,sell,98.44,0.537192,52.88
2026-09-19 07:27:48.621,sell,98.44,0.901819,88.77
2026-09-19 07:27:54.622,sell,98.44,0.101589,10.0
2026-09-19 07:28:01.223,sell,98.46,0.904218,89.03
2026-09-19 07:28:19.267,buy,98.46,0.396566,39.05
2026-09-19 07:28:34.794,sell,98.46,0.616517,60.7
2026-09-19 07:28:35.038,buy,98.46,0.101562,10.0
2026-09-19 07:29:02.222,sell,98.51,0.101513,10.0
2026-09-19 07:29:30.233,buy,98.51,0.361238,35.59
2026-09-19 07:29:37.706,sell,98.51,0.101513,10.0
2026-09-19 07:29:53.659,sell,98.51,0.101513,10.0
2026-09-19 07:29:56.577,sell,98.51,1.480773,145.87
2026-09-19 07:30:12.195,buy,98.55,5.441858,536.27
2026-09-19 07:30:15.989,sell,98.55,1.188564,117.13
2026-09-19 07:30:36.601,sell,98.55,0.119848,11.81
2026-09-19 07:30:41.751,buy,98.55,0.101476,10.0
2026-09-19 07:30:48.409,sell,98.55,0.101476,10.0
2026-09-19 07:30:50.800,buy,98.55,0.371224,36.58
2026-09-19 07:30:51.002,buy,98.55,0.400624,39.48
2026-09-19 07:30:52.046,sell,98.55,0.48153,47.45
2026-09-19 07:31:19.591,buy,98.44,0.458463,45.13
2026-09-19 07:31:41.793,buy,98.44,3.643685,358.68
2026-09-19 07:31:53.924,buy,98.44,0.333264,32.81
2026-09-19 07:31:54.638,sell,98.44,0.337584,33.23
2026-09-19 07:32:03.890,buy,98.43,0.156306,15.39
2026-09-19 07:32:35.632,sell,98.43,0.770337,75.83
2026-09-19 07:32:36.745,sell,98.43,0.101593,10.0
2026-09-19 07:32:39.865,buy,98.43,1.520897,149.7
2026-09-19 07:33:09.294,sell,98.42,0.101601,10.0
2026-09-19 07:33:31.802,sell,98.42,3.228692,317.78
2026-09-19 07:33:44.202,sell,98.42,1.715008,168.8
2026-09-19 07:33:44.775,buy,98.42,1.701149,167.43
2026-09-19 07:33:45.406,sell,98.42,0.92934,91.47
2026-09-19 07:33:49.194,sell,98.42,0.169064,16.64
2026-09-19 07:33:51.866,sell,98.42,0.234899,23.12
2026-09-19 07:33:55.136,buy,98.42,0.248233,24.43
2026-09-19 07:34:17.128,buy,98.48,0.202746,19.97
2026-09-19 07:34:20.903,sell,98.48,0.101538,10.0
2026-09-19 07:34:33.468,sell,98.48,1.329771,130.96
2026-09-19 07:34:35.868,buy,98.48,0.101538,10.0
2026-09-19 07:35:29.848,buy,98.54,0.473112,46.62
2026-09-19 07:35:34.505,buy,98.54,2.586097,254.85
2026-09-19 07:35:35.800,sell,98.54,1.371067,135.11
2026-09-19 07:35:41.289,buy,98.54,0.113939,11.23
2026-09-19 07:35:57.073,buy,98.54,0.604905,59.61
2026-09-19 07:36:18.826,buy,98.56,0.101461,10.0
2026-09-19 07:36:41.018,buy,98.56,1.278444,126.0
2026-09-19 07:36:47.905,buy,98.56,0.598217,58.96
2026-09-19 07:37:00.378,buy,98.51,0.101517,10.0
2026-09-19 07:37:06.972,sell,98.51,0.51977,51.2
2026-09-19 07:37:14.665,sell,98.51,0.584209,57.55
2026-09-19 07:37:18.939,buy,98.51,0.498827,49.14
2026-09-19 07:37:32.006,buy,98.51,0.491015,48.37
2026-09-19 07:37:33.137,buy,98.51,0.101517,10.0
2026-09-19 07:38:12.448,sell,98.43,0.10159,10.0
2026-09-19 07:38:42.015,sell,98.43,0.10159,10.0
2026-09-19 07:38:56.741,buy,98.43,0.141253,13.9
2026-09-19 07:39:02.706,sell,98.48,0.383347,37.75
2026-09-19 07:39:06.794,buy,98.48,0.111593,10.99
2026-09-19 07:39:06.915,sell,98.48,0.637376,62.77
2026-09-19 07:39:09.053,buy,98.48,13.689026,1348.08
2026-09-19 07:39:34.747,sell,98.48,0.101544,10.0
2026-09-19 07:39:46.827,buy,98.48,0.101544,10.0
2026-09-19 07:40:14.289,sell,98.51,0.101517,10.0
2026-09-19 07:40:22.308,buy,98.51,2.821643,277.95
2026-09-19 07:40:26.894,sell,98.51,0.820838,80.86
2026-09-19 07:41:02.219,sell,98.52,0.138798,13.67
2026-09-19 07:41:15.194,buy,98.52,0.726855,71.61
2026-09-19 07:41:20.467,sell,98.52,0.168565,16.61
2026-09-19 07:42:06.564,sell,98.63,0.355745,35.09
2026-09-19 07:42:31.385,sell,98.63,0.10139,10.0
2026-09-19 07:42:34.459,sell,98.63,0.249961,24.65
2026-09-19 07:42:38.755,sell,98.63,0.118115,11.65
2026-09-19 07:42:44.386,buy,98.63,0.428792,42.29
2026-09-19 07:42:45.808,sell,98.63,0.10139,10.0
2026-09-19 07:42:46.099,buy,98.63,0.10139,10.0
2026-09-19 07:42:47.923,sell,98.63,3.298366,325.32
2026-09-19 07:43:05.238,sell,98.7,0.118991,11.74
2026-09-19 07:43:25.459,sell,98.7,0.14413,14.23
2026-09-19 07:43:29.354,buy,98.7,0.101316,10.0
2026-09-19 07:43:31.686,sell,98.7,0.174939,17.27
2026-09-19 07:43:46.245,buy,98.7,0.147966,14.6
2026-09-19 07:43:53.354,buy,98.7,0.11901,11.75
2026-09-19 07:43:58.463,buy,98.7,0.307466,30.35
2026-09-19 07:43:59.748,buy,98.7,0.772141,76.21
2026-09-19 07:44:01.176,sell,98.69,0.644421,63.6
2026-09-19 07:44:02.676,buy,98.69,0.763041,75.3
2026-09-19 07:44:12.922,sell,98.69,3.092667,305.2
2026-09-19 07:44:13.665,sell,98.69,1.024158,101.07
2026-09-19 07:44:20.737,buy,98.69,0.101332,10.0
2026-09-19 07:44:38.986,buy,98.69,0.101332,10.0
2026-09-19 07:44:50.682,buy,98.69,0.671748,66.29
2026-09-19 07:45:19.444,sell,98.68,8.417585,830.66
2026-09-19 07:45:23.787,sell,98.68,1.119853,110.51
2026-09-19 07:45:52.819,buy,98.68,0.702457,69.32
2026-09-19 07:46:02.425,sell,98.64,0.227381,22.43
2026-09-19 07:46:07.526,sell,98.64,18.145861,1789.84
2026-09-19 07:46:16.517,sell,98.64,0.101383,10.0
2026-09-19 07:46:48.815,buy,98.64,0.101383,10.0
2026-09-19 07:46:49.145,sell,98.64,1.57702,155.55
2026-09-19 07:46:58.103,buy,98.64,1.919968,189.38
2026-09-19 07:47:10.240,sell,98.65,1.009006,99.54
2026-09-19 07:47:22.228,buy,98.65,0.101366,10.0
2026-09-19 07:47:27.409,sell,98.65,1.747277,172.37
2026-09-19 07:47:41.803,sell,98.65,0.878395,86.66
2026-09-19 07:47:53.195,buy,98.65,0.101366,10.0
2026-09-19 07:47:54.104,buy,98.65,1.392429,137.37
2026-09-19 07:48:00.776,buy,98.65,0.697531,68.81
2026-09-19 07:48:05.751,buy,98.65,0.28688,28.3
2026-09-19 07:48:08.435,buy,98.65,0.199421,19.67
2026-09-19 07:48:10.372,buy,98.65,0.307442,30.33
2026-09-19 07:48:18.162,buy,98.65,0.105975,10.45
2026-09-19 07:48:31.124,sell,98.65,0.101371,10.0
2026-09-19 07:48:33.122,sell,98.65,0.170865,16.86
2026-09-19 07:48:37.287,buy,98.65,1.264991,124.79
2026-09-19 07:49:00.643,sell,98.78,0.101231,10.0
2026-09-19 07:49:01.338,sell,98.78,1.629153,160.93
2026-09-19 07:49:03.438,sell,98.78,0.905311,89.43
2026-09-19 07:49:22.983,sell,98.78,7.993635,789.64
2026-09-19 07:49:33.292,buy,98.78,6.418697,634.06
2026-09-19 07:49:44.676,sell,98.78,0.32332,31.94
2026-09-19 07:49:57.320,buy,98.78,0.99607,98.4
2026-09-19 07:50:05.325,buy,98.82,0.410942,40.61
2026-09-19 07:50:11.688,buy,98.82,1.933767,191.09
2026-09-19 07:50:14.262,buy,98.82,3.392019,335.19
2026-09-19 07:50:38.873,buy,98.82,0.300827,29.73
2026-09-19 07:50:40.479,buy,98.82,0.816961,80.73
2026-09-19 07:50:47.611,buy,98.82,0.101197,10.0
2026-09-19 07:50:55.033,buy,98.82,0.101197,10.0
2026-09-19 07:50:55.741,sell,98.82,0.33154,32.76
2026-09-19 07:51:00.190,sell,98.75,0.414444,40.93
2026-09-19 07:51:24.077,buy,98.75,0.642536,63.45
2026-09-19 07:51:24.943,buy,98.75,0.101263,10.0
2026-09-19 07:52:00.429,buy,98.87,0.101147,10.0
2026-09-19 07:52:04.324,buy,98.87,0.399196,39.47
2026-09-19 07:52:17.024,sell,98.87,0.180534,17.85
2026-09-19 07:52:18.637,buy,98.87,0.161563,15.97
2026-09-19 07:52:25.388,sell,98.87,0.17256,17.06
2026-09-19 07:52:25.528,buy,98.87,0.955244,94.44
2026-09-19 07:52:52.041,buy,98.87,0.101147,10.0
2026-09-19 07:53:07.657,buy,98.87,0.10114,10.0
2026-09-19 07:53:13.891,sell,98.87,1.672942,165.41
2026-09-19 07:53:29.540,buy,98.87,0.213551,21.11
2026-09-19 07:53:42.271,sell,98.87,1.371014,135.56
2026-09-19 07:53:43.114,buy,98.87,0.10114,10.0
2026-09-19 07:53:46.877,buy,98.87,0.10114,10.0
2026-09-19 07:53:47.565,buy,98.87,0.314846,31.13
2026-09-19 07:53:55.606,sell,98.87,0.315274,31.17
2026-09-19 07:54:07.690,sell,98.89,2.830397,279.91
2026-09-19 07:54:15.103,buy,98.89,0.101119,10.0
2026-09-19 07:54:25.771,sell,98.89,0.101119,10.0
2026-09-19 07:54:30.641,buy,98.89,0.101119,10.0
2026-09-19 07:54:44.721,sell,98.89,0.987706,97.68
2026-09-19 07:54:44.806,sell,98.89,0.101119,10.0
2026-09-19 07:54:57.712,buy,98.89,0.575762,56.94
2026-09-19 07:54:58.699,buy,98.89,0.64369,63.66
2026-09-19 07:55:13.870,buy,98.86,0.192989,19.08
2026-09-19 07:55:26.845,buy,98.86,24.802257,2451.95
2026-09-19 07:55:56.799,sell,98.86,0.579418,57.28
2026-09-19 07:56:03.191,buy,98.9,1.317914,130.35
2026-09-19 07:56:08.687,buy,98.9,1.323142,130.86
2026-09-19 07:56:29.905,buy,98.9,0.101108,10.0
2026-09-19 07:56:30.357,sell,98.9,0.103624,10.25
2026-09-19 07:56:35.133,sell,98.9,0.18992,18.78
2026-09-19 07:56:51.439,buy,98.9,0.101108,10.0
2026-09-19 07:57:02.803,buy,98.99,2.87915,285.0
2026-09-19 07:57:10.697,buy,98.99,0.279249,27.64
2026-09-19 07:57:35.900,sell,98.99,0.364984,36.13
2026-09-19 07:57:44.519,buy,98.99,2.464316,243.93
2026-09-19 07:57:48.971,sell,98.99,1.804817,178.65
2026-09-19 07:57:56.593,sell,98.99,4.764135,471.58
2026-09-19 07:58:03.557,sell,98.97,0.609666,60.34
2026-09-19 07:58:46.410,buy,98.97,0.10727,10.62
2026-09-19 07:58:48.876,sell,98.97,0.149058,14.75
2026-09-19 07:58:50.166,buy,98.97,0.159841,15.82
2026-09-19 07:58:55.720,sell,98.97,0.607944,60.17
2026-09-19 07:59:07.899,sell,98.99,0.583214,57.73
2026-09-19 07:59:24.289,buy,98.99,0.554133,54.85
2026-09-19 07:59:52.247,sell,98.99,0.101023,10.0
2026-09-19 08:00:00.597,sell,99.06,0.879888,87.16
2026-09-19 08:00:06.352,buy,99.06,0.137261,13.6
2026-09-19 08:00:27.478,buy,99.06,0.184421,18.27
2026-09-19 08:00:37.528,buy,99.06,0.100952,10.0
2026-09-19 08:00:41.614,sell,99.06,1.39912,138.59
2026-09-19 08:00:42.866,sell,99.06,0.143419,14.21
2026-09-19 08:00:45.027,buy,99.06,0.100952,10.0
2026-09-19 08:00:46.902,sell,99.06,0.212064,21.01
2026-09-19 08:01:01.369,buy,99.09,2.277239,225.66
2026-09-19 08:01:03.442,sell,99.09,0.100915,10.0
2026-09-19 08:01:18.413,sell,99.09,6.585421,652.57
2026-09-19 08:01:39.395,buy,99.09,0.1815,17.99
2026-09-19 08:01:53.440,sell,99.09,0.100915,10.0
2026-09-19 08:02:11.626,sell,99.04,0.448001,44.37
2026-09-19 08:02:20.440,sell,99.04,0.163239,16.17
2026-09-19 08:02:31.971,sell,99.04,3.357532,332.54
2026-09-19 08:02:43.216,sell,99.04,1.216167,120.45
2026-09-19 08:02:58.181,buy,99.04,0.7886,78.1
2026-09-19 08:03:01.632,buy,98.99,25.45781,2520.09
2026-09-19 08:03:02.099,buy,98.99,0.101019,10.0
2026-09-19 08:03:05.666,buy,98.99,0.101019,10.0
2026-09-19 08:03:42.147,sell,98.99,10.70102,1059.3
2026-09-19 08:04:15.446,sell,98.96,0.948156,93.83
2026-09-19 08:04:16.528,buy,98.96,0.931972,92.22
2026-09-19 08:04:17.841,buy,98.96,0.265717,26.29
2026-09-19 08:04:34.942,buy,98.96,0.259091,25.64
2026-09-19 08:04:38.448,buy,98.96,0.101055,10.0
2026-09-19 08:04:40.976,sell,98.96,0.101055,10.0
2026-09-19 08:04:45.950,buy,98.96,0.176128,17.43
2026-09-19 08:04:55.723,sell,98.96,1.142542,113.06
2026-09-19 08:05:26.845,buy,98.86,0.480872,47.54
2026-09-19 08:05:27.584,sell,98.86,0.101148,10.0
2026-09-19 08:05:27.763,sell,98.86,0.537307,53.12
2026-09-19 08:05:29.081,sell,98.86,0.322416,31.88
2026-09-19 08:06:00.309,sell,98.84,0.414928,41.01
2026-09-19 08:06:03.731,sell,98.84,0.407232,40.25
2026-09-19 08:06:13.198,buy,98.84,1.683068,166.35
2026-09-19 08:06:19.703,sell,98.84,0.101175,10.0
2026-09-19 08:06:53.194,buy,98.84,0.101175,10.0
2026-09-19 08:07:10.511,sell,98.84,0.101173,10.0
2026-09-19 08:07:20.576,buy,98.84,0.884179,87.39
2026-09-19 08:07:33.409,sell,98.84,0.101173,10.0
2026-09-19 08:07:40.307,sell,98.84,0.101173,10.0
2026-09-19 08:07:55.598,buy,98.84,0.105279,10.41
2026-09-19 08:08:00.860,sell,98.88,0.101138,10.0
2026-09-19 08:08:19.918,buy,98.88,0.101138,10.0
2026-09-19 08:08:29.947,buy,98.88,0.186425,18.43
2026-09-19 08:08:37.352,sell,98.88,0.101138,10.0
2026-09-19 08:08:41.061,buy,98.88,0.101138,10.0
2026-09-19 08:08:42.372,sell,98.88,118.514948,11718.18
2026-09-19 08:08:49.323,buy,98.88,0.361314,35.72
2026-09-19 08:09:06.865,sell,98.91,0.413795,40.93
2026-09-19 08:09:07.048,sell,98.91,2.963117,293.08
2026-09-19 08:09:33.060,buy,98.91,0.315389,31.2
2026-09-19 08:09:57.554,buy,98.91,0.715073,70.73
2026-09-19 08:10:19.947,sell,98.9,0.355557,35.17
2026-09-19 08:10:27.880,sell,98.9,0.225719,22.32
2026-09-19 08:10:50.258,buy,98.9,0.101111,10.0
2026-09-19 08:11:02.689,sell,99.02,0.100994,10.0
2026-09-19 08:11:07.291,sell,99.02,0.250662,24.82
2026-09-19 08:11:17.541,sell,99.02,1.147057,113.58
2026-09-19 08:11:24.951,buy,99.02,3.281448,324.91
2026-09-19 08:11:33.508,sell,99.02,0.283797,28.1
2026-09-19 08:11:54.269,buy,99.02,0.100994,10.0
2026-09-19 08:12:18.811,buy,99.03,0.100981,10.0
2026-09-19 08:12:37.457,buy,99.03,0.100981,10.0
2026-09-19 08:12:47.074,buy,99.03,0.542144,53.69
2026-09-19 08:12:47.504,sell,99.03,0.100981,10.0
2026-09-19 08:12:48.530,sell,99.03,0.666094,65.96
2026-09-19 08:12:49.040,sell,99.03,1.474249,145.99
2026-09-19 08:13:01.691,sell,99.06,0.437647,43.35
2026-09-19 08:13:09.635,buy,99.06,5.72244,566.86
2026-09-19 08:13:21.356,sell,99.06,0.359182,35.58
2026-09-19 08:13:46.661,sell,99.06,0.542139,53.7
2026-09-19 08:13:48.240,sell,99.06,0.118647,11.75
2026-09-19 08:13:50.632,sell,99.06,3.465758,343.31
2026-09-19 08:13:53.632,sell,99.06,0.10095,10.0
2026-09-19 08:14:14.812,sell,99.08,0.318359,31.54
2026-09-19 08:14:15.465,buy,99.08,2.219128,219.87
2026-09-19 08:14:21.026,sell,99.08,0.100928,10.0
2026-09-19 08:14:27.774,buy,99.08,0.276612,27.41
2026-09-19 08:14:32.542,buy,99.08,11.731247,1162.33
2026-09-19 08:14:40.859,buy,99.08,0.1476,14.62
2026-09-19 08:14:57.949,buy,99.08,8.758875,867.83
2026-09-19 08:15:00.142,buy,99.07,0.306431,30.36
2026-09-19 08:15:00.824,sell,99.07,0.599541,59.4
2026-09-19 08:15:08.320,buy,99.07,0.664457,65.83
2026-09-19 08:15:19.464,sell,99.07,0.243787,24.15
2026-09-19 08:15:28.793,sell,99.07,0.100936,10.0
2026-09-19 08:15:36.839,buy,99.07,0.100936,10.0
2026-09-19 08:15:51.830,sell,99.07,0.473779,46.94
2026-09-19 08:16:06.653,buy,99.17,0.393362,39.01
2026-09-19 08:16:07.276,sell,99.17,0.904063,89.66
2026-09-19 08:16:22.202,sell,99.17,0.100833,10.0
2026-09-19 08:16:25.710,buy,99.17,0.103498,10.26
2026-09-19 08:16:28.240,sell,99.17,1.167273,115.76
2026-09-19 08:16:49.339,sell,99.17,0.207138,20.54
2026-09-19 08:16:57.935,sell,99.17,0.15698,15.57
2026-09-19 08:16:58.826,buy,99.17,0.135806,13.47
2026-09-19 08:17:06.204,sell,99.19,0.345298,34.25
2026-09-19 08:17:20.640,buy,99.19,0.744434,73.84
2026-09-19 08:17:22.628,buy,99.19,2.276647,225.82
2026-09-19 08:17:38.607,buy,99.19,0.124298,12.33
2026-09-19 08:17:45.435,sell,99.19,0.100818,10.0
2026-09-19 08:17:59.005,sell,99.19,0.171301,16.99
2026-09-19 08:18:27.766,sell,99.08,2.897536,287.09
2026-09-19 08:18:37.159,sell,99.08,0.194623,19.28
2026-09-19 08:18:46.382,buy,99.08,0.924384,91.59
2026-09-19 08:18:56.365,sell,99.08,0.871931,86.39
2026-09-19 08:19:23.774,buy,99.15,1.858258,184.24
2026-09-19 08:19:27.205,buy,99.15,0.8062,79.93
2026-09-19 08:19:34.943,sell,99.15,0.870821,86.34
2026-09-19 08:19:40.483,sell,99.15,1.056154,104.72
2026-09-19 08:20:28.404,sell,99.1,0.42159,41.78
2026-09-19 08:20:34.051,buy,99.1,6.293469,623.65
2026-09-19 08:20:37.952,sell,99.1,1.389962,137.74
2026-09-19 08:20:38.180,buy,99.1,0.31707,31.42
2026-09-19 08:21:06.737,buy,99.07,2.870614,284.4
2026-09-19 08:21:13.494,sell,99.07,3.500136,346.77
2026-09-19 08:21:14.104,sell,99.07,0.833816,82.61
2026-09-19 08:21:14.781,buy,99.07,1.572412,155.78
2026-09-19 08:21:27.602,buy,99.07,0.100936,10.0
2026-09-19 08:21:29.355,sell,99.07,0.100936,10.0
2026-09-19 08:21:52.625,buy,99.07,2.918034,289.1
2026-09-19 08:21:52.783,buy,99.07,0.100936,10.0
2026-09-19 08:22:00.556,buy,99.02,0.371181,36.75
2026-09-19 08:22:36.772,sell,99.02,1.900536,188.19
2026-09-19 08:22:58.022,buy,99.02,0.39297,38.91
2026-09-19 08:23:12.610,buy,99.08,0.100928,10.0
2026-09-19 08:23:26.124,sell,99.08,1.890162,187.28
2026-09-19 08:23:41.169,buy,99.08,0.756865,74.99
2026-09-19 08:23:55.541,sell,99.08,0.100928,10.0
2026-09-19 08:23:57.846,sell,99.08,0.100928,10.0
2026-09-19 08:24:05.809,buy,99.08,0.373344,36.99
2026-09-19 08:24:16.653,buy,99.08,0.355641,35.24
2026-09-19 08:24:20.440,sell,99.08,1.221609,121.03
2026-09-19 08:24:22.069,sell,99.08,1.998601,198.02
2026-09-19 08:24:24.592,sell,99.08,0.653801,64.78
2026-09-19 08:24:30.395,sell,99.08,0.235447,23.33
2026-09-19 08:24:35.069,buy,99.08,0.199978,19.81
2026-09-19 08:24:57.072,buy,99.08,0.10093,10.0
2026-09-19 08:25:07.010,buy,99.01,0.520214,51.51
2026-09-19 08:25:21.336,sell,99.01,0.111907,11.08
2026-09-19 08:25:25.744,sell,99.01,1.484778,147.01
2026-09-19 08:25:31.684,sell,99.01,0.188476,18.66
2026-09-19 08:25:39.459,sell,99.01,0.129113,12.78
2026-09-19 08:25:41.284,buy,99.01,1.746385,172.91
2026-09-19 08:25:49.467,buy,99.01,0.851361,84.29
2026-09-19 08:25:58.276,sell,99.01,0.100999,10.0
2026-09-19 08:26:31.945,buy,98.91,0.189697,18.76
2026-09-19 08:26:46.892,sell,98.91,0.488205,48.29
2026-09-19 08:26:53.902,buy,98.91,0.101099,10.0
2026-09-19 08:27:14.950,buy,98.89,0.22673,22.42
2026-09-19 08:27:32.497,buy,98.89,9.722159,961.43
2026-09-19 08:27:32.778,sell,98.89,0.101121,10.0
2026-09-19 08:27:50.525,sell,98.89,0.154566,15.29
2026-09-19 08:28:07.757,buy,98.95,4.391484,434.52
2026-09-19 08:28:25.758,buy,98.95,0.101065,10.0
2026-09-19 08:28:33.760,buy,98.95,2.38975,236.46
2026-09-19 08:28:44.728,sell,98.95,0.337868,33.43
2026-09-19 08:28:47.887,sell,98.95,0.343438,33.98
2026-09-19 08:28:51.852,sell,98.95,0.101065,10.0
2026-09-19 08:29:00.534,buy,99.0,0.123335,12.21
2026-09-19 08:29:03.603,sell,99.0,0.831145,82.28
2026-09-19 08:29:10.825,sell,99.0,1.26933,125.66
2026-09-19 08:29:11.846,sell,99.0,0.166385,16.47
2026-09-19 08:29:15.871,sell,99.0,0.442331,43.79
2026-09-19 08:29:26.670,buy,99.0,0.122066,12.08
2026-09-19 08:30:15.240,buy,98.94,1.971619,195.08
2026-09-19 08:30:36.299,sell,98.94,0.101068,10.0
2026-09-19 08:30:38.749,sell,98.94,0.937206,92.73
2026-09-19 08:30:41.291,buy,98.94,0.135582,13.41
2026-09-19 08:31:02.025,sell,98.98,2.72512,269.72
2026-09-19 08:31:11.470,buy,98.98,0.101034,10.0
2026-09-19 08:31:14.064,buy,98.98,0.101034,10.0
2026-09-19 08:31:22.447,buy,98.98,1.080114,106.91
2026-09-19 08:31:37.707,sell,98.98,0.148916,14.74
2026-09-19 08:32:02.041,sell,98.97,0.10104,10.0
2026-09-19 08:32:17.808,buy,98.97,1.892894,187.34
2026-09-19 08:32:23.851,sell,98.97,1.410711,139.62
2026-09-19 08:32:24.527,sell,98.97,0.114851,11.37
2026-09-19 08:32:50.154,sell,98.97,0.108284,10.72
2026-09-19 08:32:50.915,buy,98.97,2.687295,265.96
2026-09-19 08:33:01.596,buy,98.97,0.367469,36.37
2026-09-19 08:33:21.363,buy,98.97,1.428869,141.41
2026-09-19 08:33:24.145,sell,98.97,0.842347,83.36
2026-09-19 08:33:33.953,buy,98.97,0.677281,67.03
2026-09-19 08:33:39.358,buy,98.97,0.314193,31.09
2026-09-19 08:33:55.143,sell,98.97,3.190051,315.71
2026-09-19 08:33:55.952,sell,98.97,3.924269,388.37
2026-09-19 08:33:58.755,buy,98.97,1.231213,121.85
2026-09-19 08:34:10.168,sell,98.98,0.170172,16.84
2026-09-19 08:34:12.631,sell,98.98,1.544571,152.89
2026-09-19 08:34:21.976,buy,98.98,0.101025,10.0
2026-09-19 08:34:42.930,buy,98.98,3.413791,337.91
2026-09-19 08:34:44.472,buy,98.98,0.101025,10.0
2026-09-19 08:35:10.254,sell,99.03,0.512734,50.78
2026-09-19 08:35:37.071,sell,99.03,1.307404,129.47
2026-09-19 08:35:39.694,sell,99.03,0.105904,10.49
2026-09-19 08:35:54.849,buy,99.03,0.10098,10.0
2026-09-19 08:36:09.620,sell,99.03,0.100982,10.0
2026-09-19 08:36:10.583,buy,99.03,1.312685,129.99
2026-09-19 08:36:11.747,buy,99.03,1.280351,126.79
2026-09-19 08:36:14.504,sell,99.03,0.100982,10.0
2026-09-19 08:36:27.942,buy,99.03,0.531711,52.65
2026-09-19 08:36:43.515,buy,99.03,0.26097,25.84
2026-09-19 08:36:46.090,buy,99.03,0.32876,32.56
2026-09-19 08:36:58.970,buy,99.03,0.252219,24.98
2026-09-19 08:37:04.119,buy,99.07,0.100936,10.0
2026-09-19 08:37:30.149,buy,99.07,0.129902,12.87
2026-09-19 08:37:44.361,buy,99.07,0.100936,10.0
2026-09-19 08:37:56.283,buy,99.07,0.141954,14.06
2026-09-19 08:37:58.453,sell,99.07,0.241438,23.92
2026-09-19 08:38:06.882,sell,99.07,0.100935,10.0
2026-09-19 08:38:10.246,sell,99.07,2.367793,234.59
2026-09-19 08:38:17.366,buy,99.07,0.902308,89.39
2026-09-19 08:38:32.466,sell,99.07,1.452223,143.88
2026-09-19 08:38:41.511,buy,99.07,0.90918,90.08
2026-09-19 08:38:44.230,buy,99.07,0.249533,24.72
2026-09-19 08:38:47.390,sell,99.07,2.710108,268.5
2026-09-19 08:38:53.550,buy,99.07,0.129489,12.83
2026-09-19 08:39:12.045,sell,99.0,1.734329,171.69
2026-09-19 08:39:23.271,buy,99.0,0.376734,37.29
2026-09-19 08:39:30.176,sell,99.0,0.493765,48.88
2026-09-19 08:39:39.800,buy,99.0,0.24886,24.64
2026-09-19 08:39:40.329,sell,99.0,0.101015,10.0
2026-09-19 08:39:55.093,sell,99.0,2.420863,239.65
2026-09-19 08:40:13.640,buy,99.05,0.100957,10.0
2026-09-19 08:40:38.107,sell,99.05,6.939382,687.36
2026-09-19 08:40:50.818,buy,99.05,2.676097,265.07
2026-09-19 08:41:03.949,sell,99.02,5.958131,589.96
2026-09-19 08:41:09.450,buy,99.02,0.100993,10.0
2026-09-19 08:41:24.576,buy,99.02,0.101303,10.03
2026-09-19 08:42:01.653,sell,99.09,0.100922,10.0
2026-09-19 08:42:05.020,sell,99.09,2.009629,199.13
2026-09-19 08:42:08.903,buy,99.09,14.107632,1397.88
2026-09-19 08:42:12.733,sell,99.09,0.100922,10.0
2026-09-19 08:42:15.661,sell,99.09,0.100922,10.0
2026-09-19 08:42:34.588,sell,99.09,1.374212,136.17
2026-09-19 08:42:38.725,sell,99.09,0.605141,59.96
2026-09-19 08:42:38.821,buy,99.09,0.239071,23.69
2026-09-19 08:43:07.766,sell,99.16,0.311334,30.87
2026-09-19 08:43:09.615,buy,99.16,2.527857,250.67
2026-09-19 08:43:10.139,sell,99.16,0.620301,61.51
2026-09-19 08:43:14.468,sell,99.16,0.100843,10.0
2026-09-19 08:43:36.622,sell,99.16,1.455718,144.35
2026-09-19 08:43:37.904,sell,99.16,1.663577,164.97
2026-09-19 08:44:09.775,buy,99.08,2.187406,216.74
2026-09-19 08:44:20.526,buy,99.08,0.382488,37.9
2026-09-19 08:44:23.133,sell,99.08,8.455754,837.83
2026-09-19 08:44:25.822,buy,99.08,0.684194,67.79
2026-09-19 08:44:49.768,buy,99.08,0.256763,25.44
2026-09-19 08:45:00.962,buy,99.15,0.232254,23.03
2026-09-19 08:45:07.060,sell,99.15,0.236309,23.43
2026-09-19 08:45:13.410,buy,99.15,3.728265,369.65
2026-09-19 08:45:20.383,buy,99.15,0.25442,25.23
2026-09-19 08:45:31.012,sell,99.15,2.220995,220.21
2026-09-19 08:45:39.880,sell,99.15,0.100859,10.0
2026-09-19 08:45:39.934,sell,99.15,0.231889,22.99
2026-09-19 08:45:41.313,sell,99.15,3.913979,388.07
2026-09-19 08:45:45.000,buy,99.45,100.553042,10000.0
2026-09-19 08:46:04.717,sell,99.19,0.109965,10.91
2026-09-19 08:46:08.208,sell,99.19,0.100817,10.0
2026-09-19 08:46:08.958,buy,99.19,0.217332,21.56
2026-09-19 08:46:22.449,sell,99.19,0.148907,14.77
2026-09-19 08:46:23.047,buy,99.19,4.219863,418.57
2026-09-19 08:46:43.697,buy,99.19,0.167787,16.64
2026-09-19 08:46:55.445,sell,99.19,1.570903,155.82
2026-09-19 08:46:59.022,sell,99.19,2.461831,244.19
2026-09-19 08:47:11.196,buy,99.33,0.368208,36.57
2026-09-19 08:47:17.869,buy,99.33,5.403756,536.74
2026-09-19 08:47:21.124,buy,99.33,0.183167,18.19
2026-09-19 08:47:30.051,buy,99.33,0.102452,10.18
2026-09-19 08:47:31.681,sell,99.33,0.186198,18.49
2026-09-19 08:47:46.469,buy,99.33,0.100677,10.0
2026-09-19 08:47:50.039,buy,99.33,0.206107,20.47
2026-09-19 08:47:52.253,sell,99.33,0.384451,38.19
2026-09-19 08:48:35.833,buy,99.35,1.319458,131.09
2026-09-19 08:48:41.094,sell,99.35,0.100652,10.0
2026-09-19 08:48:45.608,buy,99.35,1.767727,175.63
2026-09-19 08:48:47.465,buy,99.35,1.578227,156.8
2026-09-19 08:48:50.185,buy,99.35,1.24639,123.83
2026-09-19 08:49:01.956,buy,99.32,0.210498,20.91
2026-09-19 08:49:05.228,sell,99.32,0.100683,10.0
2026-09-19 08:49:15.959,sell,99.32,0.100683,10.0
2026-09-19 08:49:29.566,sell,99.32,0.219671,21.82
2026-09-19 08:49:35.160,sell,99.32,0.100683,10.0
2026-09-19 08:49:43.711,buy,99.32,0.650154,64.57
2026-09-19 08:49:46.890,sell,99.32,0.100683,10.0
2026-09-19 08:50:30.083,sell,99.45,2.505846,249.21
2026-09-19 08:50:38.961,buy,99.45,0.141256,14.05
2026-09-19 08:50:54.485,buy,99.45,0.366199,36.42
2026-09-19 08:51:07.340,sell,99.42,0.610387,60.68
2026-09-19 08:51:22.433,sell,99.42,5.666429,563.34
2026-09-19 08:51:22.614,buy,99.42,0.100585,10.0
2026-09-19 08:51:35.696,buy,99.42,1.932677,192.14
2026-09-19 08:51:51.901,sell,99.42,0.100585,10.0
2026-09-19 08:51:56.672,buy,99.42,0.676792,67.29
2026-09-19 08:52:06.093,buy,99.46,0.235058,23.38
2026-09-19 08:52:12.216,buy,99.46,0.153523,15.27
2026-09-19 08:52:12.854,buy,99.46,0.879427,87.47
2026-09-19 08:52:21.721,sell,99.46,0.239152,23.79
2026-09-19 08:52:21.840,buy,99.46,6.96059,692.3
2026-09-19 08:53:04.532,buy,99.4,0.100605,10.0
2026-09-19 08:53:15.279,sell,99.4,0.62191,61.82
2026-09-19 08:53:20.059,sell,99.4,0.223513,22.22
2026-09-19 08:53:40.067,sell,99.4,1.394083,138.57
2026-09-19 08:53:45.517,sell,99.4,0.194537,19.34
2026-09-19 08:53:56.357,buy,99.4,0.100605,10.0
2026-09-19 08:54:14.863,sell,99.42,0.400578,39.83
2026-09-19 08:54:29.216,buy,99.42,0.10058,10.0
2026-09-19 08:54:31.462,sell,99.42,1.497065,148.84
2026-09-19 08:54:32.275,buy,99.42,0.10058,10.0
2026-09-19 08:54:37.605,sell,99.42,0.10058,10.0
2026-09-19 08:54:44.643,sell,99.42,0.133404,13.26
2026-09-19 08:55:06.191,sell,99.46,1.837081,182.71
2026-09-19 08:55:40.305,sell,99.46,0.100546,10.0
2026-09-19 08:55:48.154,sell,99.46,0.230371,22.91
2026-09-19 08:55:50.855,buy,99.46,0.289241,28.77
2026-09-19 08:56:00.690,sell,99.39,2.31861,230.45
2026-09-19 08:56:10.986,buy,99.39,0.100611,10.0
2026-09-19 08:56:21.224,sell,99.39,3.222363,320.28
2026-09-19 08:57:09.427,sell,99.48,0.694223,69.06
2026-09-19 08:57:13.548,buy,99.48,0.100523,10.0
2026-09-19 08:57:41.175,buy,99.48,0.100523,10.0
2026-09-19 08:57:50.538,buy,99.48,0.460341,45.79
2026-09-19 08:57:52.814,sell,99.48,0.1416,14.09
2026-09-19 08:58:03.358,sell,99.44,0.100567,10.0
2026-09-19 08:58:11.813,buy,99.44,1.041463,103.56
2026-09-19 08:58:30.807,sell,99.44,0.100567,10.0
2026-09-19 08:58:51.438,sell,99.44,0.100567,10.0
2026-09-19 08:59:02.365,sell,99.43,0.100576,10.0
2026-09-19 08:59:06.756,sell,99.43,0.530299,52.73
2026-09-19 08:59:14.385,sell,99.43,0.106229,10.56
2026-09-19 08:59:17.847,sell,99.43,0.666633,66.28
2026-09-19 08:59:23.886,sell,99.43,0.100576,10.0
2026-09-19 08:59:27.130,buy,99.43,0.272215,27.07
2026-09-19 08:59:29.750,buy,99.43,0.179964,17.89
2026-09-19 08:59:49.454,sell,99.43,0.218737,21.75
2026-09-19 09:00:17.238,sell,99.43,0.634852,63.12
2026-09-19 09:00:19.730,sell,99.43,0.382924,38.07
2026-09-19 09:00:45.119,sell,99.43,0.342468,34.05
2026-09-19 09:00:59.148,buy,99.43,0.19319,19.21
2026-09-19 09:01:03.566,buy,99.53,0.111561,11.1
2026-09-19 09:01:07.385,sell,99.53,9.257989,921.47
2026-09-19 09:01:18.006,sell,99.53,0.100469,10.0
2026-09-19 09:01:35.357,sell,99.53,0.182688,18.18
2026-09-19 09:01:49.460,sell,99.53,9.867828,982.17
2026-09-19 09:01:55.208,sell,99.53,0.100469,10.0
2026-09-19 09:02:01.633,sell,99.53,0.402762,40.08
2026-09-19 09:02:33.634,buy,99.53,0.100477,10.0
2026-09-19 09:02:35.476,buy,99.53,0.479949,47.77
2026-09-19 09:02:53.439,buy,99.53,1.040576,103.56
2026-09-19 09:02:57.738,sell,99.53,0.141028,14.04
2026-09-19 09:03:05.829,buy,99.5,1.747417,173.88
2026-09-19 09:03:10.544,sell,99.5,9.948009,989.87
2026-09-19 09:03:15.471,sell,99.5,0.100498,10.0
2026-09-19 09:03:21.719,buy,99.5,0.100498,10.0
2026-09-19 09:03:37.236,sell,99.5,11.042133,1098.74
2026-09-19 09:04:05.680,buy,99.53,0.762274,75.87
2026-09-19 09:04:12.126,sell,99.53,0.648801,64.58
2026-09-19 09:04:21.235,sell,99.53,2.49514,248.34
2026-09-19 09:04:28.097,buy,99.53,0.100471,10.0
2026-09-19 09:04:51.986,buy,99.53,0.100471,10.0
2026-09-19 09:04:54.300,buy,99.53,0.100471,10.0
2026-09-19 09:04:59.587,buy,99.53,1.059834,105.49
2026-09-19 09:05:05.204,sell,99.48,0.309372,30.78
2026-09-19 09:05:30.871,sell,99.48,26.704481,2656.57
2026-09-19 09:05:31.648,sell,99.48,0.494175,49.16
2026-09-19 09:05:33.858,buy,99.48,0.262072,26.07
2026-09-19 09:05:35.796,sell,99.48,1.951093,194.1
2026-09-19 09:05:37.463,sell,99.48,0.100523,10.0
2026-09-19 09:05:45.273,buy,99.48,0.22846,22.73
2026-09-19 09:05:55.923,sell,99.48,5.670873,564.14
2026-09-19 09:06:13.181,sell,99.54,0.672507,66.94
2026-09-19 09:06:21.645,sell,99.54,0.534752,53.23
2026-09-19 09:06:34.242,sell,99.54,0.100467,10.0
2026-09-19 09:07:01.543,buy,99.5,0.107996,10.75
2026-09-19 09:07:01.612,buy,99.5,0.100502,10.0
2026-09-19 09:07:04.847,buy,99.5,0.256089,25.48
2026-09-19 09:07:11.096,buy,99.5,0.373934,37.21
2026-09-19 09:07:13.578,sell,99.5,0.100502,10.0
2026-09-19 09:07:33.218,sell,99.5,0.183081,18.22
2026-09-19 09:07:37.475,buy,99.5,0.181872,18.1
2026-09-19 09:07:43.092,sell,99.5,0.472232,46.99
2026-09-19 09:08:01.984,buy,99.52,0.100486,10.0
2026-09-19 09:08:18.383,sell,99.52,0.132226,13.16
2026-09-19 09:08:25.057,sell,99.52,1.603201,159.54
2026-09-19 09:08:29.124,sell,99.52,1.197704,119.19
2026-09-19 09:08:50.757,buy,99.52,0.139859,13.92
2026-09-19 09:08:54.456,buy,99.52,0.46081,45.86
2026-09-19 09:08:55.509,sell,99.52,0.100486,10.0
2026-09-19 09:09:03.192,sell,99.55,0.549297,54.68
2026-09-19 09:09:09.293,buy,99.55,0.765505,76.2
2026-09-19 09:09:22.862,sell,99.55,2.00201,199.29
2026-09-19 09:09:53.048,buy,99.55,0.100455,10.0
2026-09-19 09:10:07.631,sell,99.47,0.452918,45.05
2026-09-19 09:10:14.090,sell,99.47,0.360534,35.86
2026-09-19 09:10:33.682,buy,99.47,0.137065,13.63
2026-09-19 09:10:53.741,buy,99.47,0.100534,10.0
2026-09-19 09:11:11.650,buy,99.49,0.228433,22.73
2026-09-19 09:11:24.926,sell,99.49,0.135079,13.44
2026-09-19 09:11:36.141,buy,99.49,0.12121,12.06
2026-09-19 09:11:55.247,buy,99.49,0.184505,18.36
2026-09-19 09:12:01.291,sell,99.38,0.10062,10.0
2026-09-19 09:12:11.949,buy,99.38,1.320535,131.24
2026-09-19 09:12:12.411,buy,99.38,0.490547,48.75
2026-09-19 09:12:14.487,buy,99.38,0.863901,85.86
2026-09-19 09:12:22.054,sell,99.38,0.10062,10.0
2026-09-19 09:12:47.444,buy,99.38,0.591589,58.79
2026-09-19 09:12:51.771,sell,99.38,2.136971,212.38
2026-09-19 09:13:04.628,buy,99.42,0.100586,10.0
2026-09-19 09:13:08.620,sell,99.42,0.246125,24.47
2026-09-19 09:13:18.733,sell,99.42,0.301667,29.99
2026-09-19 09:13:18.991,sell,99.42,8.795209,874.4
2026-09-19 09:13:21.424,sell,99.42,0.100586,10.0
2026-09-19 09:13:59.527,sell,99.42,0.134054,13.33
2026-09-19 09:13:59.625,buy,99.42,0.802029,79.74
2026-09-19 09:14:18.961,sell,99.44,4.923589,489.61
2026-09-19 09:14:21.516,buy,99.44,0.451818,44.93
2026-09-19 09:14:26.848,sell,99.44,0.100562,10.0
2026-09-19 09:14:30.969,buy,99.44,1.104152,109.8
2026-09-19 09:14:41.963,buy,99.44,0.100562,10.0
2026-09-19 09:14:46.386,sell,99.44,0.135339,13.46
2026-09-19 09:15:05.069,buy,99.47,0.137586,13.69
2026-09-19 09:15:11.074,buy,99.47,0.153655,15.28
2026-09-19 09:15:13.566,buy,99.47,3.75712,373.73
2026-09-19 09:15:50.810,buy,99.47,1.420642,141.32
2026-09-19 09:16:04.611,sell,99.39,2.324558,231.05
2026-09-19 09:16:15.365,sell,99.39,0.482525,47.96
2026-09-19 09:16:31.027,sell,99.39,0.118638,11.79
2026-09-19 09:16:41.456,buy,99.39,0.178661,17.76
2026-09-19 09:16:48.533,sell,99.39,0.223396,22.2
2026-09-19 09:17:08.729,sell,99.34,0.284615,28.28
2026-09-19 09:17:15.121,buy,99.34,0.10066,10.0
2026-09-19 09:17:26.922,buy,99.34,0.10066,10.0
2026-09-19 09:17:33.325,buy,99.34,0.10066,10.0
2026-09-19 09:17:46.520,sell,99.34,5.428582,539.3
2026-09-19 09:17:52.859,buy,99.34,3.222559,320.14
2026-09-19 09:18:02.739,sell,99.31,0.323105,32.09
2026-09-19 09:18:03.207,buy,99.31,2.7363,271.75
2026-09-19 09:18:03.609,sell,99.31,0.260937,25.91
2026-09-19 09:18:27.875,sell,99.31,2.906661,288.66
2026-09-19 09:18:30.705,buy,99.31,13.756248,1366.15
2026-09-19 09:18:38.844,sell,99.31,1.450525,144.05
2026-09-19 09:18:42.022,buy,99.31,0.135525,13.46
2026-09-19 09:18:48.149,buy,99.31,1.286323,127.75
2026-09-19 09:19:20.160,sell,99.33,0.100672,10.0
2026-09-19 09:19:20.610,buy,99.33,0.280586,27.87
2026-09-19 09:19:22.244,buy,99.33,0.345724,34.34
2026-09-19 09:19:29.167,buy,99.33,3.338498,331.62
2026-09-19 09:19:34.146,buy,99.33,0.100672,10.0
2026-09-19 09:19:57.372,buy,99.33,0.331244,32.9
2026-09-19 09:20:06.615,sell,99.24,2.172296,215.59
2026-09-19 09:20:11.296,buy,99.24,0.100762,10.0
2026-09-19 09:20:17.594,buy,99.24,0.378993,37.61
2026-09-19 09:20:19.446,buy,99.24,0.100762,10.0
2026-09-19 09:20:29.740,buy,99.24,0.292114,28.99
2026-09-19 09:20:30.640,sell,99.24,0.158697,15.75
2026-09-19 09:20:32.447,sell,99.24,1.555883,154.41
2026-09-19 09:20:53.371,sell,99.24,0.408868,40.58
2026-09-19 09:21:21.445,buy,99.21,0.865289,85.85
2026-09-19 09:21:23.230,sell,99.21,0.257374,25.53
2026-09-19 09:21:24.801,buy,99.21,0.100795,10.0
2026-09-19 09:21:31.241,sell,99.21,1.160157,115.1
2026-09-19 09:21:31.700,sell,99.21,0.100795,10.0
2026-09-19 09:21:37.752,buy,99.21,12.800469,1269.95
2026-09-19 09:21:54.284,buy,99.21,2.440778,242.15
2026-09-19 09:22:01.204,buy,99.1,3.82269,378.82
2026-09-19 09:22:03.151,sell,99.1,2.060071,204.15
2026-09-19 09:22:24.615,buy,99.1,2.091081,207.22
2026-09-19 09:22:27.587,sell,99.1,0.100912,10.0
2026-09-19 09:22:39.582,sell,99.1,0.100912,10.0
2026-09-19 09:22:58.165,buy,99.1,1.412549,139.98
2026-09-19 09:23:03.547,sell,99.08,12.771798,1265.38
2026-09-19 09:23:12.106,sell,99.08,0.139869,13.86
2026-09-19 09:23:30.523,sell,99.08,1.029269,101.98
2026-09-19 09:23:33.563,buy,99.08,0.806592,79.91
2026-09-19 09:23:35.427,buy,99.08,0.269749,26.73
2026-09-19 09:23:40.835,sell,99.08,0.403098,39.94
2026-09-19 09:23:48.712,buy,99.08,0.375906,37.24
2026-09-19 09:23:54.684,sell,99.08,0.564956,55.97
2026-09-19 09:24:02.247,sell,99.16,0.8472,84.01
2026-09-19 09:24:19.194,sell,99.16,0.100845,10.0
2026-09-19 09:24:39.362,buy,99.16,0.100845,10.0
2026-09-19 09:24:57.933,buy,99.16,1.1254,111.6
2026-09-19 09:25:00.417,sell,99.12,0.100883,10.0
2026-09-19 09:25:02.689,sell,99.12,0.100883,10.0
2026-09-19 09:25:11.591,buy,99.12,1.004038,99.53
2026-09-19 09:25:12.232,sell,99.12,0.520914,51.64
2026-09-19 09:25:12.768,buy,99.12,0.100883,10.0
2026-09-19 09:25:19.479,buy,99.12,0.171485,17.0
2026-09-19 09:25:55.705,buy,99.12,0.974961,96.64
2026-09-19 09:26:00.494,buy,99.06,3.154163,312.45
2026-09-19 09:26:32.159,buy,99.06,0.100949,10.0
2026-09-19 09:26:57.143,sell,99.06,1.399413,138.63
2026-09-19 09:27:03.367,buy,99.09,0.100914,10.0
2026-09-19 09:27:06.108,sell,99.09,8.693929,861.52
2026-09-19 09:27:32.162,buy,99.09,0.100914,10.0
2026-09-19 09:27:45.155,buy,99.09,0.444657,44.06
2026-09-19 09:27:58.072,buy,99.09,0.140523,13.93
2026-09-19 09:27:58.354,buy,99.09,0.30936,30.66
2026-09-19 09:28:04.664,buy,99.09,2.127483,210.81
2026-09-19 09:28:28.280,sell,99.09,0.114567,11.35
2026-09-19 09:28:29.120,buy,99.09,0.100921,10.0
2026-09-19 09:28:44.648,sell,99.09,0.623768,61.81
2026-09-19 09:28:49.655,buy,99.09,1.124964,111.47
2026-09-19 09:28:50.993,sell,99.09,0.217312,21.53
2026-09-19 09:29:18.913,sell,99.09,2.225225,220.5
2026-09-19 09:29:43.177,buy,99.09,0.660742,65.47
2026-09-19 09:29:57.696,buy,99.09,0.240483,23.83
2026-09-19 09:30:10.110,buy,99.02,0.169201,16.75
2026-09-19 09:30:12.462,buy,99.02,0.199182,19.72
2026-09-19 09:30:27.583,sell,99.02,3.098315,306.81
2026-09-19 09:30:35.443,buy,99.02,0.100986,10.0
2026-09-19 09:30:37.936,sell,99.02,2.049134,202.91
2026-09-19 09:30:38.422,sell,99.02,0.192236,19.04
2026-09-19 09:30:44.958,buy,99.02,4.412186,436.91
2026-09-19 09:31:03.791,buy,98.99,0.478006,47.32
2026-09-19 09:31:23.138,sell,98.99,5.183702,513.13
2026-09-19 09:31:25.266,buy,98.99,0.449265,44.47
2026-09-19 09:31:26.353,sell,98.99,0.47859,47.38
2026-09-19 09:31:31.596,sell,98.99,0.101021,10.0
2026-09-19 09:31:46.454,buy,98.99,0.101021,10.0
2026-09-19 09:32:04.425,sell,99.04,0.111258,11.02
2026-09-19 09:32:04.426,sell,99.04,0.100971,10.0
2026-09-19 09:32:11.047,buy,99.04,0.276014,27.34
2026-09-19 09:32:11.491,sell,99.04,0.245499,24.31
2026-09-19 09:32:17.765,buy,99.04,0.342112,33.88
2026-09-19 09:32:52.990,buy,99.04,0.578934,57.34
2026-09-19 09:32:57.827,buy,99.04,0.580926,57.53
2026-09-19 09:33:08.857,sell,99.07,0.352325,34.9
2026-09-19 09:33:16.151,sell,99.07,0.10094,10.0
2026-09-19 09:33:24.481,buy,99.07,0.668271,66.21
2026-09-19 09:33:50.666,sell,99.07,0.205838,20.39
2026-09-19 09:33:53.928,sell,99.07,0.468329,46.4
2026-09-19 09:34:04.304,sell,99.15,0.197574,19.59
2026-09-19 09:34:13.799,buy,99.15,0.100856,10.0
2026-09-19 09:34:19.260,sell,99.15,0.116834,11.58
2026-09-19 09:34:19.458,buy,99.15,0.521065,51.66
2026-09-19 09:34:31.180,sell,99.15,0.16266,16.13
2026-09-19 09:34:42.672,buy,99.15,0.336668,33.38
2026-09-19 09:35:23.972,buy,99.07,6.650346,658.86
2026-09-19 09:35:23.987,sell,99.07,0.1133,11.22
2026-09-19 09:35:31.690,sell,99.07,8.664126,858.37
2026-09-19 09:35:45.386,sell,99.07,1.347975,133.55
2026-09-19 09:35:46.992,buy,99.07,0.100937,10.0
2026-09-19 09:36:11.623,sell,99.14,0.100863,10.0
2026-09-19 09:36:25.156,buy,99.14,0.644356,63.88
2026-09-19 09:36:54.569,buy,99.14,0.568141,56.33
2026-09-19 09:37:02.480,buy,99.25,0.185392,18.4
2026-09-19 09:37:03.373,buy,99.25,0.126997,12.6
2026-09-19 09:37:26.680,buy,99.25,0.128444,12.75
2026-09-19 09:37:32.421,sell,99.25,1.050796,104.29
2026-09-19 09:37:44.073,sell,99.25,1.819456,180.58
2026-09-19 09:38:01.568,buy,99.24,39.567503,3926.77
2026-09-19 09:38:33.046,sell,99.24,0.143097,14.2
2026-09-19 09:38:34.929,buy,99.24,0.100763,10.0
2026-09-19 09:38:35.340,buy,99.24,0.100763,10.0
2026-09-19 09:39:04.190,sell,99.41,0.384752,38.25
2026-09-19 09:39:33.937,sell,99.41,0.100594,10.0
2026-09-19 09:39:50.041,sell,99.41,0.133484,13.27
2026-09-19 09:40:12.766,sell,99.37,0.274134,27.24
2026-09-19 09:40:48.592,buy,99.37,0.100636,10.0
2026-09-19 09:40:55.127,sell,99.37,0.203628,20.23
2026-09-19 09:40:55.277,sell,99.37,0.131815,13.1
2026-09-19 09:41:26.778,buy,99.35,0.100655,10.0
2026-09-19 09:41:34.541,buy,99.35,0.609001,60.5
2026-09-19 09:41:40.226,buy,99.35,6.053666,601.43
2026-09-19 09:41:40.950,sell,99.35,0.140963,14.0
2026-09-19 09:41:55.770,buy,99.35,0.113131,11.24
2026-09-19 09:42:02.533,buy,99.39,0.100611,10.0
2026-09-19 09:42:20.209,sell,99.39,0.100611,10.0
2026-09-19 09:42:27.350,buy,99.39,4.181479,415.61
2026-09-19 09:42:28.441,buy,99.39,0.35826,35.61
2026-09-19 09:42:38.235,sell,99.39,0.100611,10.0
2026-09-19 09:42:41.377,sell,99.39,1.216474,120.91
2026-09-19 09:42:45.208,sell,99.39,8.82193,876.83
2026-09-19 09:42:58.757,buy,99.39,0.100611,10.0
2026-09-19 09:43:07.366,buy,99.38,0.916419,91.07
2026-09-19 09:43:23.078,sell,99.38,0.759304,75.46
2026-09-19 09:43:23.571,buy,99.38,0.381237,37.89
2026-09-19 09:43:24.178,buy,99.38,0.130483,12.97
2026-09-19 09:43:28.282,buy,99.38,2.534281,251.85
2026-09-19 09:43:29.638,sell,99.38,0.105465,10.48
2026-09-19 09:43:38.415,sell,99.38,0.100628,10.0
2026-09-19 09:43:53.710,sell,99.38,0.740981,73.64
2026-09-19 09:44:14.481,sell,99.37,0.100635,10.0
2026-09-19 09:44:19.150,sell,99.37,2.948968,293.04
2026-09-19 09:44:31.963,sell,99.37,0.153962,15.3
2026-09-19 09:44:37.130,sell,99.37,0.14612,14.52
2026-09-19 09:44:47.640,sell,99.37,0.293558,29.17
2026-09-19 09:44:54.058,buy,99.37,0.863641,85.82
2026-09-19 09:44:59.540,sell,99.37,0.387686,38.52
2026-09-19 09:45:42.211,sell,99.48,0.209722,20.86
2026-09-19 09:45:48.233,sell,99.48,0.231184,23.0
2026-09-19 09:45:59.020,sell,99.48,1.379955,137.27
2026-09-19 09:46:14.572,sell,99.44,0.110821,11.02
2026-09-19 09:46:17.159,sell,99.44,0.291613,29.0
2026-09-19 09:46:28.131,sell,99.44,0.172815,17.18
2026-09-19 09:46:29.593,sell,99.44,0.174269,17.33
2026-09-19 09:46:48.524,buy,99.44,2.433234,241.95
2026-09-19 09:46:50.631,buy,99.44,4.3269,430.25
2026-09-19 09:46:52.750,sell,99.44,4.33242,430.8
2026-09-19 09:47:09.423,buy,99.43,0.304793,30.31
2026-09-19 09:47:09.631,sell,99.43,0.301167,29.95
2026-09-19 09:47:44.460,sell,99.43,0.445081,44.26
2026-09-19 09:47:58.964,buy,99.43,1.572765,156.38
2026-09-19 09:48:14.160,buy,99.42,0.27011,26.85
2026-09-19 09:48:15.436,sell,99.42,0.100584,10.0
2026-09-19 09:48:19.080,sell,99.42,0.689089,68.51
2026-09-19 09:48:28.705,sell,99.42,0.751475,74.71
2026-09-19 09:48:28.979,buy,99.42,0.100584,10.0
2026-09-19 09:49:08.183,sell,99.36,0.263438,26.18
2026-09-19 09:49:18.377,buy,99.36,0.100641,10.0
2026-09-19 09:49:26.463,buy,99.36,0.615943,61.2
2026-09-19 09:49:30.483,sell,99.36,0.106697,10.6
2026-09-19 09:49:36.786,buy,99.36,0.916922,91.11
2026-09-19 09:50:05.000,buy,99.34,100.664385,10000.0
2026-09-19 09:50:07.485,sell,99.29,0.301213,29.91
2026-09-19 09:50:10.659,buy,99.29,0.117016,11.62
2026-09-19 09:50:13.641,buy,99.29,0.100711,10.0
2026-09-19 09:50:36.598,buy,99.29,0.187226,18.59
2026-09-19 09:50:59.309,buy,99.29,0.100711,10.0
2026-09-19 09:51:04.090,buy,99.38,9.01368,895.82
2026-09-19 09:51:14.290,buy,99.38,2.236095,222.23
2026-09-19 09:51:22.024,buy,99.38,0.312541,31.06
2026-09-19 09:51:33.999,buy,99.38,1.638879,162.88
2026-09-19 09:51:36.036,buy,99.38,0.492111,48.91
2026-09-19 09:52:12.942,buy,99.42,1.976079,196.46
2026-09-19 09:52:50.405,sell,99.42,4.317042,429.2
2026-09-19 09:52:54.976,buy,99.42,0.129209,12.85
2026-09-19 09:53:02.163,buy,99.52,0.100482,10.0
2026-09-19 09:53:20.583,buy,99.52,0.373043,37.13
2026-09-19 09:53:23.080,sell,99.52,0.349984,34.83
2026-09-19 09:53:24.339,sell,99.52,0.443043,44.09
2026-09-19 09:53:36.539,sell,99.52,2.475387,246.35
2026-09-19 09:53:40.389,sell,99.52,0.100482,10.0
2026-09-19 09:53:43.613,sell,99.52,0.427632,42.56
2026-09-19 09:53:48.931,buy,99.52,0.258152,25.69
2026-09-19 09:54:00.979,sell,99.5,0.692262,68.88
2026-09-19 09:54:03.571,buy,99.5,0.100503,10.0
2026-09-19 09:54:10.155,sell,99.5,0.100503,10.0
2026-09-19 09:54:28.851,buy,99.5,0.100503,10.0
2026-09-19 09:54:43.665,sell,99.5,0.996125,99.11
2026-09-19 09:55:00.856,buy,99.52,0.393411,39.15
2026-09-19 09:55:04.246,sell,99.52,3.226771,321.14
2026-09-19 09:55:16.773,buy,99.52,0.103837,10.33
2026-09-19 09:55:30.236,buy,99.52,2.041699,203.2
2026-09-19 09:55:45.207,buy,99.52,0.100478,10.0
2026-09-19 09:56:19.274,sell,99.49,3.248766,323.21
2026-09-19 09:56:19.935,sell,99.49,0.100515,10.0
2026-09-19 09:56:34.617,buy,99.49,1.063187,105.77
2026-09-19 09:57:30.790,sell,99.47,0.172668,17.18
2026-09-19 09:57:53.570,buy,99.47,0.148159,14.74
2026-09-19 09:57:54.098,buy,99.47,2.806024,279.11
2026-09-19 09:58:03.665,sell,99.59,0.472348,47.04
2026-09-19 09:58:17.523,buy,99.59,0.149108,14.85
2026-09-19 09:58:18.208,buy,99.59,0.100415,10.0
2026-09-19 09:58:48.789,buy,99.59,0.100415,10.0
2026-09-19 09:58:50.590,sell,99.59,0.37735,37.58
2026-09-19 09:58:53.631,buy,99.59,0.220236,21.93
2026-09-19 09:59:18.514,sell,99.61,0.691707,68.9
2026-09-19 09:59:18.577,buy,99.61,0.658986,65.64
2026-09-19 09:59:30.462,buy,99.61,0.878115,87.47
2026-09-19 09:59:53.061,buy,99.61,4.762627,474.41
2026-09-19 10:00:15.704,buy,99.66,0.614575,61.25
2026-09-19 10:00:19.936,sell,99.66,0.100344,10.0
2026-09-19 10:00:26.020,sell,99.66,0.100344,10.0
2026-09-19 10:00:56.788,sell,99.66,0.666556,66.43
2026-09-19 10:01:01.191,buy,99.72,0.168711,16.82
2026-09-19 10:01:05.150,sell,99.72,0.100284,10.0
2026-09-19 10:01:08.392,sell,99.72,0.160337,15.99
2026-09-19 10:01:35.498,sell,99.72,1.344306,134.05
2026-09-19 10:01:55.425,buy,99.72,0.100284,10.0
2026-09-19 10:01:56.761,sell,99.72,37.692837,3758.63
2026-09-19 10:01:58.331,buy,99.72,0.100284,10.0
2026-09-19 10:02:05.079,buy,99.65,0.271732,27.08
2026-09-19 10:02:11.921,sell,99.65,0.100354,10.0
2026-09-19 10:02:22.410,sell,99.65,2.634057,262.48
2026-09-19 10:02:38.904,sell,99.65,0.100354,10.0
2026-09-19 10:02:51.456,buy,99.65,0.770883,76.82
2026-09-19 10:02:51.927,buy,99.65,0.100354,10.0
2026-09-19 10:03:16.526,buy,99.62,0.73247,72.97
2026-09-19 10:03:19.204,sell,99.62,0.171057,17.04
2026-09-19 10:03:24.847,buy,99.62,0.181503,18.08
2026-09-19 10:03:36.121,buy,99.62,0.403669,40.21
2026-09-19 10:03:44.883,sell,99.62,0.69795,69.53
2026-09-19 10:03:57.981,sell,99.62,0.290391,28.93
2026-09-19 10:04:05.277,buy,99.63,4.389206,437.29
2026-09-19 10:04:11.653,buy,99.63,0.100373,10.0
2026-09-19 10:04:22.050,sell,99.63,2.303795,229.52
2026-09-19 10:04:35.558,buy,99.63,1.228534,122.4
2026-09-19 10:04:37.990,sell,99.63,0.350287,34.9
2026-09-19 10:04:57.934,sell,99.63,0.350813,34.95
2026-09-19 10:05:04.225,sell,99.58,0.754978,75.18
2026-09-19 10:05:13.200,sell,99.58,0.100424,10.0
2026-09-19 10:05:15.202,buy,99.58,0.100424,10.0
2026-09-19 10:05:29.427,buy,99.58,0.565618,56.32
2026-09-19 10:05:32.357,buy,99.58,4.256125,423.82
2026-09-19 10:05:54.895,buy,99.58,0.152168,15.15
2026-09-19 10:06:17.569,sell,99.61,1.994351,198.65
2026-09-19 10:06:26.392,sell,99.61,1.542699,153.66
2026-09-19 10:06:30.258,sell,99.61,0.364275,36.28
2026-09-19 10:06:39.188,sell,99.61,0.263701,26.27
2026-09-19 10:06:42.109,buy,99.61,1.781474,177.44
2026-09-19 10:06:48.722,sell,99.61,0.100396,10.0
2026-09-19 10:07:01.775,buy,99.6,0.177993,17.73
2026-09-19 10:07:06.454,sell,99.6,0.100404,10.0
2026-09-19 10:07:18.008,sell,99.6,0.100404,10.0
2026-09-19 10:07:27.161,buy,99.6,0.35049,34.91
2026-09-19 10:07:35.444,sell,99.6,1.202483,119.76
2026-09-19 10:07:40.997,sell,99.6,5.743391,572.03
2026-09-19 10:07:46.293,buy,99.6,0.100404,10.0
2026-09-19 10:07:48.427,buy,99.6,0.378016,37.65
2026-09-19 10:07:51.000,buy,99.3,100.704935,10000.0
2026-09-19 10:08:00.819,sell,99.52,1.008351,100.35
2026-09-19 10:08:16.082,buy,99.52,0.134083,13.34
2026-09-19 10:08:16.450,sell,99.52,5.231309,520.62
2026-09-19 10:08:36.965,buy,99.52,0.100482,10.0
2026-09-19 10:08:37.483,buy,99.52,0.968626,96.4
2026-09-19 10:08:49.218,sell,99.52,0.250121,24.89
2026-09-19 10:08:53.631,sell,99.52,1.137327,113.19
2026-09-19 10:08:54.014,sell,99.52,2.912484,289.85
2026-09-19 10:09:00.483,sell,99.51,8.205546,816.54
2026-09-19 10:09:11.928,sell,99.51,0.998634,99.37
2026-09-19 10:09:48.479,buy,99.51,0.100492,10.0
2026-09-19 10:09:51.000,sell,99.44,30.168946,3000.0
2026-09-19 10:09:56.263,buy,99.51,0.258349,25.71
2026-09-19 10:10:03.953,sell,99.49,0.369845,36.8
2026-09-19 10:10:08.323,buy,99.49,0.36497,36.31
2026-09-19 10:10:10.173,buy,99.49,0.152913,15.21
2026-09-19 10:10:38.573,buy,99.49,0.725184,72.15
2026-09-19 10:10:49.740,buy,99.49,0.222369,22.12
2026-09-19 10:11:08.968,buy,99.44,0.100563,10.0
2026-09-19 10:11:38.271,sell,99.44,0.139697,13.89
2026-09-19 10:11:43.336,sell,99.44,0.323123,32.13
2026-09-19 10:11:50.163,sell,99.44,0.100563,10.0
2026-09-19 10:11:55.933,sell,99.44,1.121129,111.48
2026-09-19 10:12:04.411,sell,99.43,0.130673,12.99
2026-09-19 10:12:38.552,sell,99.43,0.100572,10.0
2026-09-19 10:12:41.216,sell,99.43,4.750655,472.36
2026-09-19 10:12:56.929,sell,99.43,0.146539,14.57
2026-09-19 10:13:00.601,sell,99.38,0.500439,49.73
2026-09-19 10:13:17.805,sell,99.38,2.118152,210.5
2026-09-19 10:13:33.560,sell,99.38,0.720677,71.62
2026-09-19 10:13:53.550,buy,99.38,13.714111,1362.9
2026-09-19 10:14:01.551,sell,99.4,0.276535,27.49
2026-09-19 10:14:05.466,buy,99.4,0.100602,10.0
2026-09-19 10:14:08.345,buy,99.4,0.316782,31.49
2026-09-19 10:14:12.474,sell,99.4,0.100602,10.0
2026-09-19 10:14:15.947,buy,99.4,1.010435,100.44
2026-09-19 10:14:20.294,sell,99.4,2.809358,279.26
2026-09-19 10:14:41.706,sell,99.4,0.101428,10.08
2026-09-19 10:14:50.671,sell,99.4,0.115652,11.5
2026-09-19 10:15:02.392,sell,99.41,0.594046,59.05
2026-09-19 10:15:10.097,buy,99.41,0.231363,23.0
2026-09-19 10:15:29.703,sell,99.41,0.300337,29.86
2026-09-19 10:15:43.359,sell,99.41,1.198192,119.11
2026-09-19 10:15:48.832,buy,99.41,1.328324,132.05
2026-09-19 10:16:30.482,sell,99.43,0.21048,20.93
2026-09-19 10:16:44.663,buy,99.43,0.245823,24.44
2026-09-19 10:16:45.278,buy,99.43,0.100578,10.0
2026-09-19 10:17:12.429,sell,99.36,2.554463,253.81
2026-09-19 10:17:17.739,sell,99.36,0.344695,34.25
2026-09-19 10:17:22.955,buy,99.36,0.480137,47.71
2026-09-19 10:17:29.425,buy,99.36,2.21762,220.34
2026-09-19 10:17:43.757,sell,99.36,0.14054,13.96
2026-09-19 10:17:43.931,sell,99.36,0.100644,10.0
2026-09-19 10:18:03.320,sell,99.22,0.100783,10.0
2026-09-19 10:18:25.352,buy,99.22,2.804336,278.25
2026-09-19 10:18:49.913,buy,99.22,1.45077,143.95
2026-09-19 10:18:50.074,buy,99.22,0.134774,13.37
2026-09-19 10:19:14.911,buy,99.22,0.216245,21.46
2026-09-19 10:19:22.200,buy,99.22,4.710364,467.37
2026-09-19 10:19:25.015,buy,99.22,0.426045,42.27
2026-09-19 10:19:28.150,sell,99.22,0.283197,28.1
2026-09-19 10:19:32.403,sell,99.22,0.150962,14.98
2026-09-19 10:19:36.631,buy,99.22,0.143455,14.23
2026-09-19 10:19:39.713,buy,99.22,2.809378,278.75
2026-09-19 10:20:02.593,buy,99.24,0.52943,52.54
2026-09-19 10:20:03.544,sell,99.24,0.210626,20.9
2026-09-19 10:20:11.197,buy,99.24,0.225068,22.34
2026-09-19 10:20:36.292,buy,99.24,5.071097,503.26
2026-09-19 10:20:43.374,buy,99.24,1.414542,140.38
2026-09-19 10:20:57.160,buy,99.24,0.1829,18.15
2026-09-19 10:21:16.893,sell,99.16,1.175935,116.6
2026-09-19 10:21:36.056,sell,99.16,0.213005,21.12
2026-09-19 10:21:43.308,sell,99.16,10.100393,1001.51
2026-09-19 10:22:08.188,buy,99.17,0.261481,25.93
2026-09-19 10:22:21.255,buy,99.17,5.300842,525.71
2026-09-19 10:22:37.514,sell,99.17,1.478894,146.67
2026-09-19 10:23:10.488,buy,99.24,0.377492,37.46
2026-09-19 10:23:15.968,sell,99.24,0.100769,10.0
2026-09-19 10:23:26.433,sell,99.24,0.289311,28.71
2026-09-19 10:24:38.245,sell,99.18,0.10083,10.0
2026-09-19 10:24:39.042,sell,99.18,0.10083,10.0
2026-09-19 10:24:54.658,buy,99.18,1.122414,111.32
2026-09-19 10:24:54.673,buy,99.18,0.360758,35.78
2026-09-19 10:24:56.015,sell,99.18,0.465992,46.22
2026-09-19 10:25:05.671,buy,99.2,0.184656,18.32
2026-09-19 10:25:30.415,sell,99.2,0.149507,14.83
2026-09-19 10:25:42.225,buy,99.2,10.291654,1020.91
2026-09-19 10:25:50.557,sell,99.2,1.047407,103.9
2026-09-19 10:26:10.703,buy,99.17,0.114416,11.35
2026-09-19 10:26:12.275,sell,99.17,1.201168,119.12
2026-09-19 10:26:26.113,buy,99.17,1.427609,141.57
2026-09-19 10:26:34.918,buy,99.17,1.304634,129.38
2026-09-19 10:27:02.817,sell,99.16,0.920116,91.24
2026-09-19 10:27:13.650,buy,99.16,0.237678,23.57
2026-09-19 10:27:32.591,sell,99.16,0.127517,12.64
2026-09-19 10:27:35.091,sell,99.16,0.100847,10.0
2026-09-19 10:27:43.800,sell,99.16,0.146617,14.54
2026-09-19 10:28:03.835,sell,99.14,1.410685,139.86
2026-09-19 10:28:10.774,sell,99.14,0.126899,12.58
2026-09-19 10:28:16.626,buy,99.14,0.154528,15.32
2026-09-19 10:28:16.740,buy,99.14,0.108886,10.8
2026-09-19 10:28:49.601,buy,99.14,0.13174,13.06
2026-09-19 10:29:02.602,sell,99.18,0.100827,10.0
2026-09-19 10:29:07.249,buy,99.18,0.100827,10.0
2026-09-19 10:29:24.454,sell,99.18,3.473931,344.55
2026-09-19 10:29:29.207,sell,99.18,2.520512,249.99
2026-09-19 10:29:38.594,buy,99.18,0.20826,20.66
2026-09-19 10:29:41.544,buy,99.18,3.535168,350.62
2026-09-19 10:30:02.729,sell,99.24,4.283984,425.14
2026-09-19 10:30:03.787,sell,99.24,3.289262,326.42
2026-09-19 10:30:18.482,sell,99.24,3.169856,314.58
2026-09-19 10:30:31.180,sell,99.24,0.18424,18.28
2026-09-19 10:30:46.449,sell,99.24,0.456536,45.31
2026-09-19 10:30:46.840,buy,99.24,0.15328,15.21
2026-09-19 10:31:03.671,buy,99.31,0.100693,10.0
2026-09-19 10:31:18.130,sell,99.31,0.100693,10.0
2026-09-19 10:31:49.847,sell,99.31,0.100693,10.0
2026-09-19 10:31:54.508,sell,99.31,0.100693,10.0
2026-09-19 10:32:04.941,buy,99.31,0.49138,48.8
2026-09-19 10:32:20.179,buy,99.31,0.162903,16.18
2026-09-19 10:32:31.678,buy,99.31,1.228927,122.05
2026-09-19 10:32:45.091,buy,99.31,0.100692,10.0
2026-09-19 10:33:14.594,sell,99.45,0.562671,55.96
2026-09-19 10:33:23.778,buy,99.45,1.154878,114.85
2026-09-19 10:33:38.835,sell,99.45,1.37493,136.74
2026-09-19 10:33:50.306,buy,99.45,0.100552,10.0
2026-09-19 10:33:50.862,sell,99.45,0.122684,12.2
2026-09-19 10:34:03.101,sell,99.49,0.100515,10.0
2026-09-19 10:34:09.368,sell,99.49,0.100515,10.0
2026-09-19 10:34:27.655,buy,99.49,0.100515,10.0
2026-09-19 10:34:41.943,sell,99.49,4.387398,436.49
2026-09-19 10:34:48.748,sell,99.49,0.182716,18.18
2026-09-19 10:35:03.745,buy,99.49,0.975223,97.03
2026-09-19 10:35:34.342,buy,99.49,0.100513,10.0
2026-09-19 10:35:59.895,sell,99.49,1.055093,104.97
2026-09-19 10:36:01.018,buy,99.33,0.198149,19.68
2026-09-19 10:36:17.510,sell,99.33,0.174241,17.31
2026-09-19 10:36:18.581,sell,99.33,0.946796,94.04
2026-09-19 10:36:20.779,sell,99.33,0.100676,10.0
2026-09-19 10:36:23.511,sell,99.33,2.755108,273.66
2026-09-19 10:36:38.526,buy,99.33,3.481403,345.8
2026-09-19 10:36:57.466,sell,99.33,0.140463,13.95
2026-09-19 10:37:11.398,buy,99.39,1.207281,119.99
2026-09-19 10:37:14.825,buy,99.39,0.100612,10.0
2026-09-19 10:37:17.284,sell,99.39,0.203626,20.24
2026-09-19 10:38:08.129,sell,99.44,1.163056,115.65
2026-09-19 10:38:13.918,sell,99.44,0.502937,50.01
2026-09-19 10:38:26.340,buy,99.44,0.180704,17.97
2026-09-19 10:38:30.024,buy,99.44,0.285341,28.37
2026-09-19 10:38:33.155,buy,99.44,0.100565,10.0
2026-09-19 10:38:34.426,buy,99.44,0.100565,10.0
2026-09-19 10:38:35.347,buy,99.44,0.171914,17.09
2026-09-19 10:38:46.622,buy,99.44,0.123788,12.31
2026-09-19 10:39:03.172,buy,99.33,3.221541,320.01
2026-09-19 10:39:03.641,buy,99.33,0.107781,10.71
2026-09-19 10:39:05.245,sell,99.33,0.10067,10.0
2026-09-19 10:39:05.329,sell,99.33,1.215689,120.76
2026-09-19 10:39:20.987,sell,99.33,0.402458,39.98
2026-09-19 10:39:24.171,sell,99.33,1.574206,156.37
2026-09-19 10:39:40.863,sell,99.33,0.10067,10.0
2026-09-19 10:39:43.416,buy,99.33,0.360209,35.78
2026-09-19 10:40:09.239,sell,99.3,7.046,699.68
2026-09-19 10:40:19.285,buy,99.3,0.798481,79.29
2026-09-19 10:40:45.136,sell,99.3,2.408127,239.13
2026-09-19 10:40:50.229,sell,99.3,0.936871,93.03
2026-09-19 10:40:51.192,sell,99.3,0.34617,34.38
2026-09-19 10:40:53.009,sell,99.3,0.182635,18.14
2026-09-19 10:41:11.254,buy,99.27,0.887292,88.08
2026-09-19 10:41:11.632,buy,99.27,0.122669,12.18
2026-09-19 10:41:32.593,sell,99.27,0.100735,10.0
2026-09-19 10:41:36.347,sell,99.27,0.293286,29.11
2026-09-19 10:41:37.460,buy,99.27,0.9492,94.23
2026-09-19 10:42:04.285,sell,99.32,2.148235,213.37
2026-09-19 10:42:17.478,sell,99.32,0.363061,36.06
2026-09-19 10:42:26.550,sell,99.32,0.91457,90.84
2026-09-19 10:42:35.378,sell,99.32,1.592863,158.21
2026-09-19 10:42:35.609,buy,99.32,0.100681,10.0
2026-09-19 10:42:45.854,sell,99.32,0.100681,10.0
2026-09-19 10:42:46.367,sell,99.32,0.100681,10.0
2026-09-19 10:42:48.931,buy,99.32,0.668313,66.38
2026-09-19 10:43:27.096,sell,99.33,0.769667,76.45
2026-09-19 10:43:31.576,sell,99.33,0.791185,78.59
2026-09-19 10:43:45.950,sell,99.33,6.457489,641.42
2026-09-19 10:44:05.341,sell,99.25,0.984599,97.72
2026-09-19 10:44:08.963,buy,99.25,0.100756,10.0
2026-09-19 10:44:27.022,buy,99.25,0.100756,10.0
2026-09-19 10:44:48.769,sell,99.25,0.111328,11.05
2026-09-19 10:44:58.839,sell,99.25,0.100756,10.0
2026-09-19 10:45:13.185,buy,99.35,1.001979,99.55
2026-09-19 10:45:24.154,sell,99.35,0.119696,11.89
2026-09-19 10:45:37.203,sell,99.35,0.352185,34.99
2026-09-19 10:46:00.140,sell,99.36,0.58011,57.64
2026-09-19 10:46:28.017,buy,99.36,0.252427,25.08
2026-09-19 10:46:29.106,sell,99.36,0.731113,72.64
2026-09-19 10:46:32.443,sell,99.36,1.641731,163.12
2026-09-19 10:46:39.564,sell,99.36,0.450609,44.77
2026-09-19 10:46:52.791,sell,99.36,0.100643,10.0
2026-09-19 10:47:01.662,buy,99.36,0.980747,97.45
2026-09-19 10:47:03.285,sell,99.36,0.793106,78.8
2026-09-19 10:47:06.461,sell,99.36,1.57294,156.29
2026-09-19 10:47:37.043,buy,99.36,0.812551,80.74
2026-09-19 10:47:52.568,buy,99.36,0.100643,10.0
2026-09-19 10:47:56.239,buy,99.36,0.146859,14.59
2026-09-19 10:48:24.258,buy,99.33,0.100677,10.0
2026-09-19 10:48:33.976,buy,99.33,7.743112,769.1
2026-09-19 10:48:40.193,buy,99.33,0.106485,10.58
2026-09-19 10:48:49.622,sell,99.33,0.212818,21.14
2026-09-19 10:49:01.466,sell,99.31,0.290773,28.88
2026-09-19 10:49:07.415,buy,99.31,6.310476,626.68
2026-09-19 10:49:10.330,sell,99.31,0.575348,57.14
2026-09-19 10:49:10.748,buy,99.31,0.212513,21.1
2026-09-19 10:49:12.468,buy,99.31,0.432322,42.93
2026-09-19 10:49:13.415,sell,99.31,1.606149,159.5
2026-09-19 10:49:14.695,sell,99.31,8.891677,883.02
2026-09-19 10:49:56.008,buy,99.31,1.209968,120.16
2026-09-19 10:50:17.767,buy,99.36,0.100647,10.0
2026-09-19 10:50:21.761,sell,99.36,0.158383,15.74
2026-09-19 10:50:28.219,buy,99.36,0.219512,21.81
2026-09-19 10:50:31.170,sell,99.36,0.324132,32.2
2026-09-19 10:50:35.708,sell,99.36,0.874121,86.85
2026-09-19 10:50:43.368,sell,99.36,0.100647,10.0
2026-09-19 10:50:52.055,buy,99.36,0.180923,17.98
2026-09-19 10:50:52.695,sell,99.36,6.274893,623.45
2026-09-19 10:51:08.639,buy,99.43,0.100569,10.0
2026-09-19 10:51:10.003,buy,99.43,0.411203,40.89
2026-09-19 10:51:20.351,sell,99.43,0.247209,24.58
2026-09-19 10:51:30.430,sell,99.43,0.708898,70.49
2026-09-19 10:51:31.782,buy,99.43,0.152143,15.13
2026-09-19 10:51:44.853,buy,99.43,0.100569,10.0
2026-09-19 10:51:55.338,sell,99.43,0.100569,10.0
2026-09-19 10:52:06.509,buy,99.44,0.527245,52.43
2026-09-19 10:52:09.350,sell,99.44,0.202293,20.12
2026-09-19 10:52:17.212,sell,99.44,22.518065,2239.16
2026-09-19 10:52:17.985,sell,99.44,0.100565,10.0
2026-09-19 10:52:26.775,sell,99.44,0.1471,14.63
2026-09-19 10:52:52.292,buy,99.44,1.395971,138.81
2026-09-19 10:53:03.592,buy,99.37,0.10849,10.78
2026-09-19 10:53:03.611,buy,99.37,0.100638,10.0
2026-09-19 10:53:28.082,buy,99.37,14.395239,1430.4
2026-09-19 10:53:31.254,buy,99.37,1.551772,154.19
2026-09-19 10:53:32.735,buy,99.37,0.401552,39.9
2026-09-19 10:53:56.307,buy,99.37,1.344183,133.57
2026-09-19 10:54:16.616,sell,99.41,1.573923,156.46
2026-09-19 10:54:44.120,sell,99.41,0.908085,90.27
2026-09-19 10:54:45.971,buy,99.41,0.100594,10.0
2026-09-19 10:54:49.748,sell,99.41,0.917315,91.19
2026-09-19 10:55:11.818,buy,99.42,0.274145,27.25
2026-09-19 10:55:16.668,buy,99.42,0.296425,29.47
2026-09-19 10:55:23.605,sell,99.42,0.100585,10.0
2026-09-19 10:55:30.626,buy,99.42,1.134692,112.81
2026-09-19 10:55:35.178,buy,99.42,1.497512,148.88
2026-09-19 10:55:37.259,buy,99.42,0.203301,20.21
2026-09-19 10:55:42.673,buy,99.42,0.165814,16.48
2026-09-19 10:56:06.869,buy,99.52,2.60427,259.16
2026-09-19 10:56:09.343,buy,99.52,0.178087,17.72
2026-09-19 10:56:28.589,buy,99.52,0.851217,84.71
2026-09-19 10:56:31.812,sell,99.52,0.100487,10.0
2026-09-19 10:56:38.897,buy,99.52,0.107074,10.66
2026-09-19 10:56:51.795,buy,99.52,0.157104,15.63
2026-09-19 10:57:01.341,buy,99.53,0.100469,10.0
2026-09-19 10:57:04.646,buy,99.53,0.327388,32.59
2026-09-19 10:57:22.943,buy,99.53,1.032487,102.77
2026-09-19 10:57:42.555,buy,99.53,0.105708,10.52
2026-09-19 10:57:50.296,sell,99.53,0.378527,37.68
2026-09-19 10:58:13.304,buy,99.41,0.459878,45.72
2026-09-19 10:58:32.769,buy,99.41,0.243407,24.2
2026-09-19 10:58:34.121,sell,99.41,0.100592,10.0
2026-09-19 10:58:47.017,sell,99.41,0.55484,55.16
2026-09-19 10:58:48.071,buy,99.41,0.149169,14.83
2026-09-19 10:59:00.847,buy,99.37,1.411148,140.23
2026-09-19 10:59:06.006,buy,99.37,1.221223,121.36
2026-09-19 10:59:22.178,buy,99.37,0.167652,16.66
2026-09-19 10:59:41.352,buy,99.37,0.795663,79.07
2026-09-19 10:59:55.164,sell,99.37,0.100631,10.0
2026-09-19 11:00:04.622,buy,99.37,0.407163,40.46
2026-09-19 11:00:14.417,buy,99.37,0.337689,33.56
2026-09-19 11:00:16.472,buy,99.37,0.150094,14.91
2026-09-19 11:00:25.705,buy,99.37,0.994755,98.85
2026-09-19 11:00:36.568,sell,99.37,2.039689,202.68
2026-09-19 11:00:38.024,sell,99.37,4.27293,424.6
2026-09-19 11:00:45.375,buy,99.37,0.892547,88.69
2026-09-19 11:00:50.959,sell,99.37,3.120758,310.11
2026-09-19 11:01:16.207,sell,99.34,0.726327,72.15
2026-09-19 11:01:26.956,buy,99.34,0.11486,11.41
2026-09-19 11:01:50.825,sell,99.34,0.541359,53.78
2026-09-19 11:02:12.913,sell,99.29,0.100714,10.0
2026-09-19 11:02:16.462,buy,99.29,1.493351,148.28
2026-09-19 11:02:27.112,buy,99.29,2.544214,252.62
2026-09-19 11:02:28.509,buy,99.29,0.164208,16.3
2026-09-19 11:02:30.563,buy,99.29,0.100714,10.0
2026-09-19 11:02:51.222,buy,99.29,0.100714,10.0
2026-09-19 11:03:09.849,buy,99.21,1.764388,175.04
2026-09-19 11:03:19.366,sell,99.21,1.378625,136.77
2026-09-19 11:03:56.561,buy,99.21,0.359614,35.68
2026-09-19 11:03:57.999,sell,99.21,1.123598,111.47
2026-09-19 11:04:05.316,buy,99.2,0.284751,28.25
2026-09-19 11:04:07.596,buy,99.2,0.52081,51.67
2026-09-19 11:04:12.213,sell,99.2,6.46388,641.23
2026-09-19 11:04:13.612,sell,99.2,0.100805,10.0
2026-09-19 11:04:15.772,buy,99.2,0.960635,95.3
2026-09-19 11:04:17.643,sell,99.2,0.236939,23.5
2026-09-19 11:04:22.578,sell,99.2,0.518534,51.44
2026-09-19 11:04:37.721,sell,99.2,0.105676,10.48
2026-09-19 11:05:11.288,buy,99.22,2.539997,252.02
2026-09-19 11:05:39.951,sell,99.22,0.545771,54.15
2026-09-19 11:05:40.112,buy,99.22,0.100786,10.0
2026-09-19 11:05:40.205,sell,99.22,1.684565,167.14
2026-09-19 11:05:49.875,sell,99.22,0.232779,23.1
2026-09-19 11:05:56.501,buy,99.22,0.100786,10.0
2026-09-19 11:05:58.342,buy,99.22,1.256902,124.71
2026-09-19 11:06:12.804,buy,99.21,0.927592,92.03
2026-09-19 11:06:13.907,buy,99.21,0.288864,28.66
2026-09-19 11:06:15.020,sell,99.21,0.156153,15.49
2026-09-19 11:06:33.471,sell,99.21,0.393277,39.02
2026-09-19 11:06:40.542,sell,99.21,3.155165,313.03
2026-09-19 11:07:06.486,buy,99.12,0.136105,13.49
2026-09-19 11:07:07.813,buy,99.12,1.672041,165.74
2026-09-19 11:07:11.970,sell,99.12,0.950282,94.2
2026-09-19 11:07:33.892,buy,99.12,5.774395,572.38
2026-09-19 11:07:45.090,buy,99.12,0.302695,30.0
2026-09-19 11:08:14.864,buy,99.08,0.652778,64.68
2026-09-19 11:08:27.902,buy,99.08,0.54488,53.99
2026-09-19 11:08:30.300,buy,99.08,0.100928,10.0
2026-09-19 11:08:31.293,buy,99.08,1.633911,161.89
2026-09-19 11:08:36.728,buy,99.08,0.390821,38.72
2026-09-19 11:08:43.141,buy,99.08,0.812652,80.52
2026-09-19 11:08:54.890,buy,99.08,0.288782,28.61
2026-09-19 11:09:13.914,sell,99.14,0.242304,24.02
2026-09-19 11:09:16.686,buy,99.14,0.212081,21.03
2026-09-19 11:09:19.301,sell,99.14,0.126511,12.54
2026-09-19 11:09:24.223,buy,99.14,7.063872,700.31
2026-09-19 11:09:28.969,sell,99.14,0.634308,62.89
2026-09-19 11:09:29.202,buy,99.14,0.745555,73.91
2026-09-19 11:09:44.378,buy,99.14,0.677934,67.21
2026-09-19 11:09:45.291,buy,99.14,0.100868,10.0
2026-09-19 11:10:16.557,sell,99.13,0.104941,10.4
2026-09-19 11:10:21.468,buy,99.13,7.090937,702.95
2026-09-19 11:10:27.021,buy,99.13,0.2763,27.39
2026-09-19 11:10:27.492,buy,99.13,0.398497,39.5
2026-09-19 11:10:45.054,sell,99.13,0.122024,12.1
2026-09-19 11:11:28.012,buy,99.16,0.3851,38.19
2026-09-19 11:11:45.033,buy,99.16,0.104285,10.34
2026-09-19 11:11:59.443,sell,99.16,0.100844,10.0
2026-09-19 11:12:07.980,buy,99.21,2.237868,222.02
2026-09-19 11:12:12.990,buy,99.21,0.100797,10.0
2026-09-19 11:12:21.038,buy,99.21,0.677716,67.24
2026-09-19 11:13:12.501,buy,99.17,4.063309,402.94
2026-09-19 11:13:16.229,buy,99.17,5.618329,557.15
2026-09-19 11:13:26.818,buy,99.17,8.599921,852.82
2026-09-19 11:13:44.133,buy,99.17,0.100841,10.0
2026-09-19 11:13:57.601,buy,99.17,0.100841,10.0
2026-09-19 11:14:00.328,sell,99.2,16.066423,1593.75
2026-09-19 11:14:10.877,buy,99.2,0.42874,42.53
2026-09-19 11:14:29.589,buy,99.2,0.100809,10.0
2026-09-19 11:14:30.629,buy,99.2,0.269445,26.73
2026-09-19 11:14:37.394,buy,99.2,0.195889,19.43
2026-09-19 11:14:40.174,buy,99.2,0.100809,10.0
2026-09-19 11:14:56.325,sell,99.2,0.45651,45.28
2026-09-19 11:15:01.744,sell,99.15,1.095916,108.66
2026-09-19 11:15:10.304,sell,99.15,10.123365,1003.77
2026-09-19 11:15:23.368,sell,99.15,2.530713,250.93
2026-09-19 11:15:29.792,sell,99.15,0.161099,15.97
2026-09-19 11:15:30.118,buy,99.15,0.626563,62.13
2026-09-19 11:15:41.245,buy,99.15,0.109368,10.84
2026-09-19 11:16:03.442,buy,99.14,0.836383,82.92
2026-09-19 11:16:23.818,buy,99.14,0.599488,59.43
2026-09-19 11:16:29.241,buy,99.14,0.34199,33.9
2026-09-19 11:16:57.195,buy,99.14,0.100872,10.0
2026-09-19 11:16:59.646,buy,99.14,0.191505,18.98
2026-09-19 11:17:12.535,buy,99.11,0.100902,10.0
2026-09-19 11:17:21.879,sell,99.11,2.385434,236.41
2026-09-19 11:17:34.976,buy,99.11,1.292206,128.07
2026-09-19 11:17:40.212,sell,99.11,0.107335,10.64
2026-09-19 11:17:59.881,sell,99.11,0.429634,42.58
2026-09-19 11:18:04.579,buy,99.17,1.63813,162.46
2026-09-19 11:18:10.472,buy,99.17,1.397841,138.63
2026-09-19 11:18:23.916,sell,99.17,0.100833,10.0
2026-09-19 11:18:29.851,sell,99.17,0.461569,45.78
2026-09-19 11:18:42.732,buy,99.17,0.100833,10.0
2026-09-19 11:18:48.351,buy,99.17,3.00735,298.25
2026-09-19 11:18:57.312,sell,99.17,0.236015,23.41
2026-09-19 11:19:07.602,sell,99.19,0.230194,22.83
2026-09-19 11:19:25.649,sell,99.19,0.100813,10.0
2026-09-19 11:19:30.600,buy,99.19,0.100813,10.0
2026-09-19 11:19:39.232,sell,99.19,0.514932,51.08
2026-09-19 11:19:46.944,buy,99.19,0.190107,18.86
2026-09-19 11:19:48.966,buy,99.19,0.100813,10.0
2026-09-19 11:19:58.188,sell,99.19,0.612351,60.74
2026-09-19 11:20:07.030,sell,99.23,1.149365,114.05
2026-09-19 11:20:08.425,sell,99.23,0.974175,96.66
2026-09-19 11:20:43.168,buy,99.23,0.286932,28.47
2026-09-19 11:20:48.965,sell,99.23,0.10078,10.0
2026-09-19 11:21:20.553,sell,99.28,0.205596,20.41
2026-09-19 11:21:28.393,buy,99.28,0.239291,23.76
2026-09-19 11:21:29.595,sell,99.28,0.176719,17.54
2026-09-19 11:21:30.799,buy,99.28,0.100724,10.0
2026-09-19 11:21:33.303,buy,99.28,1.133686,112.55
2026-09-19 11:21:39.098,sell,99.28,0.545346,54.14
2026-09-19 11:21:47.537,sell,99.28,2.308098,229.15
2026-09-19 11:22:03.089,sell,99.17,0.360239,35.73
2026-09-19 11:22:11.775,sell,99.17,0.605719,60.07
2026-09-19 11:22:13.699,sell,99.17,0.157178,15.59
2026-09-19 11:22:19.602,sell,99.17,0.212689,21.09
2026-09-19 11:22:37.401,sell,99.17,0.100834,10.0
2026-09-19 11:22:41.432,buy,99.17,1.444143,143.22
2026-09-19 11:22:47.711,buy,99.17,0.248832,24.68
2026-09-19 11:22:51.667,sell,99.17,0.1737,17.23
2026-09-19 11:23:11.408,buy,99.18,0.100825,10.0
2026-09-19 11:23:21.825,buy,99.18,0.100825,10.0
2026-09-19 11:23:23.923,buy,99.18,0.100825,10.0
2026-09-19 11:23:39.172,sell,99.18,1.364753,135.36
2026-09-19 11:23:57.039,sell,99.18,0.303337,30.09
2026-09-19 11:24:05.915,buy,99.16,0.305113,30.25
2026-09-19 11:24:10.895,sell,99.16,0.666436,66.08
2026-09-19 11:24:15.284,buy,99.16,0.10085,10.0
2026-09-19 11:24:31.320,sell,99.16,0.129811,12.87
2026-09-19 11:24:36.945,sell,99.16,2.222162,220.34
2026-09-19 11:24:51.273,buy,99.16,0.644054,63.86
2026-09-19 11:25:05.538,sell,99.17,2.201108,218.28
2026-09-19 11:25:15.392,sell,99.17,0.100841,10.0
2026-09-19 11:25:19.105,sell,99.17,0.223215,22.14
2026-09-19 11:25:32.624,sell,99.17,0.295835,29.34
2026-09-19 11:25:52.236,sell,99.17,0.916097,90.85
2026-09-19 11:25:59.548,buy,99.17,108.633101,10772.76
2026-09-19 11:26:03.448,sell,99.06,3.643775,360.96
2026-09-19 11:26:15.144,sell,99.06,1.481163,146.73
2026-09-19 11:26:31.531,sell,99.06,2.162786,214.25
2026-09-19 11:26:32.692,sell,99.06,3.528239,349.51
2026-09-19 11:26:54.140,buy,99.06,0.662673,65.65
2026-09-19 11:26:58.611,buy,99.06,0.186577,18.48
2026-09-19 11:27:26.797,sell,99.13,0.113638,11.27
2026-09-19 11:27:35.904,sell,99.13,0.199977,19.82
2026-09-19 11:27:49.046,sell,99.13,0.812752,80.57
2026-09-19 11:28:09.737,sell,99.11,0.548761,54.39
2026-09-19 11:28:12.461,buy,99.11,0.359141,35.6
2026-09-19 11:28:12.898,buy,99.11,0.650521,64.48
2026-09-19 11:28:20.706,buy,99.11,0.127811,12.67
2026-09-19 11:28:23.704,buy,99.11,0.488389,48.41
2026-09-19 11:28:44.193,buy,99.11,1.760703,174.51
2026-09-19 11:28:48.054,buy,99.11,3.837494,380.35
2026-09-19 11:29:07.564,sell,99.2,0.256048,25.4
2026-09-19 11:29:14.094,sell,99.2,0.330339,32.77
2026-09-19 11:29:33.240,sell,99.2,0.100803,10.0
2026-09-19 11:29:37.783,buy,99.2,0.956171,94.86
2026-09-19 11:30:09.960,sell,99.23,0.302607,30.03
2026-09-19 11:30:10.823,sell,99.23,0.722307,71.67
2026-09-19 11:30:19.894,buy,99.23,0.75657,75.07
2026-09-19 11:30:30.684,buy,99.23,0.100775,10.0
2026-09-19 11:30:43.273,sell,99.23,7.018836,696.48
2026-09-19 11:30:44.762,sell,99.23,0.631976,62.71
2026-09-19 11:30:59.960,sell,99.23,2.841407,281.95
2026-09-19 11:31:22.273,buy,99.17,0.100834,10.0
2026-09-19 11:31:32.450,buy,99.17,1.854316,183.9
2026-09-19 11:31:34.901,buy,99.17,0.576239,57.15
2026-09-19 11:32:03.446,sell,99.3,0.11217,11.14
2026-09-19 11:32:34.353,buy,99.3,0.136667,13.57
2026-09-19 11:32:57.910,sell,99.3,0.159084,15.8
2026-09-19 11:33:06.964,buy,99.3,6.540478,649.48
2026-09-19 11:33:18.145,sell,99.3,0.100704,10.0
2026-09-19 11:33:47.457,buy,99.3,0.422828,41.99
2026-09-19 11:34:07.311,sell,99.17,5.866961,581.85
2026-09-19 11:34:15.213,sell,99.17,0.100834,10.0
2026-09-19 11:34:17.423,buy,99.17,5.673823,562.69
2026-09-19 11:34:19.702,sell,99.17,1.392062,138.06
2026-09-19 11:34:24.941,buy,99.17,0.682314,67.67
2026-09-19 11:34:38.276,sell,99.17,1.178908,116.92
2026-09-19 11:34:51.620,buy,99.17,0.101534,10.07
2026-09-19 11:34:54.569,buy,99.17,0.100834,10.0
2026-09-19 11:35:12.603,sell,99.18,0.100829,10.0
2026-09-19 11:35:28.692,sell,99.18,0.252916,25.08
2026-09-19 11:35:31.044,buy,99.18,0.100829,10.0
2026-09-19 11:35:34.292,sell,99.18,0.153382,15.21
2026-09-19 11:35:35.462,sell,99.18,1.030544,102.21
2026-09-19 11:35:39.144,buy,99.18,0.180565,17.91
2026-09-19 11:35:47.470,sell,99.18,1.615457,160.22
2026-09-19 11:36:05.971,sell,99.18,1.437768,142.6
2026-09-19 11:36:14.416,buy,99.18,4.581796,454.43
2026-09-19 11:36:17.419,sell,99.18,0.432537,42.9
2026-09-19 11:36:56.343,buy,99.18,1.794494,177.98
2026-09-19 11:37:13.010,sell,99.06,1.175199,116.41
2026-09-19 11:37:15.803,sell,99.06,4.391789,435.04
2026-09-19 11:37:21.973,sell,99.06,0.462473,45.81
2026-09-19 11:37:35.997,buy,99.06,0.91339,90.48
2026-09-19 11:37:41.557,buy,99.06,0.100951,10.0
2026-09-19 11:37:47.325,buy,99.06,1.196592,118.53
2026-09-19 11:37:58.696,buy,99.06,3.431069,339.87
2026-09-19 11:37:59.280,sell,99.06,0.100951,10.0
2026-09-19 11:38:00.692,sell,99.08,0.235398,23.32
2026-09-19 11:38:01.813,sell,99.08,0.590588,58.52
2026-09-19 11:38:08.492,sell,99.08,10.063601,997.15
2026-09-19 11:38:10.904,buy,99.08,0.207293,20.54
2026-09-19 11:38:11.097,buy,99.08,0.241665,23.95
2026-09-19 11:39:10.269,buy,98.98,1.553035,153.72
2026-09-19 11:39:27.801,sell,98.98,0.654485,64.78
2026-09-19 11:39:41.494,buy,98.98,0.101028,10.0
2026-09-19 11:39:42.521,sell,98.98,0.101028,10.0
2026-09-19 11:39:54.520,sell,98.98,0.101028,10.0
2026-09-19 11:40:04.549,buy,99.03,0.225061,22.29
2026-09-19 11:40:37.181,buy,99.03,0.100979,10.0
2026-09-19 11:40:41.912,sell,99.03,3.799485,376.27
2026-09-19 11:41:10.687,sell,99.01,0.313158,31.01
2026-09-19 11:41:25.369,sell,99.01,0.351694,34.82
2026-09-19 11:41:28.581,sell,99.01,4.152197,411.13
2026-09-19 11:42:03.367,buy,99.04,0.196673,19.48
2026-09-19 11:42:27.935,sell,99.04,2.251278,222.96
2026-09-19 11:42:48.790,buy,99.04,0.301202,29.83
2026-09-19 11:43:16.175,buy,99.0,0.126919,12.57
2026-09-19 11:43:18.006,sell,99.0,0.101008,10.0
2026-09-19 11:43:37.008,sell,99.0,0.291835,28.89
2026-09-19 11:43:51.529,buy,99.0,0.958957,94.94
2026-09-19 11:43:51.588,buy,99.0,1.074102,106.34
2026-09-19 11:43:54.379,buy,99.0,0.374471,37.07
2026-09-19 11:44:38.530,buy,99.12,0.10089,10.0
2026-09-19 11:44:44.824,buy,99.12,0.10089,10.0
2026-09-19 11:44:45.519,buy,99.12,0.115387,11.44
2026-09-19 11:45:02.721,sell,99.09,0.100915,10.0
2026-09-19 11:45:19.739,sell,99.09,0.688447,68.22
2026-09-19 11:45:30.091,sell,99.09,0.206617,20.47
2026-09-19 11:45:33.562,buy,99.09,0.127177,12.6
2026-09-19 11:45:47.456,buy,99.09,7.006698,694.32
2026-09-19 11:45:51.404,buy,99.09,1.175086,116.44
2026-09-19 11:46:12.618,sell,99.17,0.211407,20.97
2026-09-19 11:46:13.065,sell,99.17,0.100832,10.0
2026-09-19 11:46:18.391,buy,99.17,0.451347,44.76
2026-09-19 11:46:32.900,buy,99.17,0.74862,74.24
2026-09-19 11:46:50.557,buy,99.17,0.100832,10.0
2026-09-19 11:46:54.218,buy,99.17,0.144809,14.36
2026-09-19 11:46:59.896,sell,99.17,0.100832,10.0
2026-09-19 11:47:07.454,buy,99.19,14.046632,1393.27
2026-09-19 11:47:52.037,sell,99.19,0.100817,10.0
2026-09-19 11:47:59.271,buy,99.19,13.888013,1377.54
2026-09-19 11:48:09.477,buy,99.18,0.218144,21.64
2026-09-19 11:48:22.396,sell,99.18,0.100825,10.0
2026-09-19 11:48:24.999,sell,99.18,0.118228,11.73
2026-09-19 11:48:40.665,buy,99.18,0.100825,10.0
2026-09-19 11:48:56.863,sell,99.18,1.087889,107.9
2026-09-19 11:49:06.301,buy,99.18,0.100827,10.0
2026-09-19 11:49:08.834,sell,99.18,2.683793,266.18
2026-09-19 11:49:15.004,sell,99.18,2.388616,236.9
2026-09-19 11:49:27.101,buy,99.18,0.114133,11.32
2026-09-19 11:49:35.085,buy,99.18,0.374421,37.13
2026-09-19 11:49:36.404,buy,99.18,4.752757,471.38
2026-09-19 11:49:40.262,sell,99.18,0.100827,10.0
2026-09-19 11:49:41.701,buy,99.18,0.100827,10.0
2026-09-19 11:50:00.530,buy,99.09,0.538347,53.34
2026-09-19 11:50:03.196,sell,99.09,0.10092,10.0
2026-09-19 11:50:20.524,sell,99.09,0.118373,11.73
2026-09-19 11:50:27.889,sell,99.09,2.727671,270.28
2026-09-19 11:50:37.445,sell,99.09,0.102484,10.16
2026-09-19 11:51:12.081,sell,99.2,0.521427,51.73
2026-09-19 11:51:17.327,buy,99.2,2.734837,271.3
2026-09-19 11:51:33.839,buy,99.2,1.356163,134.53
2026-09-19 11:52:09.639,sell,99.18,0.733918,72.79
2026-09-19 11:52:28.060,buy,99.18,0.237086,23.51
2026-09-19 11:52:44.125,buy,99.18,0.359514,35.66
2026-09-19 11:52:54.738,sell,99.18,7.054811,699.66
2026-09-19 11:52:55.981,buy,99.18,0.100831,10.0
2026-09-19 11:53:31.317,buy,99.19,1.242964,123.29
2026-09-19 11:53:41.904,buy,99.19,0.380787,37.77
2026-09-19 11:53:55.091,buy,99.19,0.629254,62.42
2026-09-19 11:53:59.831,sell,99.19,0.489367,48.54
2026-09-19 11:54:10.634,buy,99.2,0.440129,43.66
2026-09-19 11:54:52.212,buy,99.2,0.231786,22.99
2026-09-19 11:54:57.246,buy,99.2,0.247181,24.52
2026-09-19 11:54:58.439,buy,99.2,0.197009,19.54
2026-09-19 11:55:06.733,sell,99.08,0.160697,15.92
2026-09-19 11:55:10.000,sell,99.08,0.820184,81.26
2026-09-19 11:55:37.846,sell,99.08,0.226762,22.47
2026-09-19 11:55:56.764,buy,99.08,0.182634,18.09
2026-09-19 11:56:27.752,buy,99.01,0.613255,60.72
2026-09-19 11:56:34.216,buy,99.01,0.331495,32.82
2026-09-19 11:56:36.808,sell,99.01,0.369664,36.6
2026-09-19 11:56:45.343,buy,99.01,5.011349,496.19
2026-09-19 11:56:48.538,sell,99.01,0.421967,41.78
2026-09-19 11:56:59.643,sell,99.01,1.698561,168.18
2026-09-19 11:57:04.909,sell,99.01,0.101004,10.0
2026-09-19 11:57:15.797,buy,99.01,0.860277,85.17
2026-09-19 11:57:19.616,buy,99.01,0.270388,26.77
2026-09-19 11:57:31.295,buy,99.01,0.101004,10.0
2026-09-19 11:57:31.500,buy,99.01,1.503267,148.83
2026-09-19 11:57:33.350,sell,99.01,0.311752,30.87
2026-09-19 11:57:48.526,buy,99.01,0.101004,10.0
2026-09-19 11:57:58.582,sell,99.01,0.409325,40.53
2026-09-19 11:58:02.538,buy,98.98,0.243407,24.09
2026-09-19 11:58:04.883,sell,98.98,0.424064,41.98
2026-09-19 11:58:09.080,buy,98.98,0.460588,45.59
2026-09-19 11:58:23.422,buy,98.98,1.798926,178.06
2026-09-19 11:58:28.726,sell,98.98,0.180518,17.87
2026-09-19 11:58:34.847,sell,98.98,0.144547,14.31
2026-09-19 11:58:36.663,sell,98.98,0.101027,10.0
2026-09-19 11:58:46.505,sell,98.98,0.371855,36.81
2026-09-19 11:59:02.165,sell,99.02,0.100988,10.0
2026-09-19 11:59:07.299,buy,99.02,3.995362,395.63
2026-09-19 11:59:10.833,sell,99.02,3.767067,373.02
2026-09-19 11:59:17.148,sell,99.02,0.100988,10.0
2026-09-19 11:59:18.998,sell,99.02,0.100988,10.0
2026-09-19 11:59:53.946,buy,99.02,0.100988,10.0
2026-09-19 12:00:02.071,sell,98.95,0.144384,14.29
2026-09-19 12:00:16.117,sell,98.95,0.335949,33.24
2026-09-19 12:00:24.269,buy,98.95,0.706265,69.88
2026-09-19 12:00:24.686,buy,98.95,0.601894,59.56
2026-09-19 12:00:41.464,buy,98.95,0.101062,10.0
2026-09-19 12:00:59.177,buy,98.95,0.101062,10.0
2026-09-19 12:01:11.149,buy,98.93,0.101086,10.0
2026-09-19 12:01:16.706,sell,98.93,1.444413,142.89
2026-09-19 12:01:22.493,buy,98.93,0.44006,43.53
2026-09-19 12:01:25.696,sell,98.93,0.276509,27.35
2026-09-19 12:01:46.178,buy,98.93,0.426523,42.19
2026-09-19 12:01:50.790,sell,98.93,0.143628,14.21
2026-09-19 12:01:51.249,sell,98.93,0.878008,86.86
2026-09-19 12:01:51.349,sell,98.93,0.343924,34.02
2026-09-19 12:02:07.154,sell,98.88,0.171529,16.96
2026-09-19 12:02:13.199,sell,98.88,1.271328,125.7
2026-09-19 12:02:32.819,sell,98.88,0.101137,10.0
2026-09-19 12:02:38.838,sell,98.88,1.012941,100.16
2026-09-19 12:02:47.104,buy,98.88,0.339394,33.56
2026-09-19 12:02:57.603,sell,98.88,1.379632,136.41
2026-09-19 12:03:14.041,buy,98.88,0.584591,57.8
2026-09-19 12:03:15.512,sell,98.88,0.101135,10.0
2026-09-19 12:03:16.821,sell,98.88,0.101135,10.0
2026-09-19 12:03:35.854,buy,98.88,0.101135,10.0
2026-09-19 12:03:36.385,sell,98.88,0.176763,17.48
2026-09-19 12:03:38.066,sell,98.88,0.296011,29.27
2026-09-19 12:03:44.086,buy,98.88,1.069,105.7
2026-09-19 12:03:56.392,buy,98.88,0.101135,10.0
2026-09-19 12:04:20.748,sell,98.92,0.101093,10.0
2026-09-19 12:04:37.347,sell,98.92,1.527233,151.07
2026-09-19 12:04:45.103,buy,98.92,0.714184,70.65
2026-09-19 12:05:29.926,sell,98.88,0.23404,23.14
2026-09-19 12:05:32.685,buy,98.88,0.330348,32.66
2026-09-19 12:05:35.820,buy,98.88,0.333607,32.99
2026-09-19 12:05:54.565,sell,98.88,0.319651,31.61
2026-09-19 12:05:54.853,sell,98.88,4.278804,423.09
2026-09-19 12:06:13.239,buy,98.88,0.101135,10.0
2026-09-19 12:06:29.054,sell,98.88,2.929697,289.68
2026-09-19 12:06:29.121,buy,98.88,0.123812,12.24
2026-09-19 12:06:46.862,sell,98.88,1.134562,112.18
2026-09-19 12:07:16.857,buy,98.92,0.201595,19.94
2026-09-19 12:07:16.967,sell,98.92,0.115317,11.41
2026-09-19 12:07:18.046,buy,98.92,0.101093,10.0
2026-09-19 12:07:20.242,sell,98.92,0.101093,10.0
2026-09-19 12:07:20.839,buy,98.92,0.365283,36.13
2026-09-19 12:07:22.339,sell,98.92,0.101093,10.0
2026-09-19 12:07:54.093,buy,98.92,0.561173,55.51
2026-09-19 12:08:02.796,sell,98.91,0.157612,15.59
2026-09-19 12:08:05.831,sell,98.91,2.914469,288.26
2026-09-19 12:08:09.902,buy,98.91,0.186061,18.4
2026-09-19 12:08:20.895,sell,98.91,12.474057,1233.76
2026-09-19 12:08:41.535,sell,98.91,0.532951,52.71
2026-09-19 12:08:55.231,sell,98.91,0.169407,16.76
2026-09-19 12:08:55.688,buy,98.91,2.234826,221.04
2026-09-19 12:08:58.376,buy,98.91,0.151041,14.94
2026-09-19 12:09:08.310,buy,98.9,0.563711,55.75
2026-09-19 12:09:19.988,sell,98.9,0.836908,82.77
2026-09-19 12:09:22.983,sell,98.9,0.196882,19.47
2026-09-19 12:09:59.054,buy,98.9,0.187494,18.54
2026-09-19 12:10:16.297,sell,98.88,0.562543,55.63
2026-09-19 12:10:21.608,buy,98.88,1.047303,103.56
2026-09-19 12:10:31.688,buy,98.88,0.153088,15.14
2026-09-19 12:10:34.597,sell,98.88,0.62408,61.71
2026-09-19 12:10:36.703,buy,98.88,3.303632,326.68
2026-09-19 12:10:38.679,sell,98.88,0.217432,21.5
2026-09-19 12:11:05.007,sell,98.87,0.385639,38.13
2026-09-19 12:11:15.505,sell,98.87,1.464019,144.75
2026-09-19 12:11:26.974,buy,98.87,0.22609,22.35
2026-09-19 12:11:40.021,buy,98.87,1.278208,126.37
2026-09-19 12:11:41.015,buy,98.87,9.892063,978.01
2026-09-19 12:12:01.145,sell,98.83,0.101188,10.0
2026-09-19 12:12:09.836,sell,98.83,0.190793,18.86
2026-09-19 12:12:14.090,sell,98.83,1.015501,100.36
2026-09-19 12:12:40.551,sell,98.83,0.101188,10.0
2026-09-19 12:12:49.316,buy,98.83,0.2948,29.13
2026-09-19 12:12:56.599,sell,98.83,0.859632,84.95
2026-09-19 12:13:09.541,buy,98.88,0.408526,40.39
2026-09-19 12:13:13.996,buy,98.88,0.101133,10.0
2026-09-19 12:13:19.091,buy,98.88,0.278633,27.55
2026-09-19 12:13:40.263,sell,98.88,0.213636,21.12
2026-09-19 12:13:49.675,sell,98.88,0.170647,16.87
2026-09-19 12:13:58.348,buy,98.88,0.129303,12.79
2026-09-19 12:14:15.718,sell,98.77,0.101247,10.0
2026-09-19 12:14:19.722,sell,98.77,0.928384,91.69
2026-09-19 12:14:23.122,buy,98.77,0.270252,26.69
2026-09-19 12:14:27.405,buy,98.77,0.101247,10.0
2026-09-19 12:14:44.618,sell,98.77,0.931702,92.02
2026-09-19 12:14:52.490,sell,98.77,0.101247,10.0
2026-09-19 12:15:25.320,buy,98.69,0.101324,10.0
2026-09-19 12:15:45.468,buy,98.69,0.271748,26.82
2026-09-19 12:15:51.312,buy,98.69,2.366307,233.54
2026-09-19 12:15:58.118,sell,98.69,0.227065,22.41
2026-09-19 12:16:02.358,sell,98.53,2.82286,278.15
2026-09-19 12:16:12.135,buy,98.53,1.866778,183.94
2026-09-19 12:16:24.056,buy,98.53,2.414169,237.88
2026-09-19 12:16:25.508,buy,98.53,0.101487,10.0
2026-09-19 12:17:07.598,buy,98.64,0.839361,82.79
2026-09-19 12:17:14.287,buy,98.64,0.101382,10.0
2026-09-19 12:17:21.596,buy,98.64,1.180346,116.43
2026-09-19 12:17:25.247,buy,98.64,0.363408,35.85
2026-09-19 12:17:31.472,sell,98.64,0.276605,27.28
2026-09-19 12:17:43.050,buy,98.64,0.101382,10.0
2026-09-19 12:18:07.494,sell,98.6,0.325659,32.11
2026-09-19 12:18:10.844,buy,98.6,4.539077,447.55
2026-09-19 12:18:15.491,sell,98.6,0.517599,51.04
2026-09-19 12:18:39.504,buy,98.6,0.10142,10.0
2026-09-19 12:18:52.616,sell,98.6,0.10142,10.0
2026-09-19 12:18:58.597,buy,98.6,0.133253,13.14
2026-09-19 12:19:09.852,buy,98.63,0.751568,74.13
2026-09-19 12:19:20.039,buy,98.63,0.101387,10.0
2026-09-19 12:19:40.026,sell,98.63,0.349326,34.45
2026-09-19 12:19:44.748,buy,98.63,0.649094,64.02
2026-09-19 12:19:50.147,buy,98.63,0.101387,10.0
2026-09-19 12:19:57.075,buy,98.63,1.541641,152.05
2026-09-19 12:20:05.624,buy,98.68,0.155204,15.32
2026-09-19 12:20:45.383,sell,98.68,0.101337,10.0
2026-09-19 12:20:46.525,buy,98.68,0.101337,10.0
2026-09-19 12:20:49.164,sell,98.68,0.362033,35.73
2026-09-19 12:20:55.028,buy,98.68,0.150259,14.83
2026-09-19 12:21:21.070,buy,98.75,0.613729,60.61
2026-09-19 12:21:29.794,sell,98.75,0.101262,10.0
2026-09-19 12:21:55.750,buy,98.75,2.042712,201.73
2026-09-19 12:22:13.006,buy,98.82,0.421106,41.61
2026-09-19 12:22:33.673,buy,98.82,0.13219,13.06
2026-09-19 12:22:45.460,buy,98.82,0.125653,12.42
2026-09-19 12:22:52.365,buy,98.82,1.832889,181.13
2026-09-19 12:23:14.391,buy,98.81,13.018178,1286.29
2026-09-19 12:23:32.306,buy,98.81,3.538056,349.59
2026-09-19 12:23:57.194,buy,98.81,0.205159,20.27
2026-09-19 12:24:22.187,buy,98.68,0.10134,10.0
2026-09-19 12:24:34.983,sell,98.68,0.213166,21.03
2026-09-19 12:24:46.175,buy,98.68,0.592454,58.46
2026-09-19 12:24:50.029,buy,98.68,0.16852,16.63
2026-09-19 12:24:51.275,sell,98.68,0.333864,32.94
2026-09-19 12:25:12.379,sell,98.77,1.299446,128.35
2026-09-19 12:25:14.000,sell,99.25,100.755668,10000.0
2026-09-19 12:25:16.683,sell,98.77,0.441968,43.65
2026-09-19 12:25:18.447,sell,98.77,0.11645,11.5
2026-09-19 12:25:19.515,buy,98.77,0.101243,10.0
2026-09-19 12:25:25.318,buy,98.77,0.101243,10.0
2026-09-19 12:25:27.738,buy,98.77,0.723012,71.41
2026-09-19 12:25:29.898,sell,98.77,0.101243,10.0
2026-09-19 12:25:29.934,sell,98.77,0.219739,21.7
2026-09-19 12:26:04.590,sell,98.83,0.101186,10.0
2026-09-19 12:26:12.426,sell,98.83,0.94897,93.78
2026-09-19 12:26:16.481,sell,98.83,0.101186,10.0
2026-09-19 12:26:22.049,sell,98.83,0.565383,55.88
2026-09-19 12:26:36.538,sell,98.83,0.390692,38.61
2026-09-19 12:26:43.425,buy,98.83,0.203388,20.1
2026-09-19 12:26:57.571,sell,98.83,0.171527,16.95
2026-09-19 12:26:58.400,buy,98.83,1.001378,98.96
2026-09-19 12:27:00.816,sell,98.89,0.101119,10.0
2026-09-19 12:27:27.930,sell,98.89,0.492891,48.74
2026-09-19 12:27:29.912,buy,98.89,0.149577,14.79
2026-09-19 12:27:40.309,sell,98.89,0.101119,10.0
2026-09-19 12:27:53.977,sell,98.89,0.753626,74.53
2026-09-19 12:27:59.325,buy,98.89,24.528696,2425.72
2026-09-19 12:28:05.959,sell,99.04,0.100974,10.0
2026-09-19 12:28:20.939,buy,99.04,6.520783,645.79
2026-09-19 12:28:22.825,sell,99.04,0.982061,97.26
2026-09-19 12:28:23.231,sell,99.04,0.100974,10.0
2026-09-19 12:28:25.181,sell,99.04,0.261906,25.94
2026-09-19 12:28:29.313,buy,99.04,7.453104,738.12
2026-09-19 12:28:57.164,sell,99.04,0.302646,29.97
2026-09-19 12:29:02.859,buy,99.11,0.833532,82.61
2026-09-19 12:29:06.476,sell,99.11,0.765142,75.83
2026-09-19 12:29:17.891,sell,99.11,0.285252,28.27
2026-09-19 12:29:21.792,sell,99.11,16.205023,1606.07
2026-09-19 12:29:43.037,sell,99.11,1.118119,110.82
2026-09-19 12:29:46.170,buy,99.11,0.352815,34.97
2026-09-19 12:29:52.995,sell,99.11,0.100899,10.0
2026-09-19 12:30:27.016,buy,99.02,0.100993,10.0
2026-09-19 12:30:48.545,sell,99.02,0.100993,10.0
2026-09-19 12:30:57.976,buy,99.02,0.507949,50.3
2026-09-19 12:31:07.185,buy,99.01,1.481925,146.72
2026-09-19 12:31:22.215,buy,99.01,0.695796,68.89
2026-09-19 12:31:43.270,buy,99.01,0.677691,67.1
2026-09-19 12:31:49.671,buy,99.01,0.976081,96.64
2026-09-19 12:32:00.419,buy,98.97,0.525984,52.06
2026-09-19 12:32:23.236,sell,98.97,2.120918,209.91
2026-09-19 12:32:41.400,buy,98.97,0.158839,15.72
2026-09-19 12:32:44.204,sell,98.97,0.10104,10.0
2026-09-19 12:33:05.164,buy,98.94,0.309835,30.66
2026-09-19 12:33:08.080,buy,98.94,4.160844,411.69
2026-09-19 12:33:17.215,buy,98.94,0.201185,19.91
2026-09-19 12:33:38.278,sell,98.94,0.45808,45.32
2026-09-19 12:33:50.218,sell,98.94,0.235025,23.25
2026-09-19 12:34:04.105,sell,98.93,5.007022,495.32
2026-09-19 12:34:12.825,sell,98.93,0.101086,10.0
2026-09-19 12:34:28.160,sell,98.93,0.586807,58.05
2026-09-19 12:34:41.821,sell,98.93,1.069221,105.77
2026-09-19 12:34:53.816,sell,98.93,0.101086,10.0
2026-09-19 12:34:54.787,sell,98.93,0.313356,31.0
2026-09-19 12:34:56.000,buy,99.28,30.217566,3000.0
2026-09-19 12:35:35.636,sell,98.87,1.136432,112.36
2026-09-19 12:35:53.856,sell,98.87,0.396543,39.21
2026-09-19 12:35:55.280,buy,98.87,0.101143,10.0
2026-09-19 12:36:16.502,sell,98.82,0.366229,36.19
2026-09-19 12:36:17.279,buy,98.82,1.56885,155.03
2026-09-19 12:36:17.861,sell,98.82,0.380808,37.63
2026-09-19 12:36:21.708,sell,98.82,0.101198,10.0
2026-09-19 12:36:40.298,buy,98.82,0.148783,14.7
2026-09-19 12:36:49.765,buy,98.82,0.604972,59.78
2026-09-19 12:36:50.657,buy,98.82,0.160708,15.88
2026-09-19 12:36:54.340,sell,98.82,0.426997,42.19
2026-09-19 12:37:11.259,sell,98.84,0.493003,48.73
2026-09-19 12:37:43.841,buy,98.84,0.120512,11.91
2026-09-19 12:37:43.922,buy,98.84,0.101176,10.0
2026-09-19 12:38:00.829,sell,98.65,0.101366,10.0
2026-09-19 12:38:01.202,buy,98.65,5.609125,553.35
2026-09-19 12:38:17.343,sell,98.65,1.289899,127.25
2026-09-19 12:38:30.559,buy,98.65,1.145082,112.96
2026-09-19 12:38:31.222,sell,98.65,2.727529,269.08
2026-09-19 12:38:39.129,sell,98.65,0.488253,48.17
2026-09-19 12:39:05.233,buy,98.68,0.101339,10.0
2026-09-19 12:39:17.542,sell,98.68,0.101339,10.0
2026-09-19 12:39:34.052,sell,98.68,0.974644,96.18
2026-09-19 12:39:52.381,sell,98.68,0.637676,62.92
2026-09-19 12:39:56.879,buy,98.68,6.357838,627.38
2026-09-19 12:40:03.663,sell,98.77,0.101242,10.0
2026-09-19 12:40:10.762,buy,98.77,0.101242,10.0
2026-09-19 12:40:23.171,buy,98.77,0.747824,73.86
2026-09-19 12:40:34.147,sell,98.77,0.394324,38.95
2026-09-19 12:40:36.871,buy,98.77,0.234949,23.21
2026-09-19 12:40:37.023,sell,98.77,0.138964,13.73
2026-09-19 12:41:09.983,sell,98.81,0.410598,40.57
2026-09-19 12:41:14.973,buy,98.81,0.603953,59.68
2026-09-19 12:41:20.640,buy,98.81,0.394299,38.96
2026-09-19 12:41:23.150,buy,98.81,0.641352,63.37
2026-09-19 12:41:43.892,buy,98.81,0.389529,38.49
2026-09-19 12:41:51.782,sell,98.81,1.618645,159.93
2026-09-19 12:41:56.876,buy,98.81,1.141625,112.8
2026-09-19 12:41:58.801,sell,98.81,2.334512,230.67
2026-09-19 12:42:04.656,buy,98.8,0.117943,11.65
2026-09-19 12:42:20.807,buy,98.8,0.358555,35.43
2026-09-19 12:42:29.342,sell,98.8,3.125982,308.86
2026-09-19 12:42:55.758,sell,98.8,0.247937,24.5
2026-09-19 12:43:16.233,buy,98.79,0.209007,20.65
2026-09-19 12:43:22.513,buy,98.79,0.534105,52.76
2026-09-19 12:43:24.320,buy,98.79,0.226243,22.35
2026-09-19 12:43:27.783,sell,98.79,0.325285,32.13
2026-09-19 12:43:35.716,buy,98.79,0.800739,79.1
2026-09-19 12:43:36.333,buy,98.79,8.914359,880.62
2026-09-19 12:43:38.905,sell,98.79,0.40995,40.5
2026-09-19 12:43:41.839,buy,98.79,0.877234,86.66
2026-09-19 12:44:00.819,buy,98.74,0.266342,26.3
2026-09-19 12:44:00.849,sell,98.74,0.101281,10.0
2026-09-19 12:44:13.978,buy,98.74,0.101281,10.0
2026-09-19 12:44:16.138,buy,98.74,2.470165,243.89
2026-09-19 12:44:32.151,buy,98.74,1.017411,100.45
2026-09-19 12:44:35.888,sell,98.74,2.804908,276.94
2026-09-19 12:44:47.043,sell,98.74,0.101281,10.0
2026-09-19 12:44:58.550,sell,98.74,0.150935,14.9
2026-09-19 12:45:00.381,buy,98.82,1.281968,126.69
2026-09-19 12:45:01.922,sell,98.82,0.481734,47.61
2026-09-19 12:45:27.982,sell,98.82,0.618258,61.1
2026-09-19 12:46:00.172,sell,98.9,9.04702,894.73
2026-09-19 12:46:18.112,buy,98.9,0.223769,22.13
2026-09-19 12:46:19.151,sell,98.9,0.69614,68.85
2026-09-19 12:46:35.124,buy,98.9,0.250673,24.79
2026-09-19 12:46:40.516,sell,98.9,0.101114,10.0
2026-09-19 12:46:51.854,buy,98.9,0.12665,12.53
2026-09-19 12:46:57.539,sell,98.9,0.211135,20.88
2026-09-19 12:47:12.363,sell,98.86,0.142411,14.08
2026-09-19 12:47:14.546,buy,98.86,0.101153,10.0
2026-09-19 12:47:18.877,sell,98.86,0.136723,13.52
2026-09-19 12:47:41.850,buy,98.86,0.101153,10.0
2026-09-19 12:48:05.862,sell,98.92,0.101091,10.0
2026-09-19 12:48:06.817,sell,98.92,0.345187,34.15
2026-09-19 12:48:17.254,sell,98.92,0.101091,10.0
2026-09-19 12:48:19.530,buy,98.92,0.135473,13.4
2026-09-19 12:48:29.562,sell,98.92,1.660654,164.27
2026-09-19 12:48:31.983,sell,98.92,1.863199,184.31
2026-09-19 12:48:32.602,sell,98.92,0.101091,10.0
2026-09-19 12:48:53.350,buy,98.92,1.230441,121.72
2026-09-19 12:49:03.740,sell,98.93,0.101078,10.0
2026-09-19 12:49:22.706,buy,98.93,0.221606,21.92
2026-09-19 12:49:36.759,sell,98.93,30.598165,3027.18
2026-09-19 12:49:41.040,buy,98.93,0.46837,46.34
2026-09-19 12:49:45.445,sell,98.93,0.109428,10.83
2026-09-19 12:49:50.109,sell,98.93,0.162071,16.03
2026-09-19 12:50:41.717,buy,98.96,0.101051,10.0
2026-09-19 12:50:50.635,sell,98.96,0.532021,52.65
2026-09-19 12:50:57.540,buy,98.96,0.811693,80.32
2026-09-19 12:50:58.401,buy,98.96,0.189103,18.71
2026-09-19 12:51:10.583,sell,98.96,0.142874,14.14
2026-09-19 12:51:13.170,buy,98.96,0.435441,43.09
2026-09-19 12:51:14.891,buy,98.96,0.101054,10.0
2026-09-19 12:51:25.332,buy,98.96,0.325992,32.26
2026-09-19 12:51:36.578,sell,98.96,0.803147,79.48
2026-09-19 12:51:48.495,sell,98.96,11.071864,1095.64
2026-09-19 12:51:58.749,buy,98.96,6.149634,608.55
2026-09-19 12:52:08.749,sell,98.98,2.675804,264.86
2026-09-19 12:52:11.344,sell,98.98,0.202641,20.06
2026-09-19 12:52:23.797,sell,98.98,0.101026,10.0
2026-09-19 12:52:30.025,sell,98.98,0.175871,17.41
2026-09-19 12:52:46.257,buy,98.98,0.342975,33.95
2026-09-19 12:52:54.465,buy,98.98,1.775853,175.78
2026-09-19 12:52:57.046,buy,98.98,0.304251,30.12
2026-09-19 12:53:09.532,sell,99.02,9.310054,921.9
2026-09-19 12:53:17.184,buy,99.02,0.100988,10.0
2026-09-19 12:53:25.628,sell,99.02,0.188117,18.63
2026-09-19 12:53:32.631,sell,99.02,0.254518,25.2
2026-09-19 12:53:47.279,buy,99.02,0.598156,59.23
2026-09-19 12:54:01.553,buy,99.01,0.34182,33.84
2026-09-19 12:54:05.490,buy,99.01,0.545833,54.04
2026-09-19 12:54:06.266,buy,99.01,0.100998,10.0
2026-09-19 12:54:09.362,sell,99.01,0.139185,13.78
2026-09-19 12:54:14.418,sell,99.01,0.988672,97.89
2026-09-19 12:54:24.604,buy,99.01,0.13609,13.47
2026-09-19 12:54:54.356,buy,99.01,0.397061,39.31
2026-09-19 12:54:54.824,buy,99.01,0.185325,18.35
2026-09-19 12:55:00.187,sell,99.02,0.963355,95.4
2026-09-19 12:55:16.042,sell,99.02,1.168588,115.72
2026-09-19 12:55:20.043,sell,99.02,0.343809,34.05
2026-09-19 12:55:32.481,sell,99.02,0.100985,10.0
2026-09-19 12:55:45.144,sell,99.02,0.413244,40.92
2026-09-19 12:55:45.493,buy,99.02,0.19392,19.2
2026-09-19 12:55:52.770,sell,99.02,0.403264,39.93
2026-09-19 12:56:04.639,buy,99.03,2.694733,266.86
2026-09-19 12:56:05.894,sell,99.03,0.581307,57.57
2026-09-19 12:56:21.542,sell,99.03,0.101244,10.03
2026-09-19 12:56:24.623,sell,99.03,0.100979,10.0
2026-09-19 12:56:46.506,sell,99.03,0.100979,10.0
2026-09-19 12:57:12.659,sell,99.06,0.121875,12.07
2026-09-19 12:57:16.722,buy,99.06,3.2596,322.91
2026-09-19 12:57:26.855,buy,99.06,0.176465,17.48
2026-09-19 12:57:47.058,buy,99.06,0.27367,27.11
2026-09-19 12:57:48.094,buy,99.06,0.270835,26.83
2026-09-19 12:58:16.875,buy,99.07,0.199888,19.8
2026-09-19 12:58:17.406,buy,99.07,0.209472,20.75
2026-09-19 12:58:35.085,buy,99.07,0.542533,53.75
2026-09-19 12:58:48.290,sell,99.07,0.214184,21.22
2026-09-19 12:58:49.513,buy,99.07,10.836988,1073.61
2026-09-19 12:59:43.393,sell,99.16,1.451867,143.97
2026-09-19 12:59:46.125,sell,99.16,5.224502,518.06
2026-09-19 12:59:48.613,sell,99.16,2.171867,215.36
2026-09-19 13:00:00.368,buy,99.14,0.21499,21.31
2026-09-19 13:00:12.021,buy,99.14,0.483831,47.97
2026-09-19 13:00:23.029,sell,99.14,0.17349,17.2
2026-09-19 13:00:30.125,sell,99.14,0.100865,10.0
2026-09-19 13:00:43.037,buy,99.14,0.990916,98.24
2026-09-19 13:00:50.149,buy,99.14,2.236034,221.69
2026-09-19 13:00:55.798,sell,99.14,0.221477,21.96
2026-09-19 13:01:08.381,sell,99.15,4.266455,423.0
2026-09-19 13:01:14.418,buy,99.15,0.812207,80.53
2026-09-19 13:01:15.926,sell,99.15,0.643936,63.84
2026-09-19 13:01:33.867,sell,99.15,71.889393,7127.57
2026-09-19 13:01:40.842,sell,99.15,0.112004,11.1
2026-09-19 13:01:48.186,buy,99.15,0.656761,65.12
2026-09-19 13:01:52.318,buy,99.15,0.584759,57.98
2026-09-19 13:01:56.342,sell,99.15,0.256037,25.39
2026-09-19 13:02:08.788,sell,99.15,0.100858,10.0
2026-09-19 13:02:13.523,buy,99.15,2.200454,218.17
2026-09-19 13:02:18.198,sell,99.15,0.100858,10.0
2026-09-19 13:02:41.095,sell,99.15,1.095963,108.66
2026-09-19 13:02:42.003,sell,99.15,0.513149,50.88
2026-09-19 13:02:55.001,sell,99.15,0.405254,40.18
2026-09-19 13:02:58.979,sell,99.15,1.115364,110.59
2026-09-19 13:03:02.631,buy,99.12,0.354381,35.13
2026-09-19 13:03:08.025,buy,99.12,0.289488,28.69
2026-09-19 13:03:13.610,sell,99.12,0.95416,94.58
2026-09-19 13:03:22.405,buy,99.12,1.830085,181.4
2026-09-19 13:03:40.815,sell,99.12,0.130183,12.9
2026-09-19 13:03:45.989,buy,99.12,0.268919,26.65
2026-09-19 13:03:58.535,buy,99.12,0.104248,10.33
2026-09-19 13:04:04.568,sell,99.07,0.95492,94.6
2026-09-19 13:04:26.199,buy,99.07,2.049128,203.0
2026-09-19 13:04:41.537,buy,99.07,1.85146,183.42
2026-09-19 13:05:09.998,buy,99.09,0.100923,10.0
2026-09-19 13:05:12.826,sell,99.09,0.148553,14.72
2026-09-19 13:05:23.007,sell,99.09,0.461904,45.77
2026-09-19 13:06:01.971,buy,99.12,0.311633,30.89
2026-09-19 13:06:11.114,buy,99.12,0.291832,28.93
2026-09-19 13:06:12.605,sell,99.12,1.687618,167.27
2026-09-19 13:06:12.720,buy,99.12,0.10089,10.0
2026-09-19 13:06:15.995,buy,99.12,0.10089,10.0
2026-09-19 13:06:23.188,sell,99.12,0.10089,10.0
2026-09-19 13:06:23.623,buy,99.12,0.10089,10.0
2026-09-19 13:06:34.106,buy,99.12,1.470248,145.73
2026-09-19 13:07:02.706,buy,99.03,0.432124,42.8
2026-09-19 13:07:15.410,sell,99.03,6.697733,663.3
2026-09-19 13:07:20.956,sell,99.03,0.110121,10.91
2026-09-19 13:07:27.943,buy,99.03,0.133445,13.22
2026-09-19 13:07:28.570,buy,99.03,0.334883,33.16
2026-09-19 13:07:29.308,buy,99.03,0.208292,20.63
2026-09-19 13:07:47.381,buy,99.03,0.100975,10.0
2026-09-19 13:07:54.241,buy,99.03,2.936831,290.85
2026-09-19 13:08:14.979,sell,99.03,0.100975,10.0
2026-09-19 13:08:15.707,buy,99.03,0.385143,38.14
2026-09-19 13:08:16.032,sell,99.03,3.262066,323.06
2026-09-19 13:08:42.199,sell,99.03,0.101435,10.05
2026-09-19 13:08:42.293,sell,99.03,11.053759,1094.7
2026-09-19 13:09:39.254,buy,99.0,0.117866,11.67
2026-09-19 13:09:51.741,buy,99.0,0.574155,56.84
2026-09-19 13:09:56.832,sell,99.0,1.049492,103.9
2026-09-19 13:10:02.448,buy,99.03,0.23649,23.42
2026-09-19 13:10:07.463,sell,99.03,0.100976,10.0
2026-09-19 13:10:16.575,buy,99.03,0.247014,24.46
2026-09-19 13:10:18.605,sell,99.03,0.750392,74.31
2026-09-19 13:10:20.179,buy,99.03,0.889792,88.12
2026-09-19 13:10:32.104,sell,99.03,0.334471,33.12
2026-09-19 13:10:52.029,sell,99.03,0.113864,11.28
2026-09-19 13:10:54.345,buy,99.03,0.39117,38.74
2026-09-19 13:11:00.448,sell,99.05,0.100962,10.0
2026-09-19 13:11:05.206,sell,99.05,1.852786,183.51
2026-09-19 13:11:37.257,sell,99.05,0.332531,32.94
2026-09-19 13:11:37.945,buy,99.05,0.448221,44.4
2026-09-19 13:11:45.269,sell,99.05,0.530616,52.56
2026-09-19 13:12:12.979,buy,99.09,0.551752,54.68
2026-09-19 13:12:14.470,buy,99.09,0.100914,10.0
2026-09-19 13:12:15.298,sell,99.09,0.564576,55.95
2026-09-19 13:12:17.420,buy,99.09,1.264606,125.32
2026-09-19 13:12:25.327,buy,99.09,0.23516,23.3
2026-09-19 13:12:32.229,buy,99.09,0.728863,72.23
2026-09-19 13:12:45.062,sell,99.09,0.100914,10.0
2026-09-19 13:12:46.090,buy,99.09,0.100914,10.0
2026-09-19 13:13:12.329,sell,99.09,2.999736,297.25
2026-09-19 13:13:22.127,buy,99.09,0.191228,18.95
2026-09-19 13:13:30.557,buy,99.09,0.121143,12.0
2026-09-19 13:13:40.120,buy,99.09,0.100917,10.0
2026-09-19 13:13:45.504,buy,99.09,1.34066,132.85
2026-09-19 13:13:51.004,sell,99.09,0.277569,27.5
2026-09-19 13:13:58.689,buy,99.09,0.206913,20.5
2026-09-19 13:14:17.024,buy,99.08,0.825422,81.79
2026-09-19 13:14:36.500,buy,99.08,9.166061,908.21
2026-09-19 13:14:42.861,buy,99.08,0.100924,10.0
2026-09-19 13:15:02.699,buy,99.08,0.242729,24.05
2026-09-19 13:15:17.434,sell,99.08,0.100924,10.0
2026-09-19 13:15:48.186,sell,99.08,0.100924,10.0
2026-09-19 13:15:48.958,sell,99.08,1.068826,105.9
2026-09-19 13:16:03.799,buy,99.09,0.231276,22.92
2026-09-19 13:16:19.918,sell,99.09,0.635694,62.99
2026-09-19 13:16:28.078,buy,99.09,7.278439,721.24
2026-09-19 13:17:25.852,sell,99.04,0.177707,17.6
2026-09-19 13:17:35.294,buy,99.04,0.442618,43.84
2026-09-19 13:17:39.208,sell,99.04,0.100973,10.0
2026-09-19 13:17:53.571,sell,99.04,0.115284,11.42
2026-09-19 13:18:12.272,sell,99.12,1.069316,105.99
2026-09-19 13:18:15.443,buy,99.12,0.201946,20.02
2026-09-19 13:18:39.293,buy,99.12,0.956659,94.82
2026-09-19 13:19:00.025,buy,99.06,0.136816,13.55
2026-09-19 13:19:00.602,buy,99.06,17.25838,1709.61
2026-09-19 13:19:03.585,sell,99.06,0.976909,96.77
2026-09-19 13:19:16.530,sell,99.06,2.753224,272.73
2026-09-19 13:19:33.615,sell,99.06,0.137152,13.59
2026-09-19 13:19:37.893,buy,99.06,0.29166,28.89
2026-09-19 13:20:07.079,sell,99.14,0.100866,10.0
2026-09-19 13:20:10.406,sell,99.14,0.240306,23.82
2026-09-19 13:20:12.048,buy,99.14,0.81626,80.93
2026-09-19 13:20:16.809,sell,99.14,0.356201,35.31
2026-09-19 13:20:34.630,sell,99.14,0.100866,10.0
2026-09-19 13:20:38.366,sell,99.14,0.361541,35.84
2026-09-19 13:20:44.027,buy,99.14,0.100866,10.0
2026-09-19 13:21:23.021,sell,99.06,0.366124,36.27
2026-09-19 13:21:36.085,buy,99.06,0.178888,17.72
2026-09-19 13:21:52.717,sell,99.06,0.332556,32.94
2026-09-19 13:21:53.460,buy,99.06,0.142384,14.1
2026-09-19 13:22:28.922,buy,99.13,0.511792,50.73
2026-09-19 13:22:30.433,buy,99.13,0.216673,21.48
2026-09-19 13:22:50.280,sell,99.13,1.113456,110.38
2026-09-19 13:23:01.611,buy,99.21,0.254985,25.3
2026-09-19 13:23:11.666,buy,99.21,0.100801,10.0
2026-09-19 13:23:20.683,sell,99.21,0.924263,91.69
2026-09-19 13:23:21.403,sell,99.21,9.997876,991.84
2026-09-19 13:23:21.742,sell,99.21,17.91321,1777.08
2026-09-19 13:23:23.636,buy,99.21,1.009352,100.13
2026-09-19 13:23:27.066,buy,99.21,0.132717,13.17
2026-09-19 13:23:46.969,buy,99.21,2.40324,238.41
2026-09-19 13:24:00.215,sell,99.16,1.048769,103.99
2026-09-19 13:24:22.390,buy,99.16,1.713368,169.9
2026-09-19 13:24:25.312,buy,99.16,0.100848,10.0
2026-09-19 13:24:26.886,sell,99.16,1.539965,152.7
2026-09-19 13:24:38.362,buy,99.16,0.100848,10.0
2026-09-19 13:24:41.807,sell,99.16,0.773912,76.74
2026-09-19 13:25:02.364,sell,99.21,0.352258,34.95
2026-09-19 13:25:04.480,sell,99.21,1.868735,185.4
2026-09-19 13:25:07.533,buy,99.21,1.392304,138.13
2026-09-19 13:25:07.537,sell,99.21,0.138752,13.77
2026-09-19 13:25:26.229,sell,99.21,0.627894,62.29
2026-09-19 13:25:26.819,buy,99.21,0.222948,22.12
2026-09-19 13:25:50.489,sell,99.21,2.58168,256.13
2026-09-19 13:25:54.399,buy,99.21,0.100794,10.0
2026-09-19 13:26:06.770,sell,99.19,0.10082,10.0
2026-09-19 13:26:11.000,buy,99.27,10.073537,1000.0
2026-09-19 13:26:11.280,sell,99.19,6.965622,690.9
2026-09-19 13:26:35.893,sell,99.19,0.150686,14.95
2026-09-19 13:26:44.031,buy,99.19,0.239828,23.79
2026-09-19 13:26:47.915,sell,99.19,0.301709,29.93
2026-09-19 13:26:59.104,sell,99.19,3.235035,320.87
2026-09-19 13:27:08.693,buy,99.15,0.141118,13.99
2026-09-19 13:27:27.661,sell,99.15,0.303017,30.04
2026-09-19 13:27:27.799,buy,99.15,0.100855,10.0
2026-09-19 13:27:34.139,sell,99.15,15.579245,1544.72
2026-09-19 13:27:46.527,sell,99.15,0.269314,26.7
2026-09-19 13:28:01.737,sell,99.2,0.10081,10.0
2026-09-19 13:28:04.374,sell,99.2,0.90935,90.2
2026-09-19 13:28:12.272,sell,99.2,0.39774,39.45
2026-09-19 13:28:59.780,sell,99.2,0.301739,29.93
2026-09-19 13:29:03.753,buy,99.15,0.183839,18.23
2026-09-19 13:29:23.415,sell,99.15,0.330252,32.75
2026-09-19 13:29:26.997,sell,99.15,0.146527,14.53
2026-09-19 13:29:51.964,buy,99.15,0.100853,10.0
2026-09-19 13:29:52.429,buy,99.15,0.285526,28.31
2026-09-19 13:29:56.746,buy,99.15,1.232867,122.24
2026-09-19 13:30:09.582,sell,99.03,3.995181,395.65
2026-09-19 13:30:20.951,buy,99.03,0.307464,30.45
2026-09-19 13:30:25.786,sell,99.03,0.479151,47.45
2026-09-19 13:30:37.291,buy,99.03,0.100977,10.0
2026-09-19 13:30:58.293,sell,99.03,2.101355,208.1
2026-09-19 13:31:03.866,buy,98.94,10.415174,1030.43
2026-09-19 13:31:11.852,sell,98.94,0.122011,12.07
2026-09-19 13:31:18.233,sell,98.94,0.348016,34.43
2026-09-19 13:31:21.035,sell,98.94,0.158049,15.64
2026-09-19 13:31:22.783,buy,98.94,0.775308,76.71
2026-09-19 13:31:24.727,sell,98.94,0.101076,10.0
2026-09-19 13:31:42.000,sell,98.94,0.132761,13.13
2026-09-19 13:31:48.872,buy,98.94,0.338467,33.49
2026-09-19 13:32:00.693,buy,98.96,0.215678,21.34
2026-09-19 13:32:43.083,buy,98.96,0.472798,46.79
2026-09-19 13:32:54.115,sell,98.96,0.214555,21.23
2026-09-19 13:33:05.547,buy,98.99,0.139542,13.81
2026-09-19 13:33:24.264,buy,98.99,1.008579,99.84
2026-09-19 13:33:25.420,buy,98.99,7.968333,788.8
2026-09-19 13:33:42.007,sell,98.99,0.101018,10.0
2026-09-19 13:33:50.171,buy,98.99,0.101018,10.0
2026-09-19 13:34:09.935,sell,99.04,0.694317,68.76
2026-09-19 13:34:10.915,buy,99.04,0.100973,10.0
2026-09-19 13:34:33.632,buy,99.04,0.100973,10.0
2026-09-19 13:34:38.802,sell,99.04,1.18428,117.29
2026-09-19 13:35:28.002,sell,98.96,0.244955,24.24
2026-09-19 13:35:30.057,buy,98.96,0.690313,68.31
2026-09-19 13:35:36.782,buy,98.96,0.41604,41.17
2026-09-19 13:35:37.973,sell,98.96,4.65093,460.23
2026-09-19 13:35:46.000,sell,99.47,100.532824,10000.0
2026-09-19 13:35:49.360,buy,98.96,1.66848,165.1
2026-09-19 13:35:52.545,sell,98.96,0.257386,25.47
2026-09-19 13:35:53.233,buy,98.96,0.101056,10.0
2026-09-19 13:36:05.270,sell,98.98,0.734803,72.73
2026-09-19 13:36:21.438,sell,98.98,0.466739,46.2
2026-09-19 13:36:38.274,buy,98.98,0.120558,11.93
2026-09-19 13:37:07.090,sell,99.03,0.100981,10.0
2026-09-19 13:37:25.578,buy,99.03,1.250869,123.87
2026-09-19 13:37:51.407,sell,99.03,0.211875,20.98
2026-09-19 13:38:07.922,buy,99.04,0.963492,95.42
2026-09-19 13:38:18.596,sell,99.04,0.300426,29.75
2026-09-19 13:38:37.833,buy,99.04,0.196467,19.46
2026-09-19 13:38:40.759,buy,99.04,0.177468,17.58
2026-09-19 13:38:49.003,buy,99.04,0.100974,10.0
2026-09-19 13:38:51.860,sell,99.04,0.154997,15.35
2026-09-19 13:38:56.900,buy,99.04,3.775685,373.93
2026-09-19 13:38:58.483,buy,99.04,0.541802,53.66
2026-09-19 13:39:22.645,sell,99.13,0.174038,17.25
2026-09-19 13:39:41.463,sell,99.13,0.100873,10.0
2026-09-19 13:39:59.635,sell,99.13,0.100873,10.0
2026-09-19 13:40:04.215,sell,99.17,1.423068,141.13
2026-09-19 13:40:23.246,sell,99.17,0.199115,19.75
2026-09-19 13:40:29.996,buy,99.17,3.41121,338.29
2026-09-19 13:40:36.004,sell,99.17,2.681599,265.93
2026-09-19 13:40:47.841,sell,99.17,0.282741,28.04
2026-09-19 13:40:56.722,sell,99.17,0.168602,16.72
2026-09-19 13:40:57.628,buy,99.17,0.100837,10.0
2026-09-19 13:41:07.591,sell,99.12,1.506751,149.34
2026-09-19 13:41:11.016,buy,99.12,0.100893,10.0
2026-09-19 13:41:31.952,buy,99.12,0.100893,10.0
2026-09-19 13:41:39.107,buy,99.12,0.889568,88.17
2026-09-19 13:41:55.988,sell,99.12,1.994352,197.67
2026-09-19 13:42:13.705,buy,99.23,0.343516,34.09
2026-09-19 13:42:14.991,buy,99.23,0.100776,10.0
2026-09-19 13:42:23.897,buy,99.23,2.035462,201.98
2026-09-19 13:42:32.586,sell,99.23,0.274495,27.24
2026-09-19 13:42:48.104,sell,99.23,0.154494,15.33
2026-09-19 13:43:00.328,sell,99.17,1.362727,135.15
2026-09-19 13:43:01.884,sell,99.17,1.68596,167.2
2026-09-19 13:43:11.143,sell,99.17,0.100832,10.0
2026-09-19 13:43:13.215,buy,99.17,1.436235,142.44
2026-09-19 13:43:20.870,sell,99.17,0.578251,57.35
2026-09-19 13:43:22.989,sell,99.17,0.100832,10.0
2026-09-19 13:43:24.516,buy,99.17,0.804771,79.81
2026-09-19 13:44:05.833,buy,99.14,0.100869,10.0
2026-09-19 13:44:14.825,buy,99.14,0.100869,10.0
2026-09-19 13:44:31.836,buy,99.14,0.100869,10.0
2026-09-19 13:44:41.091,sell,99.14,0.104872,10.4
2026-09-19 13:44:44.053,buy,99.14,0.110202,10.93
2026-09-19 13:44:47.139,sell,99.14,0.151952,15.06
2026-09-19 13:45:06.763,sell,99.21,0.870147,86.33
2026-09-19 13:45:24.007,sell,99.21,1.781637,176.76
2026-09-19 13:45:37.093,buy,99.21,1.268934,125.89
2026-09-19 13:45:54.098,buy,99.21,0.601048,59.63
2026-09-19 13:46:07.593,buy,99.2,0.558138,55.37
2026-09-19 13:46:17.944,buy,99.2,0.110815,10.99
2026-09-19 13:46:18.023,buy,99.2,0.100809,10.0
2026-09-19 13:46:27.507,buy,99.2,1.691196,167.76
2026-09-19 13:46:37.274,sell,99.2,0.62126,61.63
2026-09-19 13:46:47.932,sell,99.2,0.879354,87.23
2026-09-19 13:46:49.860,buy,99.2,1.140338,113.12
2026-09-19 13:47:12.310,sell,99.17,0.3022,29.97
2026-09-19 13:47:35.775,sell,99.17,1.150039,114.05
2026-09-19 13:47:40.348,sell,99.17,3.603407,357.36
2026-09-19 13:47:42.383,sell,99.17,0.178981,17.75
2026-09-19 13:48:00.858,buy,99.13,0.176401,17.49
2026-09-19 13:48:01.029,buy,99.13,1.470744,145.8
2026-09-19 13:48:09.337,buy,99.13,0.100873,10.0
2026-09-19 13:48:15.471,sell,99.13,0.105192,10.43
2026-09-19 13:48:20.068,buy,99.13,0.209347,20.75
2026-09-19 13:48:28.555,buy,99.13,0.252152,25.0
2026-09-19 13:49:02.581,sell,98.97,0.101042,10.0
2026-09-19 13:49:27.741,sell,98.97,2.285284,226.17
2026-09-19 13:49:29.235,sell,98.97,0.101042,10.0
2026-09-19 13:49:36.764,buy,98.97,2.66248,263.5
2026-09-19 13:49:52.142,buy,98.97,0.697376,69.02
2026-09-19 13:49:55.135,sell,98.97,0.787293,77.92
2026-09-19 13:49:59.245,sell,98.97,0.765347,75.75
2026-09-19 13:49:59.578,buy,98.97,0.101042,10.0
2026-09-19 13:50:00.120,buy,99.04,0.133369,13.21
2026-09-19 13:50:28.892,sell,99.04,11.890391,1177.67
2026-09-19 13:50:34.022,buy,99.04,0.156205,15.47
2026-09-19 13:51:00.662,sell,99.02,0.100988,10.0
2026-09-19 13:51:11.899,sell,99.02,0.319085,31.6
2026-09-19 13:51:18.215,sell,99.02,0.113867,11.28
2026-09-19 13:51:34.363,buy,99.02,0.301134,29.82
2026-09-19 13:52:06.581,sell,99.14,0.288803,28.63
2026-09-19 13:52:30.086,sell,99.14,0.637171,63.17
2026-09-19 13:52:36.190,buy,99.14,0.10087,10.0
2026-09-19 13:53:07.231,sell,99.2,0.181798,18.03
2026-09-19 13:53:07.465,buy,99.2,0.10081,10.0
2026-09-19 13:53:20.457,sell,99.2,0.10081,10.0
2026-09-19 13:53:26.804,sell,99.2,0.436745,43.32
2026-09-19 13:53:28.507,sell,99.2,1.690214,167.66
2026-09-19 13:53:31.744,buy,99.2,0.285915,28.36
2026-09-19 13:53:41.759,sell,99.2,0.383301,38.02
2026-09-19 13:53:52.192,buy,99.2,0.378771,37.57
2026-09-19 13:54:03.142,sell,99.19,0.10082,10.0
2026-09-19 13:54:08.016,buy,99.19,2.083233,206.63
2026-09-19 13:54:16.058,sell,99.19,0.10082,10.0
2026-09-19 13:54:37.755,buy,99.19,0.109979,10.91
2026-09-19 13:54:46.295,buy,99.19,0.830982,82.42
2026-09-19 13:54:46.742,buy,99.19,0.248591,24.66
2026-09-19 13:54:53.212,sell,99.19,0.113044,11.21
2026-09-19 13:55:01.584,buy,99.16,0.174666,17.32
2026-09-19 13:55:02.282,sell,99.16,2.326571,230.7
2026-09-19 13:55:08.877,sell,99.16,0.375076,37.19
2026-09-19 13:55:37.235,buy,99.16,0.100848,10.0
2026-09-19 13:55:43.027,buy,99.16,0.723034,71.7
2026-09-19 13:55:43.814,buy,99.16,0.257315,25.51
2026-09-19 13:55:52.156,sell,99.16,0.757372,75.1
2026-09-19 13:55:53.985,sell,99.16,0.127298,12.62
2026-09-19 13:56:09.283,sell,99.16,0.134381,13.33
2026-09-19 13:56:13.661,buy,99.16,0.653055,64.76
2026-09-19 13:56:57.153,buy,99.16,0.100844,10.0
2026-09-19 13:57:34.970,buy,99.19,0.100814,10.0
2026-09-19 13:57:36.720,buy,99.19,0.100814,10.0
2026-09-19 13:57:49.592,sell,99.19,2.442311,242.26
2026-09-19 13:57:59.314,buy,99.19,0.411351,40.8
2026-09-19 13:58:20.928,buy,99.21,0.457165,45.36
2026-09-19 13:58:21.210,sell,99.21,0.100793,10.0
2026-09-19 13:58:23.495,sell,99.21,0.100793,10.0
2026-09-19 13:58:39.196,sell,99.21,1.276986,126.69
2026-09-19 13:58:48.042,buy,99.21,0.364573,36.17
2026-09-19 13:58:54.618,sell,99.21,2.862464,283.99
2026-09-19 13:58:55.607,sell,99.21,4.613527,457.72
2026-09-19 13:58:57.536,sell,99.21,0.184753,18.33
2026-09-19 13:59:06.052,sell,99.1,3.462191,343.11
2026-09-19 13:59:11.031,buy,99.1,0.219053,21.71
2026-09-19 13:59:15.214,sell,99.1,0.200193,19.84
2026-09-19 13:59:32.000,sell,99.27,10.073537,1000.0
2026-09-19 13:59:39.356,sell,99.1,2.903698,287.76
2026-09-19 13:59:40.717,buy,99.1,0.491582,48.72
2026-09-19 13:59:48.845,sell,99.1,0.103226,10.23
2026-09-19 13:59:52.387,buy,99.1,1.780257,176.42
2026-09-19 14:00:29.381,sell,99.04,0.100973,10.0
2026-09-19 14:00:29.520,buy,99.04,0.439983,43.57
2026-09-19 14:00:59.438,sell,99.04,0.100973,10.0
2026-09-19 14:01:14.671,sell,98.92,0.496798,49.14
2026-09-19 14:01:35.903,buy,98.92,1.042725,103.15
2026-09-19 14:01:41.187,buy,98.92,5.787726,572.53
2026-09-19 14:01:47.012,buy,98.92,0.10109,10.0
2026-09-19 14:01:50.032,buy,98.92,0.10109,10.0
2026-09-19 14:01:55.547,sell,98.92,0.10109,10.0
2026-09-19 14:01:59.663,sell,98.92,1.258459,124.49
2026-09-19 14:02:08.321,sell,98.9,0.517785,51.21
2026-09-19 14:02:22.312,buy,98.9,2.324097,229.84
2026-09-19 14:02:31.160,buy,98.9,0.101116,10.0
2026-09-19 14:02:40.251,sell,98.9,20.686351,2045.8
2026-09-19 14:02:40.715,buy,98.9,0.51551,50.98
2026-09-19 14:02:49.740,sell,98.9,0.101116,10.0
2026-09-19 14:03:03.139,sell,98.96,0.261579,25.89
2026-09-19 14:03:11.018,buy,98.96,0.101047,10.0
2026-09-19 14:03:16.424,buy,98.96,9.537308,943.85
2026-09-19 14:03:29.546,sell,98.96,0.314775,31.15
2026-09-19 14:03:31.989,sell,98.96,0.135305,13.39
2026-09-19 14:03:37.008,buy,98.96,0.101047,10.0
2026-09-19 14:03:38.525,sell,98.96,0.595435,58.93
2026-09-19 14:03:47.950,buy,98.96,0.101047,10.0
2026-09-19 14:04:10.223,sell,98.81,0.403459,39.86
2026-09-19 14:04:22.157,sell,98.81,0.637387,62.98
2026-09-19 14:04:25.178,sell,98.81,2.220992,219.45
2026-09-19 14:04:31.869,sell,98.81,1.830897,180.9
2026-09-19 14:04:36.604,sell,98.81,0.424264,41.92
2026-09-19 14:05:13.828,sell,98.86,2.496964,246.85
2026-09-19 14:05:17.634,sell,98.86,0.235689,23.3
2026-09-19 14:05:31.249,buy,98.86,1.948835,192.66
2026-09-19 14:05:33.094,sell,98.86,2.935692,290.22
2026-09-19 14:05:36.501,buy,98.86,0.172209,17.02
2026-09-19 14:05:44.870,buy,98.86,2.012283,198.93
2026-09-19 14:05:52.632,sell,98.86,0.101153,10.0
2026-09-19 14:05:58.462,buy,98.86,0.145197,14.35
2026-09-19 14:06:08.974,sell,98.83,1.739476,171.91
2026-09-19 14:06:09.690,sell,98.83,0.525588,51.94
2026-09-19 14:06:14.610,sell,98.83,0.262516,25.94
2026-09-19 14:06:43.518,buy,98.83,0.101185,10.0
2026-09-19 14:06:45.954,buy,98.83,2.532872,250.32
2026-09-19 14:06:52.961,buy,98.83,0.10293,10.17
2026-09-19 14:07:05.666,sell,98.8,0.101219,10.0
2026-09-19 14:07:08.501,buy,98.8,0.27101,26.77
2026-09-19 14:07:10.808,buy,98.8,0.645246,63.75
2026-09-19 14:07:11.762,sell,98.8,0.147685,14.59
2026-09-19 14:07:13.316,buy,98.8,10.920718,1078.92
2026-09-19 14:07:16.689,buy,98.8,0.101219,10.0
2026-09-19 14:07:41.812,buy,98.8,0.101219,10.0
2026-09-19 14:07:42.925,buy,98.8,1.910138,188.71
2026-09-19 14:08:04.660,sell,98.75,0.101269,10.0
2026-09-19 14:08:26.105,buy,98.75,0.375384,37.07
2026-09-19 14:08:35.321,buy,98.75,0.159284,15.73
2026-09-19 14:08:35.547,buy,98.75,1.063739,105.04
2026-09-19 14:08:41.640,sell,98.75,3.007038,296.93
2026-09-19 14:08:43.563,sell,98.75,0.101269,10.0
2026-09-19 14:08:43.984,buy,98.75,0.231762,22.89
2026-09-19 14:08:58.105,sell,98.75,0.229946,22.71
2026-09-19 14:09:06.219,buy,98.84,0.189385,18.72
2026-09-19 14:09:10.457,sell,98.84,0.433885,42.89
2026-09-19 14:09:20.402,buy,98.84,10.226331,1010.8
2026-09-19 14:09:32.938,sell,98.84,1.580021,156.17
2026-09-19 14:09:46.997,buy,98.84,0.494198,48.85
2026-09-19 14:09:59.948,sell,98.84,0.12578,12.43
2026-09-19 14:10:02.429,sell,98.85,0.101159,10.0
2026-09-19 14:10:21.912,buy,98.85,0.704484,69.64
2026-09-19 14:10:38.144,sell,98.85,4.222212,417.38
2026-09-19 14:10:45.990,buy,98.85,0.101159,10.0
2026-09-19 14:10:56.289,buy,98.85,0.786164,77.72
2026-09-19 14:10:57.731,sell,98.85,0.315272,31.17
2026-09-19 14:11:35.827,buy,98.89,0.249102,24.63
2026-09-19 14:11:38.257,buy,98.89,1.367345,135.22
2026-09-19 14:11:39.307,sell,98.89,3.884702,384.18
2026-09-19 14:11:59.736,sell,98.89,0.579371,57.3
2026-09-19 14:12:04.340,sell,98.83,0.569842,56.32
2026-09-19 14:12:08.098,sell,98.83,6.247016,617.37
2026-09-19 14:12:25.710,buy,98.83,0.539918,53.36
2026-09-19 14:12:28.449,buy,98.83,1.893833,187.16
2026-09-19 14:12:42.744,buy,98.83,4.141767,409.31
2026-09-19 14:13:01.674,buy,98.89,0.101118,10.0
2026-09-19 14:13:06.116,sell,98.89,0.35862,35.47
2026-09-19 14:13:07.824,buy,98.89,1.800145,178.02
2026-09-19 14:13:16.504,buy,98.89,0.101118,10.0
2026-09-19 14:13:20.776,sell,98.89,5.684053,562.12
2026-09-19 14:13:31.810,sell,98.89,0.101118,10.0
2026-09-19 14:13:51.449,buy,98.89,0.15765,15.59
2026-09-19 14:14:00.397,sell,98.95,0.101064,10.0
2026-09-19 14:14:00.404,sell,98.95,0.101064,10.0
2026-09-19 14:14:02.650,buy,98.95,0.101064,10.0
2026-09-19 14:14:06.959,sell,98.95,7.434262,735.6
2026-09-19 14:14:17.937,buy,98.95,1.640563,162.33
2026-09-19 14:14:19.801,sell,98.95,3.706599,366.76
2026-09-19 14:14:25.586,sell,98.95,0.101064,10.0
2026-09-19 14:14:52.451,buy,98.95,0.385144,38.11
2026-09-19 14:15:10.199,sell,98.98,3.506177,347.03
2026-09-19 14:15:23.677,sell,98.98,0.653797,64.71
2026-09-19 14:15:29.028,buy,98.98,4.61872,457.15
2026-09-19 14:15:30.271,sell,98.98,2.261613,223.85
2026-09-19 14:15:35.806,sell,98.98,0.659213,65.25
2026-09-19 14:15:40.851,sell,98.98,0.327405,32.41
2026-09-19 14:15:51.203,sell,98.98,3.442298,340.71
2026-09-19 14:15:53.890,sell,98.98,0.275137,27.23
2026-09-19 14:16:03.264,sell,99.05,0.100961,10.0
2026-09-19 14:16:28.923,sell,99.05,0.378789,37.52
2026-09-19 14:16:30.126,buy,99.05,1.288278,127.6
2026-09-19 14:16:48.641,buy,99.05,0.89283,88.43
2026-09-19 14:16:59.020,buy,99.05,0.685958,67.94
2026-09-19 14:17:21.224,buy,99.11,0.148717,14.74
2026-09-19 14:17:42.543,sell,99.11,0.200538,19.88
2026-09-19 14:17:47.178,sell,99.11,0.612806,60.74
2026-09-19 14:18:09.130,sell,99.21,0.166398,16.51
2026-09-19 14:18:33.085,buy,99.21,1.149682,114.06
2026-09-19 14:18:50.436,sell,99.21,0.100797,10.0
2026-09-19 14:18:59.080,sell,99.21,0.286469,28.42
2026-09-19 14:19:02.736,buy,99.11,0.457082,45.3
2026-09-19 14:19:08.871,buy,99.11,0.100894,10.0
2026-09-19 14:19:22.194,sell,99.11,0.399848,39.63
2026-09-19 14:19:24.007,sell,99.11,0.100894,10.0
2026-09-19 14:19:32.260,buy,99.11,0.276682,27.42
2026-09-19 14:19:43.988,buy,99.11,0.211048,20.92
2026-09-19 14:19:59.464,sell,99.11,0.100894,10.0
2026-09-19 14:20:08.913,buy,99.14,5.588367,554.02
2026-09-19 14:20:11.292,sell,99.14,1.671587,165.72
2026-09-19 14:20:37.025,buy,99.14,0.906307,89.85
2026-09-19 14:20:40.710,sell,99.14,0.693881,68.79
2026-09-19 14:21:05.749,sell,99.1,1.826468,181.0
2026-09-19 14:21:33.936,sell,99.1,1.499587,148.61
2026-09-19 14:21:42.714,sell,99.1,0.10091,10.0
2026-09-19 14:21:53.428,sell,99.1,0.10091,10.0
2026-09-19 14:21:56.021,sell,99.1,0.105565,10.46
2026-09-19 14:22:01.337,sell,99.09,2.028043,200.96
2026-09-19 14:22:05.576,buy,99.09,0.182036,18.04
2026-09-19 14:22:11.673,buy,99.09,0.91014,90.18
2026-09-19 14:22:32.551,sell,99.09,0.226461,22.44
2026-09-19 14:22:33.385,sell,99.09,0.404064,40.04
2026-09-19 14:22:33.771,sell,99.09,0.186905,18.52
2026-09-19 14:23:07.376,buy,99.1,0.100908,10.0
2026-09-19 14:23:08.246,sell,99.1,1.866036,184.92
2026-09-19 14:23:21.701,sell,99.1,2.638415,261.47
2026-09-19 14:23:42.304,sell,99.1,0.686659,68.05
2026-09-19 14:23:43.983,sell,99.1,0.100908,10.0
2026-09-19 14:23:59.769,buy,99.1,0.100908,10.0
2026-09-19 14:24:07.421,buy,99.14,0.997484,98.89
2026-09-19 14:24:14.741,sell,99.14,0.311739,30.91
2026-09-19 14:24:20.296,sell,99.14,0.494569,49.03
2026-09-19 14:24:29.687,sell,99.14,0.100863,10.0
2026-09-19 14:25:09.844,sell,99.12,0.100891,10.0
2026-09-19 14:25:12.589,buy,99.12,0.773399,76.66
2026-09-19 14:25:13.891,sell,99.12,1.160634,115.04
2026-09-19 14:25:17.418,sell,99.12,0.100891,10.0
2026-09-19 14:25:55.037,sell,99.12,0.189293,18.76
2026-09-19 14:26:17.405,sell,99.13,2.169014,215.02
2026-09-19 14:26:18.714,sell,99.13,0.713518,70.73
2026-09-19 14:26:29.947,sell,99.13,0.570664,56.57
2026-09-19 14:27:01.449,sell,99.09,0.100915,10.0
2026-09-19 14:27:06.312,sell,99.09,0.101345,10.04
2026-09-19 14:27:07.928,sell,99.09,0.382743,37.93
2026-09-19 14:27:09.474,buy,99.09,3.553453,352.12
2026-09-19 14:27:10.952,sell,99.09,0.100915,10.0
2026-09-19 14:28:24.690,buy,99.17,0.100832,10.0
2026-09-19 14:28:25.551,buy,99.17,0.100832,10.0
2026-09-19 14:28:48.679,sell,99.17,2.225407,220.7
2026-09-19 14:28:58.346,buy,99.17,4.86624,482.61
2026-09-19 14:29:04.902,sell,99.19,0.147677,14.65
2026-09-19 14:29:05.113,sell,99.19,0.201227,19.96
2026-09-19 14:29:11.231,buy,99.19,0.254143,25.21
2026-09-19 14:29:31.591,buy,99.19,0.124364,12.34
2026-09-19 14:29:32.156,sell,99.19,0.167679,16.63
2026-09-19 14:29:41.306,sell,99.19,2.15203,213.45
2026-09-19 14:29:41.699,buy,99.19,0.125953,12.49
2026-09-19 14:30:01.670,sell,99.3,0.100708,10.0
2026-09-19 14:30:02.069,buy,99.3,0.100708,10.0
2026-09-19 14:30:16.344,buy,99.3,0.586036,58.19
2026-09-19 14:30:19.284,buy,99.3,0.100708,10.0
2026-09-19 14:30:31.990,buy,99.3,0.181474,18.02
2026-09-19 14:30:39.939,sell,99.3,1.140079,113.21
2026-09-19 14:30:44.706,sell,99.3,0.100708,10.0
2026-09-19 14:31:08.894,sell,99.37,0.337296,33.52
2026-09-19 14:31:32.470,sell,99.37,1.727622,171.67
2026-09-19 14:31:41.368,buy,99.37,0.384366,38.19
2026-09-19 14:31:58.324,sell,99.37,0.100633,10.0
2026-09-19 14:32:18.926,sell,99.33,1.560415,155.0
2026-09-19 14:32:19.287,buy,99.33,0.544392,54.08
2026-09-19 14:32:21.971,sell,99.33,1.583522,157.3
2026-09-19 14:32:44.629,buy,99.33,0.100671,10.0
2026-09-19 14:32:51.584,sell,99.33,0.192271,19.1
2026-09-19 14:32:56.952,buy,99.33,1.959171,194.61
2026-09-19 14:32:57.697,buy,99.33,0.100671,10.0
2026-09-19 14:33:01.990,sell,99.35,0.633829,62.97
2026-09-19 14:33:15.351,sell,99.35,0.456178,45.32
2026-09-19 14:33:17.356,buy,99.35,0.241923,24.03
2026-09-19 14:34:06.322,buy,99.37,0.478164,47.51
2026-09-19 14:34:50.418,buy,99.37,0.100637,10.0
2026-09-19 14:34:59.460,buy,99.37,0.100637,10.0
2026-09-19 14:35:22.664,sell,99.38,0.100624,10.0
2026-09-19 14:35:24.544,sell,99.38,0.889487,88.4
2026-09-19 14:35:32.278,sell,99.38,0.262499,26.09
2026-09-19 14:35:42.639,sell,99.38,0.233668,23.22
2026-09-19 14:36:35.227,buy,99.51,1.338175,133.16
2026-09-19 14:36:50.917,buy,99.51,0.777475,77.37
2026-09-19 14:36:55.507,sell,99.51,0.618221,61.52
2026-09-19 14:37:05.687,sell,99.51,0.328,32.64
2026-09-19 14:37:07.223,sell,99.51,5.974415,594.5
2026-09-19 14:37:20.306,sell,99.51,0.100494,10.0
2026-09-19 14:37:23.183,sell,99.51,0.947437,94.28
2026-09-19 14:37:28.421,buy,99.51,0.419983,41.79
2026-09-19 14:37:35.412,buy,99.51,0.339048,33.74
2026-09-19 14:37:48.104,buy,99.51,0.100494,10.0
2026-09-19 14:37:53.390,sell,99.51,3.767764,374.92
2026-09-19 14:38:06.602,sell,99.44,0.100563,10.0
2026-09-19 14:38:07.242,sell,99.44,2.002646,199.14
2026-09-19 14:38:26.400,buy,99.44,0.37309,37.1
2026-09-19 14:38:35.786,sell,99.44,1.833961,182.37
2026-09-19 14:38:39.003,buy,99.44,0.289582,28.8
2026-09-19 14:38:48.798,sell,99.44,0.14761,14.68
2026-09-19 14:39:15.886,buy,99.44,0.732186,72.81
2026-09-19 14:39:29.064,buy,99.44,0.272293,27.08
2026-09-19 14:39:43.080,sell,99.44,0.100559,10.0
2026-09-19 14:39:55.669,sell,99.44,1.60811,159.92
2026-09-19 14:39:57.969,buy,99.44,6.743549,670.61
2026-09-19 14:40:03.257,sell,99.43,0.106738,10.61
2026-09-19 14:40:19.225,sell,99.43,0.556409,55.33
2026-09-19 14:40:39.994,buy,99.43,0.10057,10.0
2026-09-19 14:40:48.843,buy,99.43,0.10057,10.0
2026-09-19 14:41:03.161,buy,99.57,0.293855,29.26
2026-09-19 14:41:19.601,sell,99.57,0.262732,26.16
2026-09-19 14:41:38.921,buy,99.57,1.610149,160.32
2026-09-19 14:41:58.649,sell,99.57,1.270953,126.55
2026-09-19 14:42:06.696,buy,99.53,0.100474,10.0
2026-09-19 14:42:36.885,sell,99.53,0.128383,12.78
2026-09-19 14:42:37.512,sell,99.53,0.109559,10.9
2026-09-19 14:42:40.428,sell,99.53,0.10142,10.09
2026-09-19 14:42:49.376,buy,99.53,0.104399,10.39
2026-09-19 14:42:56.225,sell,99.53,0.666333,66.32
2026-09-19 14:42:59.943,sell,99.53,0.52751,52.5
2026-09-19 14:43:45.870,buy,99.51,0.212583,21.15
2026-09-19 14:43:51.699,buy,99.51,0.225677,22.46
2026-09-19 14:43:52.977,sell,99.51,5.274605,524.87
2026-09-19 14:43:54.061,sell,99.51,0.100494,10.0
2026-09-19 14:44:01.048,sell,99.38,0.419394,41.68
2026-09-19 14:44:05.864,buy,99.38,0.100627,10.0
2026-09-19 14:44:19.805,sell,99.38,1.550123,154.05
2026-09-19 14:44:39.688,buy,99.38,0.131481,13.07
2026-09-19 14:44:53.995,buy,99.38,0.146898,14.6
2026-09-19 14:45:21.060,buy,99.32,0.162618,16.15
2026-09-19 14:45:24.109,sell,99.32,1.952555,193.93
2026-09-19 14:45:36.925,buy,99.32,0.398398,39.57
2026-09-19 14:45:40.913,sell,99.32,2.268471,225.31
2026-09-19 14:45:48.943,buy,99.32,0.584009,58.0
2026-09-19 14:45:54.995,sell,99.32,3.752663,372.72
2026-09-19 14:45:59.555,sell,99.32,1.681393,167.0
2026-09-19 14:46:09.456,sell,99.3,0.328683,32.64
2026-09-19 14:46:22.871,sell,99.3,0.3351,33.28
2026-09-19 14:46:27.209,buy,99.3,0.100703,10.0
2026-09-19 14:46:30.427,buy,99.3,0.100703,10.0
2026-09-19 14:46:51.951,buy,99.3,0.84093,83.51
2026-09-19 14:46:57.209,sell,99.3,0.391339,38.86
2026-09-19 14:47:05.518,sell,99.29,0.373465,37.08
2026-09-19 14:47:19.202,buy,99.29,0.259891,25.8
2026-09-19 14:47:50.903,sell,99.29,0.100717,10.0
2026-09-19 14:48:04.168,sell,99.31,1.262115,125.34
2026-09-19 14:48:08.115,buy,99.31,0.858831,85.29
2026-09-19 14:48:20.973,buy,99.31,0.118698,11.79
2026-09-19 14:48:22.243,buy,99.31,1.534903,152.43
2026-09-19 14:48:47.397,buy,99.31,0.489585,48.62
2026-09-19 14:48:47.588,buy,99.31,1.400719,139.1
2026-09-19 14:48:51.745,buy,99.31,2.863738,284.39
2026-09-19 14:48:54.622,buy,99.31,0.530802,52.71
2026-09-19 14:49:00.365,sell,99.34,0.135082,13.42
2026-09-19 14:49:14.873,sell,99.34,6.107319,606.71
2026-09-19 14:49:17.583,buy,99.34,4.062572,403.58
2026-09-19 14:50:25.369,buy,99.45,0.389628,38.75
2026-09-19 14:50:34.966,buy,99.45,1.693142,168.38
2026-09-19 14:50:38.852,sell,99.45,0.251608,25.02
2026-09-19 14:51:06.400,buy,99.43,0.223518,22.22
2026-09-19 14:51:14.760,buy,99.43,0.183851,18.28
2026-09-19 14:51:15.195,buy,99.43,0.100573,10.0
2026-09-19 14:51:20.252,buy,99.43,0.333455,33.16
2026-09-19 14:51:30.718,buy,99.43,0.727529,72.34
2026-09-19 14:51:34.683,buy,99.43,0.249698,24.83
2026-09-19 14:51:37.959,sell,99.43,0.100573,10.0
2026-09-19 14:51:44.188,sell,99.43,0.165842,16.49
2026-09-19 14:52:04.040,buy,99.5,0.108211,10.77
2026-09-19 14:52:04.508,buy,99.5,0.965791,96.1
2026-09-19 14:52:09.893,sell,99.5,0.13997,13.93
2026-09-19 14:52:24.497,sell,99.5,0.206567,20.55
2026-09-19 14:52:34.253,sell,99.5,0.100501,10.0
2026-09-19 14:52:43.738,sell,99.5,1.133899,112.82
2026-09-19 14:52:44.487,buy,99.5,0.134633,13.4
2026-09-19 14:52:45.824,buy,99.5,1.614287,160.62
2026-09-19 14:53:15.531,sell,99.56,0.100441,10.0
2026-09-19 14:53:30.420,sell,99.56,0.134063,13.35
2026-09-19 14:53:36.279,buy,99.56,0.100441,10.0
2026-09-19 14:53:41.899,sell,99.56,0.369044,36.74
2026-09-19 14:53:53.943,sell,99.56,0.723937,72.08
2026-09-19 14:53:58.130,sell,99.56,0.100441,10.0
2026-09-19 14:54:02.506,buy,99.61,1.042188,103.81
2026-09-19 14:54:23.620,buy,99.61,0.505933,50.39
2026-09-19 14:54:38.462,sell,99.61,0.396503,39.49
2026-09-19 14:54:44.054,buy,99.61,0.373185,37.17
2026-09-19 14:54:45.867,buy,99.61,1.674574,166.8
2026-09-19 14:54:58.567,buy,99.61,0.100396,10.0
2026-09-19 14:55:12.558,sell,99.56,0.12302,12.25
2026-09-19 14:55:21.003,buy,99.56,0.401218,39.94
2026-09-19 14:55:25.618,buy,99.56,0.210705,20.98
2026-09-19 14:55:30.002,sell,99.56,0.100444,10.0
2026-09-19 14:55:33.118,buy,99.56,0.179424,17.86
2026-09-19 14:55:43.661,sell,99.56,0.591962,58.93
2026-09-19 14:55:52.060,buy,99.56,1.575924,156.9
2026-09-19 14:55:58.132,sell,99.56,0.640835,63.8
2026-09-19 14:56:23.565,buy,99.61,0.147161,14.66
2026-09-19 14:56:39.571,buy,99.61,0.527546,52.55
2026-09-19 14:56:39.953,buy,99.61,0.100393,10.0
2026-09-19 14:56:45.516,sell,99.61,0.208138,20.73
2026-09-19 14:56:46.618,sell,99.61,0.164244,16.36
2026-09-19 14:57:12.720,buy,99.68,3.930914,391.85
2026-09-19 14:57:24.881,sell,99.68,2.959465,295.01
2026-09-19 14:57:57.785,buy,99.68,0.413576,41.23
2026-09-19 14:58:02.013,buy,99.7,0.378926,37.78
2026-09-19 14:58:03.969,buy,99.7,0.520127,51.86
2026-09-19 14:58:11.958,buy,99.7,0.1003,10.0
2026-09-19 14:58:12.113,buy,99.7,0.389881,38.87
2026-09-19 14:58:31.538,buy,99.7,0.1003,10.0
2026-09-19 14:58:49.530,sell,99.7,1.719621,171.45
2026-09-19 14:58:51.157,sell,99.7,0.1826,18.21
2026-09-19 14:59:07.143,sell,99.64,0.119078,11.87
2026-09-19 14:59:10.494,buy,99.64,0.100357,10.0
2026-09-19 14:59:32.486,buy,99.64,0.100357,10.0
2026-09-19 14:59:36.601,buy,99.64,1.203323,119.9
2026-09-19 14:59:45.583,buy,99.64,0.30013,29.91
2026-09-19 14:59:45.758,sell,99.64,0.411766,41.03
2026-09-19 14:59:57.235,sell,99.64,3.078457,306.75
2026-09-19 15:00:00.912,sell,99.54,0.105592,10.51
2026-09-19 15:00:34.316,buy,99.54,0.491201,48.89
2026-09-19 15:00:39.811,sell,99.54,0.603535,60.07
2026-09-19 15:00:55.448,sell,99.54,0.100464,10.0
2026-09-19 15:01:00.777,sell,99.48,0.105387,10.48
2026-09-19 15:01:23.209,buy,99.48,0.930461,92.56
2026-09-19 15:01:41.726,sell,99.48,0.100524,10.0
2026-09-19 15:01:50.515,buy,99.48,0.412284,41.01
2026-09-19 15:01:52.616,buy,99.48,7.136184,709.9
2026-09-19 15:01:52.933,buy,99.48,0.100524,10.0
2026-09-19 15:01:53.488,buy,99.48,0.100524,10.0
2026-09-19 15:02:24.217,buy,99.52,0.191191,19.03
2026-09-19 15:02:46.962,buy,99.52,1.064746,105.96
2026-09-19 15:02:52.137,buy,99.52,0.899565,89.52
2026-09-19 15:02:58.413,sell,99.52,0.113244,11.27
2026-09-19 15:02:59.691,buy,99.52,0.54332,54.07
2026-09-19 15:03:07.989,buy,99.44,0.100565,10.0
2026-09-19 15:03:10.406,sell,99.44,0.485286,48.26
2026-09-19 15:03:18.078,sell,99.44,0.547731,54.47
2026-09-19 15:03:40.757,sell,99.44,1.211176,120.44
2026-09-19 15:03:41.866,sell,99.44,1.161922,115.54
2026-09-19 15:03:46.988,buy,99.44,0.100565,10.0
2026-09-19 15:03:57.717,sell,99.44,0.100565,10.0
2026-09-19 15:03:59.308,sell,99.44,0.100565,10.0
2026-09-19 15:04:07.266,sell,99.36,0.10064,10.0
2026-09-19 15:04:08.763,sell,99.36,0.837001,83.17
2026-09-19 15:04:23.732,buy,99.36,0.430101,42.74
2026-09-19 15:04:39.122,buy,99.36,0.391675,38.92
2026-09-19 15:05:10.000,sell,99.33,0.100679,10.0
2026-09-19 15:05:16.047,buy,99.33,0.186366,18.51
2026-09-19 15:05:21.007,buy,99.33,0.831494,82.59
2026-09-19 15:05:21.634,sell,99.33,1.727566,171.59
2026-09-19 15:05:22.416,sell,99.33,0.123994,12.32
2026-09-19 15:05:41.573,sell,99.33,0.616282,61.21
2026-09-19 15:05:50.555,buy,99.33,0.100679,10.0
2026-09-19 15:05:54.413,buy,99.33,1.411723,140.22
2026-09-19 15:06:30.460,buy,99.43,0.230276,22.9
2026-09-19 15:06:35.687,sell,99.43,1.085255,107.91
2026-09-19 15:06:40.851,sell,99.43,0.232578,23.13
2026-09-19 15:06:41.555,buy,99.43,0.324966,32.31
2026-09-19 15:06:47.143,buy,99.43,0.10057,10.0
2026-09-19 15:06:56.027,buy,99.43,0.10057,10.0
2026-09-19 15:06:57.683,sell,99.43,0.10057,10.0
2026-09-19 15:07:07.206,sell,99.45,7.766892,772.44
2026-09-19 15:07:11.843,sell,99.45,0.231126,22.99
2026-09-19 15:07:23.858,buy,99.45,1.054221,104.85
2026-09-19 15:07:31.192,buy,99.45,0.933573,92.85
2026-09-19 15:07:44.551,sell,99.45,0.10055,10.0
2026-09-19 15:07:51.942,buy,99.45,0.333177,33.14
2026-09-19 15:07:52.439,buy,99.45,0.10055,10.0
2026-09-19 15:08:02.532,buy,99.39,0.108649,10.8
2026-09-19 15:08:15.192,buy,99.39,0.744052,73.95
2026-09-19 15:08:21.925,buy,99.39,2.542256,252.67
2026-09-19 15:08:30.641,buy,99.39,0.362373,36.02
2026-09-19 15:08:31.171,sell,99.39,0.100617,10.0
2026-09-19 15:08:55.147,sell,99.39,0.439444,43.68
2026-09-19 15:08:58.969,sell,99.39,1.339873,133.17
2026-09-19 15:09:40.260,sell,99.41,2.4328,241.84
2026-09-19 15:09:52.808,buy,99.41,0.477787,47.5
2026-09-19 15:09:59.157,sell,99.41,0.100595,10.0
2026-09-19 15:10:00.054,sell,99.42,0.100584,10.0
2026-09-19 15:10:06.216,sell,99.42,0.184752,18.37
2026-09-19 15:10:06.397,buy,99.42,0.251771,25.03
2026-09-19 15:10:10.661,buy,99.42,0.395404,39.31
2026-09-19 15:10:31.808,buy,99.42,0.27939,27.78
2026-09-19 15:10:32.461,sell,99.42,0.258667,25.72
2026-09-19 15:10:42.818,buy,99.42,0.385991,38.38
2026-09-19 15:11:08.228,buy,99.4,0.158528,15.76
2026-09-19 15:11:12.692,sell,99.4,12.065132,1199.22
2026-09-19 15:11:24.350,buy,99.4,0.1611,16.01
2026-09-19 15:11:25.561,sell,99.4,4.603113,457.53
2026-09-19 15:11:48.399,buy,99.4,0.476324,47.34
2026-09-19 15:11:51.102,buy,99.4,0.747217,74.27
2026-09-19 15:11:51.319,sell,99.4,1.998806,198.67
2026-09-19 15:11:56.941,buy,99.4,0.108353,10.77
2026-09-19 15:12:07.248,sell,99.38,0.327557,32.55
2026-09-19 15:12:09.006,buy,99.38,1.894411,188.27
2026-09-19 15:12:14.161,buy,99.38,0.569719,56.62
2026-09-19 15:12:14.277,buy,99.38,2.554844,253.9
2026-09-19 15:12:33.192,sell,99.38,0.100623,10.0
2026-09-19 15:12:46.886,buy,99.38,0.105197,10.45
2026-09-19 15:13:08.385,sell,99.38,0.486413,48.34
2026-09-19 15:13:35.657,buy,99.38,2.368572,235.38
2026-09-19 15:13:40.427,buy,99.38,0.100628,10.0
2026-09-19 15:13:52.375,buy,99.38,0.394016,39.16
2026-09-19 15:13:57.232,sell,99.38,5.765002,572.9
2026-09-19 15:14:10.828,buy,99.41,0.686956,68.29
2026-09-19 15:14:21.530,buy,99.41,0.154429,15.35
2026-09-19 15:14:43.233,sell,99.41,0.224064,22.27
2026-09-19 15:15:05.617,buy,99.34,0.12132,12.05
2026-09-19 15:15:07.100,buy,99.34,0.100663,10.0
2026-09-19 15:15:30.623,sell,99.34,0.775548,77.04
2026-09-19 15:15:39.695,sell,99.34,0.444246,44.13
2026-09-19 15:16:04.214,sell,99.37,0.100639,10.0
2026-09-19 15:16:41.437,buy,99.37,0.100639,10.0
2026-09-19 15:16:44.721,buy,99.37,0.139419,13.85
2026-09-19 15:16:45.757,sell,99.37,0.100639,10.0
2026-09-19 15:16:47.819,sell,99.37,0.157868,15.69
2026-09-19 15:17:22.010,buy,99.45,0.462193,45.96
2026-09-19 15:17:22.575,sell,99.45,0.100555,10.0
2026-09-19 15:17:23.174,buy,99.45,0.100555,10.0
2026-09-19 15:17:38.545,buy,99.45,0.100555,10.0
2026-09-19 15:17:42.831,sell,99.45,2.24562,223.32
2026-09-19 15:18:07.874,buy,99.41,0.100598,10.0
2026-09-19 15:18:20.047,buy,99.41,0.169693,16.87
2026-09-19 15:18:24.145,buy,99.41,0.427616,42.51
2026-09-19 15:18:24.572,buy,99.41,0.52587,52.27
2026-09-19 15:18:37.695,buy,99.41,0.100598,10.0
2026-09-19 15:18:49.641,buy,99.41,2.176936,216.4
2026-09-19 15:19:05.075,buy,99.41,0.417845,41.54
2026-09-19 15:19:09.033,sell,99.41,0.135081,13.43
2026-09-19 15:19:36.084,buy,99.41,0.194755,19.36
2026-09-19 15:19:45.303,buy,99.41,0.168246,16.73
2026-09-19 15:19:45.526,sell,99.41,1.748085,173.78
2026-09-19 15:19:48.954,buy,99.41,3.436576,341.64
2026-09-19 15:20:01.284,sell,99.34,0.962203,95.58
2026-09-19 15:20:09.845,sell,99.34,0.100669,10.0
2026-09-19 15:20:24.656,sell,99.34,0.230946,22.94
2026-09-19 15:20:26.124,buy,99.34,0.100669,10.0
2026-09-19 15:20:52.977,buy,99.34,17.747779,1762.99
2026-09-19 15:20:59.480,buy,99.34,3.849876,382.43
2026-09-19 15:21:37.035,sell,99.25,0.459401,45.59
2026-09-19 15:21:45.325,buy,99.25,0.292836,29.06
2026-09-19 15:21:59.691,sell,99.25,0.466335,46.28
2026-09-19 15:22:04.008,buy,99.14,0.159826,15.84
2026-09-19 15:22:10.100,sell,99.14,20.225918,2005.12
2026-09-19 15:22:39.706,buy,99.14,0.352545,34.95
2026-09-19 15:22:49.862,buy,99.14,0.57169,56.67
2026-09-19 15:22:58.810,sell,99.14,1.645797,163.16
2026-09-19 15:23:11.131,sell,99.1,1.190177,117.95
2026-09-19 15:23:34.757,sell,99.1,0.100904,10.0
2026-09-19 15:23:40.353,buy,99.1,0.514534,50.99
2026-09-19 15:23:47.394,sell,99.1,0.673945,66.79
2026-09-19 15:23:53.438,buy,99.1,0.552801,54.78
2026-09-19 15:24:04.600,sell,99.14,2.597348,257.51
2026-09-19 15:24:08.501,buy,99.14,0.917733,90.99
2026-09-19 15:24:11.794,sell,99.14,0.100864,10.0
2026-09-19 15:24:12.852,sell,99.14,0.597917,59.28
2026-09-19 15:24:29.447,sell,99.14,1.132544,112.28
2026-09-19 15:24:30.999,sell,99.14,0.108084,10.72
2026-09-19 15:24:40.636,buy,99.14,0.182204,18.06
2026-09-19 15:24:45.493,sell,99.14,6.195912,614.28
2026-09-19 15:24:55.000,sell,99.32,100.684656,10000.0
2026-09-19 15:25:08.978,sell,99.13,0.872333,86.48
2026-09-19 15:25:15.356,sell,99.13,0.354913,35.18
2026-09-19 15:25:24.381,sell,99.13,1.368128,135.63
2026-09-19 15:25:36.018,buy,99.13,0.522484,51.8
2026-09-19 15:26:00.621,buy,99.1,3.808756,377.46
2026-09-19 15:26:01.219,sell,99.1,0.143251,14.2
2026-09-19 15:26:08.545,buy,99.1,0.100906,10.0
2026-09-19 15:26:27.885,buy,99.1,0.100906,10.0
2026-09-19 15:26:55.447,sell,99.1,0.167989,16.65
2026-09-19 15:27:18.374,buy,99.09,0.274489,27.2
2026-09-19 15:27:23.176,buy,99.09,0.683331,67.71
2026-09-19 15:27:23.603,buy,99.09,0.100918,10.0
2026-09-19 15:27:26.200,sell,99.09,0.100918,10.0
2026-09-19 15:27:26.696,buy,99.09,2.644467,262.04
2026-09-19 15:27:35.853,sell,99.09,1.730864,171.51
2026-09-19 15:27:52.454,buy,99.09,1.692599,167.72
2026-09-19 15:28:08.163,buy,99.21,0.100798,10.0
2026-09-19 15:28:26.416,buy,99.21,0.10977,10.89
2026-09-19 15:28:43.924,sell,99.21,0.178801,17.74
2026-09-19 15:28:48.028,sell,99.21,0.284306,28.21
2026-09-19 15:29:10.430,buy,99.27,0.179143,17.78
2026-09-19 15:29:38.006,sell,99.27,1.919983,190.59
2026-09-19 15:29:42.968,buy,99.27,0.518975,51.52
2026-09-19 15:29:44.456,sell,99.27,0.506288,50.26
2026-09-19 15:29:52.656,buy,99.27,0.731563,72.62
2026-09-19 15:30:12.097,buy,99.17,2.095084,207.76
2026-09-19 15:30:16.905,buy,99.17,0.770836,76.44
2026-09-19 15:30:19.183,buy,99.17,0.175965,17.45
2026-09-19 15:31:10.149,sell,99.21,1.532557,152.04
2026-09-19 15:31:34.241,sell,99.21,1.937231,192.18
2026-09-19 15:31:39.586,buy,99.21,1.403327,139.22
2026-09-19 15:31:41.060,sell,99.21,0.303753,30.13
2026-09-19 15:31:55.450,sell,99.21,6.118642,607.0
2026-09-19 15:32:40.173,sell,99.24,0.210115,20.85
2026-09-19 15:32:53.791,sell,99.24,0.22417,22.25
2026-09-19 15:32:58.947,buy,99.24,0.835085,82.88
2026-09-19 15:33:08.249,sell,99.18,0.366988,36.4
2026-09-19 15:33:19.872,sell,99.18,2.033411,201.67
2026-09-19 15:33:26.031,buy,99.18,0.127529,12.65
2026-09-19 15:33:44.931,sell,99.18,0.352888,35.0
2026-09-19 15:33:45.580,sell,99.18,0.495465,49.14
2026-09-19 15:33:48.574,buy,99.18,0.100829,10.0
2026-09-19 15:33:49.963,buy,99.18,2.087464,207.03
2026-09-19 15:33:58.720,sell,99.18,50.563076,5014.74
2026-09-19 15:34:01.082,buy,99.11,0.290496,28.79
2026-09-19 15:34:02.592,buy,99.11,0.955757,94.72
2026-09-19 15:34:05.328,buy,99.11,12.652162,1253.92
2026-09-19 15:34:39.840,buy,99.11,0.100901,10.0
2026-09-19 15:34:43.657,sell,99.11,0.100901,10.0
2026-09-19 15:35:08.725,sell,99.11,0.170034,16.85
2026-09-19 15:35:39.628,sell,99.11,0.100899,10.0
2026-09-19 15:35:47.265,sell,99.11,1.832579,181.63
2026-09-19 15:35:58.896,buy,99.11,1.149281,113.9
2026-09-19 15:36:03.377,buy,99.18,0.567357,56.27
2026-09-19 15:36:12.292,buy,99.18,1.394166,138.27
2026-09-19 15:36:23.432,sell,99.18,1.295753,128.51
2026-09-19 15:36:35.689,buy,99.18,0.564976,56.03
2026-09-19 15:36:43.205,buy,99.18,1.364412,135.32
2026-09-19 15:36:49.026,buy,99.18,0.419682,41.62
2026-09-19 15:36:56.900,sell,99.18,33.918205,3363.9
2026-09-19 15:36:59.608,buy,99.18,2.65776,263.59
2026-09-19 15:37:03.516,sell,99.24,0.156951,15.58
2026-09-19 15:37:12.746,sell,99.24,0.100764,10.0
2026-09-19 15:37:13.184,sell,99.24,0.336897,33.43
2026-09-19 15:37:17.033,sell,99.24,0.237893,23.61
2026-09-19 15:37:39.456,buy,99.24,1.286798,127.7
2026-09-19 15:37:44.813,sell,99.24,2.395939,237.78
2026-09-19 15:37:46.439,buy,99.24,0.100764,10.0
2026-09-19 15:37:49.068,sell,99.24,1.944971,193.02
2026-09-19 15:38:03.339,buy,99.25,0.108901,10.81
2026-09-19 15:38:04.492,buy,99.25,0.214266,21.27
2026-09-19 15:38:22.401,buy,99.25,0.205381,20.38
2026-09-19 15:38:27.729,sell,99.25,0.100752,10.0
2026-09-19 15:38:34.287,sell,99.25,0.100752,10.0
2026-09-19 15:38:35.346,sell,99.25,0.100752,10.0
2026-09-19 15:38:50.715,sell,99.25,0.100752,10.0
2026-09-19 15:39:07.380,sell,99.33,0.220162,21.87
2026-09-19 15:39:32.700,sell,99.33,0.296057,29.41
2026-09-19 15:39:43.102,sell,99.33,0.608948,60.49
2026-09-19 15:39:43.764,buy,99.33,0.100673,10.0
2026-09-19 15:39:55.168,sell,99.33,0.490131,48.69
2026-09-19 15:40:07.246,buy,99.35,13.220477,1313.47
2026-09-19 15:40:12.856,sell,99.35,0.100653,10.0
2026-09-19 15:40:15.740,buy,99.35,1.397626,138.86
2026-09-19 15:40:27.303,sell,99.35,6.892724,684.8
2026-09-19 15:40:36.834,buy,99.35,0.699399,69.49
2026-09-19 15:40:41.188,buy,99.35,0.86673,86.11
2026-09-19 15:40:52.728,sell,99.35,0.582586,57.88
2026-09-19 15:40:57.893,sell,99.35,0.100653,10.0
2026-09-19 15:41:25.090,sell,99.34,0.249536,24.79
2026-09-19 15:41:32.912,sell,99.34,0.489071,48.59
2026-09-19 15:41:34.154,buy,99.34,0.100661,10.0
2026-09-19 15:41:42.906,sell,99.34,0.100661,10.0
2026-09-19 15:42:10.169,buy,99.45,0.100548,10.0
2026-09-19 15:42:20.598,sell,99.45,0.453815,45.13
2026-09-19 15:42:32.195,sell,99.45,0.100548,10.0
2026-09-19 15:42:33.430,sell,99.45,0.228622,22.74
2026-09-19 15:42:39.839,buy,99.45,0.15685,15.6
2026-09-19 15:42:50.223,buy,99.45,0.63629,63.28
2026-09-19 15:42:52.058,buy,99.45,0.38904,38.69
2026-09-19 15:42:59.671,sell,99.45,1.164907,115.86
2026-09-19 15:43:00.791,sell,99.44,0.100567,10.0
2026-09-19 15:43:23.468,buy,99.44,0.100567,10.0
2026-09-19 15:43:25.707,buy,99.44,0.786834,78.24
2026-09-19 15:44:19.471,buy,99.43,0.266017,26.45
2026-09-19 15:44:25.542,buy,99.43,1.655031,164.56
2026-09-19 15:44:51.667,buy,99.43,1.524182,151.55
2026-09-19 15:45:05.177,sell,99.41,0.100595,10.0
2026-09-19 15:45:22.768,sell,99.41,4.877881,484.9
2026-09-19 15:45:25.828,sell,99.41,0.281842,28.02
2026-09-19 15:45:27.405,buy,99.41,6.235553,619.87
2026-09-19 15:45:28.214,sell,99.41,2.549506,253.44
2026-09-19 15:45:34.239,buy,99.41,0.100595,10.0
2026-09-19 15:45:36.654,sell,99.41,0.183278,18.22
2026-09-19 15:45:43.480,sell,99.41,6.152381,611.6
2026-09-19 15:46:03.938,buy,99.46,1.501976,149.38
2026-09-19 15:46:10.184,sell,99.46,0.373901,37.19
2026-09-19 15:46:46.285,buy,99.46,0.372068,37.0
2026-09-19 15:47:05.804,sell,99.46,0.472603,47.0
2026-09-19 15:47:18.922,buy,99.46,0.485465,48.28
2026-09-19 15:47:31.312,sell,99.46,3.386279,336.8
2026-09-19 15:47:32.606,sell,99.46,1.192631,118.62
2026-09-19 15:47:35.951,buy,99.46,0.291676,29.01
2026-09-19 15:47:36.046,buy,99.46,0.100544,10.0
2026-09-19 15:47:51.145,buy,99.46,0.241053,23.97
2026-09-19 15:48:19.837,sell,99.42,0.100579,10.0
2026-09-19 15:48:26.454,sell,99.42,0.100579,10.0
2026-09-19 15:48:26.813,sell,99.42,0.100579,10.0
2026-09-19 15:48:27.067,sell,99.42,0.331884,33.0
2026-09-19 15:48:29.441,sell,99.42,1.072695,106.65
2026-09-19 15:48:40.417,sell,99.42,0.506703,50.38
2026-09-19 15:48:41.864,sell,99.42,0.271813,27.02
2026-09-19 15:48:50.903,sell,99.42,0.215233,21.4
2026-09-19 15:49:02.323,buy,99.51,0.380925,37.9
2026-09-19 15:49:12.434,sell,99.51,0.100496,10.0
2026-09-19 15:49:21.314,buy,99.51,8.366348,832.51
2026-09-19 15:49:33.170,buy,99.51,0.229659,22.85
2026-09-19 15:49:46.348,buy,99.51,0.100496,10.0
2026-09-19 15:49:48.029,sell,99.51,1.643989,163.59
2026-09-19 15:49:50.288,buy,99.51,0.588703,58.58
2026-09-19 15:49:54.655,sell,99.51,0.229216,22.81
2026-09-19 15:50:15.880,buy,99.54,0.787601,78.4
2026-09-19 15:50:16.230,buy,99.54,4.231092,421.16
2026-09-19 15:50:18.625,buy,99.54,0.104499,10.4
2026-09-19 15:50:21.949,sell,99.54,0.290257,28.89
2026-09-19 15:50:31.552,buy,99.54,0.297958,29.66
2026-09-19 15:50:33.049,sell,99.54,0.278622,27.73
2026-09-19 15:50:34.314,buy,99.54,3.491985,347.59
2026-09-19 15:50:43.112,sell,99.54,0.103646,10.32
2026-09-19 15:51:08.496,buy,99.44,0.372476,37.04
2026-09-19 15:51:27.260,sell,99.44,0.250639,24.92
2026-09-19 15:51:50.476,sell,99.44,0.845551,84.08
2026-09-19 15:52:22.160,buy,99.41,2.508403,249.36
2026-09-19 15:52:29.607,buy,99.41,0.273661,27.2
2026-09-19 15:52:56.987,buy,99.41,3.350283,333.05
2026-09-19 15:52:57.201,sell,99.41,0.291487,28.98
2026-09-19 15:53:17.157,buy,99.42,0.100586,10.0
2026-09-19 15:53:26.697,buy,99.42,0.1831,18.2
2026-09-19 15:53:38.985,buy,99.42,0.100586,10.0
2026-09-19 15:54:00.894,sell,99.42,0.612359,60.88
2026-09-19 15:54:00.925,sell,99.42,0.100585,10.0
2026-09-19 15:54:19.599,buy,99.42,0.72297,71.88
2026-09-19 15:54:36.357,sell,99.42,0.324458,32.26
2026-09-19 15:54:42.433,buy,99.42,1.388093,138.0
2026-09-19 15:55:15.611,buy,99.39,5.818407,578.26
2026-09-19 15:55:19.099,sell,99.39,0.100619,10.0
2026-09-19 15:55:44.705,buy,99.39,0.218855,21.75
2026-09-19 15:56:05.967,sell,99.38,2.921477,290.34
2026-09-19 15:56:18.200,sell,99.38,0.100622,10.0
2026-09-19 15:56:32.615,buy,99.38,3.74971,372.65
2026-09-19 15:56:43.093,buy,99.38,0.733221,72.87
2026-09-19 15:56:49.013,sell,99.38,0.100622,10.0
2026-09-19 15:56:54.894,buy,99.38,0.100622,10.0
2026-09-19 15:57:20.531,sell,99.29,4.535777,450.35
2026-09-19 15:57:23.577,buy,99.29,0.100716,10.0
2026-09-19 15:57:25.326,sell,99.29,1.414554,140.45
2026-09-19 15:57:26.600,sell,99.29,0.100716,10.0
2026-09-19 15:57:33.525,buy,99.29,0.112494,11.17
2026-09-19 15:57:47.744,sell,99.29,0.100716,10.0
2026-09-19 15:57:53.694,buy,99.29,0.100716,10.0
2026-09-19 15:58:13.680,sell,99.35,0.164448,16.34
2026-09-19 15:58:30.687,buy,99.35,2.585279,256.85
2026-09-19 15:58:34.120,buy,99.35,3.599745,357.64
2026-09-19 15:58:35.285,sell,99.35,0.286514,28.47
2026-09-19 15:58:37.375,sell,99.35,0.24619,24.46
2026-09-19 15:58:57.201,sell,99.35,0.110904,11.02
2026-09-19 15:59:09.714,buy,99.43,0.100578,10.0
2026-09-19 15:59:28.390,sell,99.43,3.786901,376.51
2026-09-19 15:59:30.436,buy,99.43,0.425322,42.29
2026-09-19 15:59:30.727,buy,99.43,1.249115,124.19
2026-09-19 15:59:36.372,sell,99.43,0.532519,52.95
2026-09-19 15:59:45.995,buy,99.43,0.219961,21.87
2026-09-19 15:59:56.286,sell,99.43,0.115559,11.49
2026-09-19 16:00:01.016,sell,99.46,1.088941,108.3
2026-09-19 16:00:14.865,buy,99.46,2.464001,245.07
2026-09-19 16:00:18.630,buy,99.46,0.888295,88.35
2026-09-19 16:00:25.579,sell,99.46,3.822583,380.19
2026-09-19 16:00:51.414,buy,99.46,0.100545,10.0
2026-09-19 16:00:58.635,sell,99.46,0.100545,10.0
2026-09-19 16:01:18.412,sell,99.5,1.264775,125.84
2026-09-19 16:01:31.520,sell,99.5,0.252402,25.11
2026-09-19 16:01:45.647,buy,99.5,0.477773,47.54
2026-09-19 16:02:18.493,buy,99.47,0.985646,98.04
2026-09-19 16:02:21.755,buy,99.47,3.33331,331.57
2026-09-19 16:02:25.166,buy,99.47,0.263815,26.24
2026-09-19 16:02:27.553,sell,99.47,0.111414,11.08
2026-09-19 16:02:30.564,sell,99.47,0.26344,26.2
2026-09-19 16:02:36.774,buy,99.47,0.100533,10.0
2026-09-19 16:02:41.813,buy,99.47,0.100533,10.0
2026-09-19 16:02:47.336,sell,99.47,4.401905,437.86
2026-09-19 16:03:16.755,sell,99.56,0.519185,51.69
2026-09-19 16:03:44.253,buy,99.56,1.106644,110.18
2026-09-19 16:03:54.666,sell,99.56,0.144578,14.39
2026-09-19 16:03:54.888,buy,99.56,1.456301,145.0
2026-09-19 16:04:16.145,sell,99.58,2.882154,287.02
2026-09-19 16:04:17.134,buy,99.58,0.100418,10.0
2026-09-19 16:04:18.769,sell,99.58,10.676248,1063.18
2026-09-19 16:04:19.577,sell,99.58,1.097352,109.28
2026-09-19 16:04:29.379,buy,99.58,0.100418,10.0
2026-09-19 16:04:32.944,sell,99.58,0.100418,10.0
2026-09-19 16:04:38.148,sell,99.58,1.092316,108.78
2026-09-19 16:05:01.090,buy,99.52,0.383446,38.16
2026-09-19 16:05:12.607,buy,99.52,10.262511,1021.31
2026-09-19 16:05:13.373,sell,99.52,0.100484,10.0
2026-09-19 16:05:16.443,sell,99.52,0.100484,10.0
2026-09-19 16:05:49.885,sell,99.52,0.733455,72.99
2026-09-19 16:05:56.921,buy,99.52,28.705324,2856.71
2026-09-19 16:06:05.679,sell,99.44,0.230685,22.94
2026-09-19 16:06:25.710,sell,99.44,0.34669,34.47
2026-09-19 16:06:28.515,buy,99.44,0.300012,29.83
2026-09-19 16:06:38.617,buy,99.44,19.666213,1955.59
2026-09-19 16:06:39.872,buy,99.44,0.764897,76.06
2026-09-19 16:06:50.548,buy,99.44,2.323753,231.07
2026-09-19 16:06:59.708,buy,99.44,0.100564,10.0
2026-09-19 16:07:11.082,sell,99.44,0.166412,16.55
2026-09-19 16:07:14.878,buy,99.44,1.786761,177.68
2026-09-19 16:07:54.894,sell,99.44,1.951907,194.1
2026-09-19 16:08:11.195,buy,99.44,0.408089,40.58
2026-09-19 16:08:13.721,sell,99.44,8.776157,872.71
2026-09-19 16:08:49.368,sell,99.44,0.123399,12.27
2026-09-19 16:08:52.296,sell,99.44,0.62464,62.11
2026-09-19 16:09:06.083,buy,99.43,0.818984,81.43
2026-09-19 16:09:12.056,sell,99.43,0.374653,37.25
2026-09-19 16:09:21.028,sell,99.43,0.339751,33.78
2026-09-19 16:09:34.963,sell,99.43,0.129645,12.89
2026-09-19 16:09:41.240,buy,99.43,0.482919,48.02
2026-09-19 16:09:47.622,buy,99.43,0.765687,76.13
2026-09-19 16:09:51.246,sell,99.43,0.100574,10.0
2026-09-19 16:10:39.634,sell,99.46,9.07887,902.99
2026-09-19 16:10:41.997,sell,99.46,0.260991,25.96
2026-09-19 16:10:45.471,sell,99.46,3.041271,302.49
2026-09-19 16:10:54.440,buy,99.46,0.310082,30.84
2026-09-19 16:10:55.330,sell,99.46,0.519107,51.63
2026-09-19 16:11:00.792,sell,99.46,0.791703,78.74
2026-09-19 16:11:04.334,buy,99.46,1.317072,130.99
2026-09-19 16:11:29.136,sell,99.46,0.328326,32.65
2026-09-19 16:11:39.812,sell,99.46,0.116243,11.56
2026-09-19 16:11:46.638,buy,99.46,0.298112,29.65
2026-09-19 16:11:53.470,sell,99.46,0.942903,93.78
2026-09-19 16:12:07.791,buy,99.41,0.232739,23.14
2026-09-19 16:12:08.950,sell,99.41,1.021974,101.59
2026-09-19 16:12:17.355,sell,99.41,0.21493,21.37
2026-09-19 16:12:27.968,buy,99.41,1.505863,149.69
2026-09-19 16:12:28.611,sell,99.41,0.458061,45.53
2026-09-19 16:12:30.749,buy,99.41,1.430305,142.18
2026-09-19 16:13:20.799,sell,99.43,0.100576,10.0
2026-09-19 16:13:21.686,sell,99.43,4.948244,491.99
2026-09-19 16:13:44.635,sell,99.43,0.426929,42.45
2026-09-19 16:13:52.038,buy,99.43,0.108929,10.83
2026-09-19 16:13:54.685,sell,99.43,0.71634,71.22
2026-09-19 16:14:02.310,buy,99.41,3.164298,314.57
2026-09-19 16:14:14.489,buy,99.41,0.100592,10.0
2026-09-19 16:14:24.328,buy,99.41,4.278926,425.37
2026-09-19 16:14:45.284,sell,99.41,0.127049,12.63
2026-09-19 16:15:08.139,sell,99.46,0.100546,10.0
2026-09-19 16:15:42.292,sell,99.46,14.103628,1402.71
2026-09-19 16:15:51.518,sell,99.46,0.223797,22.26
2026-09-19 16:15:51.981,buy,99.46,0.100546,10.0
2026-09-19 16:16:16.084,sell,99.46,0.684414,68.07
2026-09-19 16:16:17.058,buy,99.46,0.193131,19.21
2026-09-19 16:16:31.612,buy,99.46,0.356637,35.47
2026-09-19 16:16:35.786,buy,99.46,0.194464,19.34
2026-09-19 16:16:39.863,sell,99.46,2.81631,280.12
2026-09-19 16:16:44.088,buy,99.46,0.519732,51.69
2026-09-19 16:17:19.472,sell,99.51,1.968678,195.9
2026-09-19 16:17:23.086,sell,99.51,0.688137,68.48
2026-09-19 16:17:27.436,sell,99.51,0.455674,45.34
2026-09-19 16:17:44.587,sell,99.51,0.100492,10.0
2026-09-19 16:17:56.350,buy,99.51,0.100492,10.0
2026-09-19 16:18:02.208,buy,99.45,0.294068,29.24
2026-09-19 16:18:13.945,sell,99.45,0.196686,19.56
2026-09-19 16:18:21.033,sell,99.45,0.286767,28.52
2026-09-19 16:18:36.965,buy,99.45,0.862385,85.76
2026-09-19 16:18:42.886,sell,99.45,0.21908,21.79
2026-09-19 16:19:00.447,buy,99.49,0.10051,10.0
2026-09-19 16:19:05.848,buy,99.49,0.442353,44.01
2026-09-19 16:19:13.792,sell,99.49,0.10051,10.0
2026-09-19 16:19:39.497,buy,99.49,0.151712,15.09
2026-09-19 16:20:06.226,buy,99.6,0.345489,34.41
2026-09-19 16:20:06.315,sell,99.6,1.469761,146.39
2026-09-19 16:20:15.047,buy,99.6,1.968807,196.1
2026-09-19 16:20:15.049,buy,99.6,1.236628,123.17
2026-09-19 16:20:28.878,buy,99.6,0.853482,85.01
2026-09-19 16:20:46.731,buy,99.6,0.196997,19.62
2026-09-19 16:20:50.149,sell,99.6,0.1004,10.0
2026-09-19 16:20:58.752,sell,99.6,1.106588,110.22
2026-09-19 16:21:00.181,buy,99.58,0.508033,50.59
2026-09-19 16:21:17.586,buy,99.58,0.100424,10.0
2026-09-19 16:21:19.892,sell,99.58,0.100424,10.0
2026-09-19 16:21:25.844,sell,99.58,1.011879,100.76
2026-09-19 16:21:32.286,buy,99.58,2.515809,250.52
2026-09-19 16:21:42.255,buy,99.58,1.013465,100.92
2026-09-19 16:22:02.116,sell,99.56,0.100441,10.0
2026-09-19 16:22:06.657,sell,99.56,0.100441,10.0
2026-09-19 16:22:23.182,sell,99.56,0.147574,14.69
2026-09-19 16:22:24.582,buy,99.56,16.70726,1663.39
2026-09-19 16:22:25.061,sell,99.56,0.100441,10.0
2026-09-19 16:22:36.985,buy,99.56,0.616223,61.35
2026-09-19 16:22:42.082,sell,99.56,0.100441,10.0
2026-09-19 16:22:55.937,buy,99.56,0.155063,15.44
2026-09-19 16:23:02.688,buy,99.59,0.13166,13.11
2026-09-19 16:23:10.608,sell,99.59,0.100409,10.0
2026-09-19 16:23:12.511,buy,99.59,7.007529,697.9
2026-09-19 16:23:13.640,sell,99.59,6.88492,685.69
2026-09-19 16:23:33.628,buy,99.59,0.556983,55.47
2026-09-19 16:23:35.000,buy,99.3,30.21148,3000.0
2026-09-19 16:23:55.709,sell,99.59,0.163808,16.31
2026-09-19 16:24:31.980,sell,99.57,2.174687,216.52
2026-09-19 16:24:32.954,sell,99.57,0.111639,11.12
2026-09-19 16:24:34.124,buy,99.57,0.100437,10.0
2026-09-19 16:24:55.795,sell,99.57,0.880459,87.66
2026-09-19 16:25:11.374,sell,99.65,0.10035,10.0
2026-09-19 16:25:14.359,sell,99.65,0.712604,71.01
2026-09-19 16:25:24.192,buy,99.65,0.442379,44.08
2026-09-19 16:25:33.254,buy,99.65,2.13378,212.63
2026-09-19 16:25:42.718,sell,99.65,2.09709,208.98
2026-09-19 16:25:45.646,buy,99.65,1.910888,190.42
2026-09-19 16:25:46.354,buy,99.65,3.913323,389.97
2026-09-19 16:25:53.407,buy,99.65,0.648412,64.61
2026-09-19 16:26:01.813,buy,99.65,0.67821,67.58
2026-09-19 16:26:06.236,buy,99.65,9.859786,982.5
2026-09-19 16:26:12.703,buy,99.65,3.711196,369.81
2026-09-19 16:26:32.954,buy,99.65,0.37854,37.72
2026-09-19 16:26:39.600,buy,99.65,0.955086,95.17
2026-09-19 16:26:43.901,sell,99.65,0.100354,10.0
2026-09-19 16:26:54.009,buy,99.65,38.130164,3799.57
2026-09-19 16:27:00.091,sell,99.74,1.252177,124.89
2026-09-19 16:27:09.575,buy,99.74,0.342052,34.11
2026-09-19 16:27:26.527,buy,99.74,0.107728,10.74
2026-09-19 16:27:32.865,sell,99.74,0.384829,38.38
2026-09-19 16:27:54.755,buy,99.74,0.100265,10.0
2026-09-19 16:28:00.475,sell,99.73,0.190003,18.95
2026-09-19 16:28:23.825,sell,99.73,3.37132,336.22
2026-09-19 16:28:30.376,buy,99.73,0.630115,62.84
2026-09-19 16:28:35.492,buy,99.73,0.190325,18.98
2026-09-19 16:28:47.478,buy,99.73,0.10027,10.0
2026-09-19 16:28:49.884,buy,99.73,0.111065,11.08
2026-09-19 16:28:56.847,sell,99.73,0.958951,95.64
2026-09-19 16:29:00.212,sell,99.66,0.821215,81.84
2026-09-19 16:29:04.767,buy,99.66,1.07552,107.19
2026-09-19 16:29:14.183,sell,99.66,0.381212,37.99
2026-09-19 16:29:22.558,sell,99.66,0.100339,10.0
2026-09-19 16:29:23.374,sell,99.66,0.100339,10.0
2026-09-19 16:29:28.519,buy,99.66,2.59224,258.35
2026-09-19 16:29:41.240,sell,99.66,0.100339,10.0
2026-09-19 16:30:01.562,sell,99.65,1.135395,113.14
2026-09-19 16:30:14.328,sell,99.65,1.217681,121.34
2026-09-19 16:30:22.754,buy,99.65,0.373516,37.22
2026-09-19 16:30:25.605,buy,99.65,0.30299,30.19
2026-09-19 16:30:29.581,buy,99.65,0.169816,16.92
2026-09-19 16:30:30.860,buy,99.65,0.563231,56.12
2026-09-19 16:30:36.648,buy,99.65,0.100354,10.0
2026-09-19 16:31:08.709,buy,99.66,0.5578,55.59
2026-09-19 16:31:09.364,sell,99.66,1.171724,116.77
2026-09-19 16:31:09.667,sell,99.66,5.988352,596.78
2026-09-19 16:31:16.101,buy,99.66,0.191777,19.11
2026-09-19 16:31:20.933,buy,99.66,0.486132,48.45
2026-09-19 16:31:21.056,sell,99.66,0.210323,20.96
2026-09-19 16:31:55.751,sell,99.66,0.58345,58.14
2026-09-19 16:31:55.783,sell,99.66,2.085614,207.85
2026-09-19 16:32:05.342,buy,99.65,5.649646,563.01
2026-09-19 16:32:18.024,buy,99.65,0.198682,19.8
2026-09-19 16:32:22.670,buy,99.65,0.100348,10.0
2026-09-19 16:32:24.259,sell,99.65,0.100348,10.0
2026-09-19 16:32:24.778,buy,99.65,1.658165,165.24
2026-09-19 16:32:32.274,buy,99.65,0.100348,10.0
2026-09-19 16:32:38.183,buy,99.65,0.100348,10.0
2026-09-19 16:33:14.731,buy,99.63,0.112431,11.2
2026-09-19 16:33:18.961,buy,99.63,0.929556,92.62
2026-09-19 16:33:25.825,sell,99.63,0.635804,63.35
2026-09-19 16:33:30.698,sell,99.63,0.60053,59.83
2026-09-19 16:33:35.248,buy,99.63,1.056933,105.31
2026-09-19 16:33:52.429,sell,99.63,0.240011,23.91
2026-09-19 16:33:52.582,buy,99.63,0.389196,38.78
2026-09-19 16:33:58.434,sell,99.63,0.100367,10.0
2026-09-19 16:34:29.580,buy,99.57,0.100429,10.0
2026-09-19 16:34:34.255,sell,99.57,0.181885,18.11
2026-09-19 16:34:35.977,sell,99.57,2.319444,230.95
2026-09-19 16:34:36.725,sell,99.57,1.407775,140.18
2026-09-19 16:34:38.891,buy,99.57,0.100429,10.0
2026-09-19 16:34:40.654,sell,99.57,0.59309,59.06
2026-09-19 16:34:49.076,sell,99.57,0.113444,11.3
2026-09-19 16:34:50.119,buy,99.57,0.503633,50.15
2026-09-19 16:35:02.933,buy,99.62,1.036189,103.22
2026-09-19 16:35:11.872,buy,99.62,2.622576,261.25
2026-09-19 16:35:13.591,sell,99.62,0.141623,14.11
2026-09-19 16:35:29.353,buy,99.62,0.112636,11.22
2026-09-19 16:35:29.499,buy,99.62,0.654497,65.2
2026-09-19 16:35:50.115,buy,99.62,0.894492,89.11
2026-09-19 16:35:51.654,buy,99.62,0.405262,40.37
2026-09-19 16:36:26.306,sell,99.58,0.312768,31.15
2026-09-19 16:36:32.954,sell,99.58,0.211947,21.11
2026-09-19 16:36:38.125,sell,99.58,0.474946,47.29
2026-09-19 16:36:42.117,sell,99.58,0.202161,20.13
2026-09-19 16:36:44.515,buy,99.58,0.231509,23.05
2026-09-19 16:37:01.000,buy,99.42,10.058338,1000.0
2026-09-19 16:37:23.894,sell,99.62,1.259079,125.43
2026-09-19 16:37:35.683,sell,99.62,0.142863,14.23
2026-09-19 16:37:39.470,buy,99.62,0.285706,28.46
2026-09-19 16:37:43.803,sell,99.62,3.620898,360.72
2026-09-19 16:38:04.511,buy,99.67,0.145081,14.46
2026-09-19 16:38:22.519,buy,99.67,3.873868,386.1
2026-09-19 16:38:41.204,buy,99.67,0.238404,23.76
2026-09-19 16:39:01.685,sell,99.67,1.541734,153.67
2026-09-19 16:39:25.553,sell,99.67,0.120868,12.05
2026-09-19 16:39:29.686,buy,99.67,1.021877,101.85
2026-09-19 16:39:53.938,buy,99.67,0.100328,10.0
2026-09-19 16:40:05.307,buy,99.71,0.322496,32.15
2026-09-19 16:40:07.163,buy,99.71,0.953574,95.08
2026-09-19 16:40:21.237,buy,99.71,0.100295,10.0
2026-09-19 16:40:46.522,sell,99.71,0.661395,65.94
2026-09-19 16:41:04.870,buy,99.65,0.23784,23.7
2026-09-19 16:41:13.689,sell,99.65,3.830461,381.72
2026-09-19 16:41:16.048,buy,99.65,28.121896,2802.45
2026-09-19 16:41:20.725,buy,99.65,0.695058,69.27
2026-09-19 16:41:26.176,buy,99.65,1.186499,118.24
2026-09-19 16:41:27.431,sell,99.65,0.735758,73.32
2026-09-19 16:41:32.798,sell,99.65,0.100347,10.0
2026-09-19 16:42:26.480,buy,99.77,0.665032,66.35
2026-09-19 16:42:46.737,buy,99.77,4.479639,446.93
2026-09-19 16:42:49.667,sell,99.77,1.25633,125.34
2026-09-19 16:42:50.269,buy,99.77,0.100231,10.0
2026-09-19 16:42:56.586,sell,99.77,0.300593,29.99
2026-09-19 16:42:57.179,buy,99.77,0.161219,16.08
2026-09-19 16:43:14.349,sell,99.66,1.621069,161.56
2026-09-19 16:43:23.248,sell,99.66,0.10034,10.0
2026-09-19 16:43:32.990,buy,99.66,0.228295,22.75
2026-09-19 16:43:44.904,buy,99.66,0.77452,77.19
2026-09-19 16:43:51.729,sell,99.66,0.353571,35.24
2026-09-19 16:44:16.259,sell,99.71,0.466247,46.49
2026-09-19 16:44:18.786,buy,99.71,1.676877,167.2
2026-09-19 16:44:27.671,sell,99.71,0.100294,10.0
2026-09-19 16:45:14.894,buy,99.66,0.629863,62.77
2026-09-19 16:45:18.437,buy,99.66,0.100337,10.0
2026-09-19 16:45:32.968,sell,99.66,0.555367,55.35
2026-09-19 16:45:43.162,sell,99.66,0.369957,36.87
2026-09-19 16:45:46.612,buy,99.66,0.100337,10.0
2026-09-19 16:46:06.835,sell,99.66,0.100337,10.0
2026-09-19 16:46:18.733,buy,99.66,0.423916,42.25
2026-09-19 16:46:36.609,sell,99.66,1.173016,116.91
2026-09-19 16:46:40.512,sell,99.66,2.717404,270.83
2026-09-19 16:46:48.544,sell,99.66,0.428943,42.75
2026-09-19 16:46:49.647,buy,99.66,1.240629,123.65
2026-09-19 16:46:53.056,sell,99.66,0.100337,10.0
2026-09-19 16:47:16.901,buy,99.58,0.966552,96.25
2026-09-19 16:47:27.682,sell,99.58,0.584284,58.19
2026-09-19 16:47:56.079,sell,99.58,0.102922,10.25
2026-09-19 16:48:00.506,buy,99.61,5.072134,505.23
2026-09-19 16:48:11.183,buy,99.61,0.251393,25.04
2026-09-19 16:48:14.192,sell,99.61,0.303704,30.25
2026-09-19 16:48:26.959,buy,99.61,0.528744,52.67
2026-09-19 16:48:29.907,buy,99.61,1.664299,165.78
2026-09-19 16:48:48.140,sell,99.61,0.335128,33.38
2026-09-19 16:49:01.101,sell,99.51,0.100497,10.0
2026-09-19 16:49:05.494,sell,99.51,0.408238,40.62
2026-09-19 16:49:17.915,buy,99.51,0.363001,36.12
2026-09-19 16:49:32.570,buy,99.51,0.152214,15.15
2026-09-19 16:49:32.641,sell,99.51,0.718063,71.45
2026-09-19 16:49:38.852,buy,99.51,1.504292,149.68
2026-09-19 16:49:46.954,sell,99.51,1.681756,167.34
2026-09-19 16:50:12.296,sell,99.49,1.439186,143.18
2026-09-19 16:50:21.001,sell,99.49,0.100515,10.0
2026-09-19 16:50:40.501,buy,99.49,0.244971,24.37
2026-09-19 16:50:47.759,buy,99.49,0.100515,10.0
2026-09-19 16:50:56.593,buy,99.49,0.121706,12.11
2026-09-19 16:51:00.850,buy,99.46,0.137516,13.68
2026-09-19 16:51:01.170,sell,99.46,0.458481,45.6
2026-09-19 16:51:05.927,sell,99.46,0.100542,10.0
2026-09-19 16:51:17.419,sell,99.46,0.157461,15.66
2026-09-19 16:51:41.042,buy,99.46,0.100542,10.0
2026-09-19 16:51:41.603,sell,99.46,0.436478,43.41
2026-09-19 16:51:57.915,sell,99.46,0.692543,68.88
2026-09-19 16:52:02.556,sell,99.54,0.550961,54.84
2026-09-19 16:52:08.084,sell,99.54,1.834725,182.62
2026-09-19 16:52:20.971,sell,99.54,0.100464,10.0
2026-09-19 16:52:47.598,sell,99.54,0.194774,19.39
2026-09-19 16:52:49.540,buy,99.54,3.210545,319.57
2026-09-19 16:52:57.573,buy,99.54,0.100464,10.0
2026-09-19 16:52:59.614,sell,99.54,0.100464,10.0
2026-09-19 16:53:11.082,buy,99.67,0.138775,13.83
2026-09-19 16:53:16.350,sell,99.67,2.601058,259.26
2026-09-19 16:53:20.970,sell,99.67,0.287817,28.69
2026-09-19 16:53:45.234,sell,99.67,0.395812,39.45
2026-09-19 16:53:53.574,sell,99.67,0.100326,10.0
2026-09-19 16:53:57.156,buy,99.67,8.867094,883.82
2026-09-19 16:54:00.832,sell,99.65,0.694672,69.22
2026-09-19 16:54:08.596,sell,99.65,2.262177,225.42
2026-09-19 16:54:09.218,buy,99.65,1.862187,185.56
2026-09-19 16:54:23.944,buy,99.65,0.100353,10.0
2026-09-19 16:54:31.515,buy,99.65,0.489738,48.8
2026-09-19 16:54:33.189,buy,99.65,0.155965,15.54
2026-09-19 16:55:09.286,sell,99.69,0.100313,10.0
2026-09-19 16:55:28.821,sell,99.69,1.076415,107.31
2026-09-19 16:55:34.701,buy,99.69,0.100313,10.0
2026-09-19 16:55:44.306,sell,99.69,0.549802,54.81
2026-09-19 16:55:48.843,sell,99.69,0.535511,53.38
2026-09-19 16:56:02.296,buy,99.83,0.100174,10.0
2026-09-19 16:56:09.767,sell,99.83,0.623722,62.26
2026-09-19 16:56:17.228,sell,99.83,1.718513,171.55
2026-09-19 16:56:25.326,buy,99.83,0.100174,10.0
2026-09-19 16:56:49.211,sell,99.83,0.285027,28.45
2026-09-19 16:56:54.236,buy,99.83,0.115612,11.54
2026-09-19 16:57:08.003,sell,99.86,0.10014,10.0
2026-09-19 16:57:11.756,buy,99.86,0.10014,10.0
2026-09-19 16:57:21.331,buy,99.86,4.21947,421.36
2026-09-19 16:57:22.728,sell,99.86,0.128186,12.8
2026-09-19 16:57:46.105,sell,99.86,0.10014,10.0
2026-09-19 16:57:47.243,buy,99.86,33.267214,3322.06
2026-09-19 16:57:53.798,sell,99.86,0.138921,13.87
2026-09-19 16:58:08.901,sell,99.92,0.714835,71.43
2026-09-19 16:58:35.030,sell,99.92,7.650287,764.45
2026-09-19 16:58:41.739,buy,99.92,0.122261,12.22
2026-09-19 16:58:44.909,buy,99.92,0.110661,11.06
2026-09-19 16:59:00.492,sell,99.84,31.290288,3124.1
2026-09-19 16:59:03.976,sell,99.84,0.106932,10.68
2026-09-19 16:59:15.607,buy,99.84,0.243579,24.32
2026-09-19 16:59:52.704,sell,99.84,0.100158,10.0
2026-09-19 16:59:56.087,buy,99.84,3.489263,348.38
2026-09-19 17:00:00.546,sell,99.87,0.419124,41.86
2026-09-19 17:00:13.566,sell,99.87,0.253968,25.36
2026-09-19 17:00:20.036,sell,99.87,1.478067,147.61
2026-09-19 17:00:24.397,sell,99.87,4.016804,401.15
2026-09-19 17:00:53.972,sell,99.87,2.890457,288.67
2026-09-19 17:01:02.620,buy,99.88,0.221687,22.14
2026-09-19 17:01:27.073,buy,99.88,1.382573,138.09
2026-09-19 17:01:31.333,buy,99.88,0.123389,12.32
2026-09-19 17:02:08.396,sell,99.83,0.329542,32.9
2026-09-19 17:02:17.267,buy,99.83,0.444163,44.34
2026-09-19 17:02:17.783,sell,99.83,0.116359,11.62
2026-09-19 17:02:30.038,sell,99.83,0.320872,32.03
2026-09-19 17:02:35.537,buy,99.83,0.72332,72.21
2026-09-19 17:02:43.552,buy,99.83,0.659568,65.85
2026-09-19 17:02:47.383,sell,99.83,0.100167,10.0
2026-09-19 17:03:17.831,sell,99.95,0.100048,10.0
2026-09-19 17:03:21.721,buy,99.95,0.379266,37.91
2026-09-19 17:03:43.758,sell,99.95,0.100048,10.0
2026-09-19 17:03:50.340,buy,99.95,0.469096,46.89
2026-09-19 17:03:57.520,sell,99.95,0.636863,63.66
2026-09-19 17:04:21.302,buy,99.88,0.357083,35.67
2026-09-19 17:04:30.976,buy,99.88,0.100115,10.0
2026-09-19 17:04:35.465,buy,99.88,0.100246,10.01
2026-09-19 17:04:50.714,buy,99.88,0.385298,38.49
2026-09-19 17:04:56.298,sell,99.88,0.135628,13.55
2026-09-19 17:05:04.690,sell,99.92,0.10008,10.0
2026-09-19 17:05:05.965,buy,99.92,0.573299,57.28
2026-09-19 17:05:13.988,buy,99.92,0.114993,11.49
2026-09-19 17:05:22.384,sell,99.92,0.306566,30.63
2026-09-19 17:05:22.893,sell,99.92,0.10008,10.0
2026-09-19 17:05:39.694,buy,99.92,0.238331,23.81
2026-09-19 17:06:03.061,sell,99.94,0.767873,76.74
2026-09-19 17:06:13.362,sell,99.94,0.100055,10.0
2026-09-19 17:06:15.094,sell,99.94,0.100055,10.0
2026-09-19 17:06:24.203,sell,99.94,3.647041,364.5
2026-09-19 17:06:43.778,sell,99.94,0.13363,13.36
2026-09-19 17:06:49.248,sell,99.94,0.815085,81.46
2026-09-19 17:06:49.788,buy,99.94,8.669459,866.47
2026-09-19 17:06:49.839,sell,99.94,2.386008,238.47
2026-09-19 17:07:46.797,buy,100.04,0.763441,76.37
2026-09-19 17:07:52.498,sell,100.04,0.09996,10.0
2026-09-19 17:07:57.479,sell,100.04,0.754818,75.51
2026-09-19 17:08:12.573,buy,100.03,1.061094,106.14
2026-09-19 17:08:44.386,sell,100.03,2.29967,230.03
2026-09-19 17:08:44.687,sell,100.03,0.104604,10.46
2026-09-19 17:08:53.328,sell,100.03,0.685922,68.61
2026-09-19 17:09:00.798,sell,100.1,1.647769,164.94
2026-09-19 17:09:16.288,sell,100.1,0.099904,10.0
2026-09-19 17:09:22.100,buy,100.1,1.40629,140.76
2026-09-19 17:09:29.345,buy,100.1,0.099904,10.0
2026-09-19 17:09:45.008,buy,100.1,0.812209,81.3
2026-09-19 17:09:51.982,sell,100.1,0.243497,24.37
2026-09-19 17:09:52.881,sell,100.1,11.070807,1108.15
2026-09-19 17:10:04.467,buy,100.12,0.099884,10.0
2026-09-19 17:10:07.674,buy,100.12,0.568087,56.87
2026-09-19 17:10:39.467,buy,100.12,2.88603,288.94
2026-09-19 17:10:45.778,buy,100.12,1.653925,165.58
2026-09-19 17:10:52.135,buy,100.12,0.998029,99.92
2026-09-19 17:11:04.553,sell,100.12,0.376683,37.71
2026-09-19 17:11:17.508,sell,100.12,1.676262,167.83
2026-09-19 17:11:38.818,buy,100.12,2.502968,250.6
2026-09-19 17:11:39.420,buy,100.12,1.854765,185.7
2026-09-19 17:11:52.661,sell,100.12,0.102538,10.27
2026-09-19 17:11:54.645,buy,100.12,1.823127,182.54
2026-09-19 17:12:07.027,sell,100.14,4.147249,415.3
2026-09-19 17:12:25.559,buy,100.14,0.407031,40.76
2026-09-19 17:12:50.837,sell,100.14,0.099862,10.0
2026-09-19 17:13:03.551,buy,100.2,0.099804,10.0
2026-09-19 17:13:35.094,sell,100.2,0.513923,51.49
2026-09-19 17:13:39.833,sell,100.2,1.696541,169.99
2026-09-19 17:13:45.438,sell,100.2,0.114143,11.44
2026-09-19 17:13:46.458,sell,100.2,1.307717,131.03
2026-09-19 17:13:52.495,sell,100.2,0.589566,59.07
2026-09-19 17:13:58.029,buy,100.2,4.412337,442.1
2026-09-19 17:13:58.669,buy,100.2,0.110621,11.08
2026-09-19 17:14:13.008,sell,100.17,0.099826,10.0
2026-09-19 17:14:16.808,sell,100.17,0.099826,10.0
2026-09-19 17:14:32.293,sell,100.17,3.355859,336.17
2026-09-19 17:14:45.637,sell,100.17,0.099826,10.0
2026-09-19 17:14:48.644,buy,100.17,1.588345,159.11
2026-09-19 17:14:50.866,sell,100.17,5.047627,505.64
2026-09-19 17:14:58.949,buy,100.17,0.29633,29.68
2026-09-19 17:15:04.086,sell,100.09,0.09991,10.0
2026-09-19 17:15:28.945,sell,100.09,19.274363,1929.17
2026-09-19 17:15:44.850,sell,100.09,0.13917,13.93
2026-09-19 17:15:46.940,buy,100.09,0.09991,10.0
2026-09-19 17:16:01.205,sell,100.19,0.244248,24.47
2026-09-19 17:16:07.174,sell,100.19,0.300855,30.14
2026-09-19 17:16:12.726,buy,100.19,2.206791,221.09
2026-09-19 17:16:30.272,sell,100.19,10.210676,1022.97
2026-09-19 17:16:36.495,sell,100.19,0.92358,92.53
2026-09-19 17:16:52.414,sell,100.19,0.144599,14.49
2026-09-19 17:16:55.866,buy,100.19,2.255462,225.97
2026-09-19 17:17:01.682,buy,100.24,6.739346,675.53
2026-09-19 17:17:01.855,sell,100.24,1.265777,126.88
2026-09-19 17:17:09.992,buy,100.24,0.099763,10.0
2026-09-19 17:17:26.724,sell,100.24,0.139684,14.0
2026-09-19 17:18:03.897,buy,100.2,0.245678,24.62
2026-09-19 17:18:24.164,sell,100.2,0.099802,10.0
2026-09-19 17:18:43.049,sell,100.2,0.099802,10.0
2026-09-19 17:18:52.506,buy,100.2,3.258648,326.51
2026-09-19 17:18:52.864,buy,100.2,18.608385,1864.53
2026-09-19 17:18:58.132,sell,100.2,0.358839,35.96
2026-09-19 17:19:00.272,buy,100.11,1.795243,179.72
2026-09-19 17:19:06.454,buy,100.11,0.09989,10.0
2026-09-19 17:19:09.447,buy,100.11,0.845067,84.6
2026-09-19 17:19:11.089,buy,100.11,1.135681,113.69
2026-09-19 17:19:15.721,buy,100.11,0.787563,78.84
2026-09-19 17:19:26.305,buy,100.11,0.09989,10.0
2026-09-19 17:19:26.390,buy,100.11,0.09989,10.0
2026-09-19 17:19:37.067,sell,100.11,0.09989,10.0
2026-09-19 17:20:07.572,sell,100.07,5.436303,544.01
2026-09-19 17:20:33.757,sell,100.07,0.159392,15.95
2026-09-19 17:20:46.297,sell,100.07,0.368419,36.87
2026-09-19 17:20:48.424,sell,100.07,0.215288,21.54
2026-09-19 17:20:49.971,sell,100.07,1.595699,159.68
2026-09-19 17:20:54.768,sell,100.07,0.444093,44.44
2026-09-19 17:20:55.342,buy,100.07,0.183411,18.35
2026-09-19 17:21:11.644,sell,100.08,6.195477,620.02
2026-09-19 17:21:37.418,buy,100.08,0.099923,10.0
2026-09-19 17:21:41.840,buy,100.08,0.616681,61.72
2026-09-19 17:21:44.166,buy,100.08,0.200436,20.06
2026-09-19 17:21:44.770,sell,100.08,0.181977,18.21
2026-09-19 17:22:02.758,sell,99.94,3.020546,301.87
2026-09-19 17:22:15.719,buy,99.94,0.100061,10.0
2026-09-19 17:22:22.192,sell,99.94,1.652086,165.11
2026-09-19 17:22:26.287,sell,99.94,0.589361,58.9
2026-09-19 17:22:44.006,sell,99.94,0.100061,10.0
2026-09-19 17:22:54.252,buy,99.94,0.119276,11.92
2026-09-19 17:22:58.230,sell,99.94,0.284678,28.45
2026-09-19 17:23:27.796,sell,99.93,3.781902,377.94
2026-09-19 17:23:35.477,sell,99.93,0.187741,18.76
2026-09-19 17:23:40.323,buy,99.93,0.265186,26.5
2026-09-19 17:23:47.879,sell,99.93,0.217693,21.75
2026-09-19 17:24:17.496,buy,99.84,1.40046,139.83
2026-09-19 17:24:19.072,buy,99.84,0.283201,28.28
2026-09-19 17:24:22.395,sell,99.84,0.118393,11.82
2026-09-19 17:24:41.108,sell,99.84,0.296702,29.62
2026-09-19 17:24:47.320,sell,99.84,0.334803,33.43
2026-09-19 17:24:55.468,sell,99.84,0.100156,10.0
2026-09-19 17:24:59.190,buy,99.84,0.100156,10.0
2026-09-19 17:25:04.994,sell,99.89,0.809056,80.82
2026-09-19 17:25:13.279,sell,99.89,0.231473,23.12
2026-09-19 17:25:16.299,sell,99.89,0.100107,10.0
2026-09-19 17:25:30.175,sell,99.89,1.52733,152.57
2026-09-19 17:25:44.221,buy,99.89,0.115889,11.58
2026-09-19 17:26:04.061,buy,99.92,0.611847,61.14
2026-09-19 17:26:13.692,sell,99.92,1.982418,198.08
2026-09-19 17:26:57.972,sell,99.92,0.253986,25.38
2026-09-19 17:27:03.994,buy,99.82,5.494374,548.43
2026-09-19 17:27:06.356,buy,99.82,0.100183,10.0
2026-09-19 17:27:16.369,sell,99.82,0.215973,21.56
2026-09-19 17:27:24.010,buy,99.82,3.153482,314.77
2026-09-19 17:27:33.440,sell,99.82,0.275208,27.47
2026-09-19 17:27:46.705,sell,99.82,0.100183,10.0
2026-09-19 17:27:51.358,buy,99.82,0.133655,13.34
2026-09-19 17:28:10.882,buy,99.81,0.192261,19.19
2026-09-19 17:28:21.650,buy,99.81,0.36382,36.31
2026-09-19 17:28:31.153,sell,99.81,0.421036,42.02
2026-09-19 17:28:32.393,buy,99.81,0.10019,10.0
2026-09-19 17:28:56.691,sell,99.81,4.203967,419.6
2026-09-19 17:29:01.732,buy,99.91,0.346911,34.66
2026-09-19 17:29:18.027,sell,99.91,0.100086,10.0
2026-09-19 17:29:36.394,buy,99.91,0.768199,76.75
2026-09-19 17:29:38.901,sell,99.91,3.201225,319.85
2026-09-19 17:29:50.749,sell,99.91,0.100086,10.0
2026-09-19 17:30:12.706,sell,99.95,0.182068,18.2
2026-09-19 17:30:16.648,buy,99.95,0.795201,79.48
2026-09-19 17:30:19.347,buy,99.95,0.222923,22.28
2026-09-19 17:30:29.650,buy,99.95,3.6804,367.87
2026-09-19 17:30:32.814,buy,99.95,0.607441,60.72
2026-09-19 17:30:46.964,buy,99.95,0.20026,20.02
2026-09-19 17:30:52.147,sell,99.95,1.435481,143.48
2026-09-19 17:30:52.215,buy,99.95,0.100047,10.0
2026-09-19 17:31:13.767,sell,99.87,5.02024,501.4
2026-09-19 17:31:24.190,buy,99.87,0.170505,17.03
2026-09-19 17:31:31.241,buy,99.87,0.534338,53.37
2026-09-19 17:32:26.782,buy,99.82,0.100181,10.0
2026-09-19 17:32:39.832,buy,99.82,0.100181,10.0
2026-09-19 17:32:42.078,buy,99.82,1.193717,119.16
2026-09-19 17:32:53.093,buy,99.82,13.903749,1387.86
2026-09-19 17:32:55.220,sell,99.82,0.100181,10.0
2026-09-19 17:33:02.322,buy,99.8,11.281348,1125.9
2026-09-19 17:33:05.509,sell,99.8,0.100199,10.0
2026-09-19 17:33:08.363,sell,99.8,0.2834,28.28
2026-09-19 17:33:12.055,buy,99.8,0.291745,29.12
2026-09-19 17:33:54.200,sell,99.8,0.100199,10.0
2026-09-19 17:33:59.358,sell,99.8,0.100199,10.0
2026-09-19 17:34:25.668,buy,99.8,0.619574,61.83
2026-09-19 17:34:35.046,sell,99.8,0.100205,10.0
2026-09-19 17:34:51.336,sell,99.8,0.100205,10.0
2026-09-19 17:35:06.766,sell,99.76,1.444007,144.06
2026-09-19 17:35:14.974,buy,99.76,0.858871,85.68
2026-09-19 17:35:55.127,buy,99.76,0.183215,18.28
2026-09-19 17:36:00.181,buy,99.79,0.127167,12.69
2026-09-19 17:36:03.792,buy,99.79,0.745678,74.41
2026-09-19 17:36:12.042,buy,99.79,0.302005,30.14
2026-09-19 17:36:23.951,sell,99.79,4.33613,432.7
2026-09-19 17:37:05.189,buy,99.83,0.282864,28.24
2026-09-19 17:37:08.691,sell,99.83,0.602429,60.14
2026-09-19 17:37:09.153,buy,99.83,0.220484,22.01
2026-09-19 17:37:22.338,sell,99.83,0.185236,18.49
2026-09-19 17:37:29.428,sell,99.83,0.381199,38.06
2026-09-19 17:37:55.854,sell,99.83,0.273121,27.27
2026-09-19 17:37:59.325,buy,99.83,0.343582,34.3
2026-09-19 17:38:38.769,buy,99.78,1.225484,122.28
2026-09-19 17:38:40.777,buy,99.78,0.917803,91.58
2026-09-19 17:38:49.224,sell,99.78,0.128451,12.82
2026-09-19 17:38:56.338,buy,99.78,0.745027,74.34
2026-09-19 17:39:11.136,buy,99.82,0.185693,18.54
2026-09-19 17:39:15.948,buy,99.82,0.100182,10.0
2026-09-19 17:39:29.253,buy,99.82,0.143736,14.35
2026-09-19 17:39:44.853,sell,99.82,0.242909,24.25
2026-09-19 17:40:05.129,sell,99.8,0.832022,83.04
2026-09-19 17:40:09.605,buy,99.8,0.945681,94.38
2026-09-19 17:40:10.197,buy,99.8,0.100196,10.0
2026-09-19 17:40:12.706,buy,99.8,0.461779,46.09
2026-09-19 17:40:36.070,buy,99.8,0.908678,90.69
2026-09-19 17:40:52.664,buy,99.8,0.100196,10.0
2026-09-19 17:40:54.583,sell,99.8,0.235364,23.49
2026-09-19 17:41:10.048,buy,99.82,4.352321,434.43
2026-09-19 17:41:25.951,buy,99.82,0.10881,10.86
2026-09-19 17:41:37.677,buy,99.82,0.33866,33.8
2026-09-19 17:41:38.843,sell,99.82,1.195918,119.37
2026-09-19 17:41:40.180,sell,99.82,0.747185,74.58
2026-09-19 17:41:58.133,sell,99.82,0.100185,10.0
2026-09-19 17:41:59.941,sell,99.82,0.177785,17.75
2026-09-19 17:42:55.113,buy,99.76,0.100236,10.0
2026-09-19 17:42:57.961,sell,99.76,0.469153,46.8
2026-09-19 17:42:58.493,buy,99.76,0.298919,29.82
2026-09-19 17:43:12.710,sell,99.8,2.226533,222.21
2026-09-19 17:43:21.963,sell,99.8,0.161483,16.12
2026-09-19 17:43:27.335,buy,99.8,1.597617,159.44
2026-09-19 17:43:29.970,sell,99.8,0.956408,95.45
2026-09-19 17:43:33.779,buy,99.8,1.131446,112.92
2026-09-19 17:43:40.630,sell,99.8,0.359468,35.87
2026-09-19 17:43:41.665,buy,99.8,1.57421,157.11
2026-09-19 17:44:01.020,buy,99.75,0.174015,17.36
2026-09-19 17:44:09.861,buy,99.75,0.231448,23.09
2026-09-19 17:44:15.181,sell,99.75,0.482231,48.1
2026-09-19 17:44:19.865,sell,99.75,0.238944,23.83
2026-09-19 17:44:23.074,buy,99.75,0.911935,90.96
2026-09-19 17:44:36.841,buy,99.75,0.100254,10.0
2026-09-19 17:44:53.872,buy,99.75,0.205444,20.49
2026-09-19 17:44:55.483,buy,99.75,0.183325,18.29
2026-09-19 17:45:22.786,buy,99.77,0.381652,38.08
2026-09-19 17:45:35.236,buy,99.77,1.313554,131.06
2026-09-19 17:45:46.270,sell,99.77,0.369979,36.91
2026-09-19 17:45:47.668,sell,99.77,0.100227,10.0
2026-09-19 17:46:01.000,sell,99.34,10.066438,1000.0
2026-09-19 17:46:02.921,sell,99.82,0.519132,51.82
2026-09-19 17:46:05.638,sell,99.82,0.231126,23.07
2026-09-19 17:46:23.664,buy,99.82,1.099649,109.76
2026-09-19 17:46:46.410,sell,99.82,0.100183,10.0
2026-09-19 17:47:16.159,sell,99.75,0.381321,38.04
2026-09-19 17:47:20.620,buy,99.75,0.252245,25.16
2026-09-19 17:47:24.494,buy,99.75,0.590557,58.91
2026-09-19 17:47:27.136,buy,99.75,0.490596,48.94
2026-09-19 17:47:32.090,buy,99.75,6.078285,606.3
2026-09-19 17:47:39.515,sell,99.75,0.621511,61.99
2026-09-19 17:47:42.751,buy,99.75,0.698689,69.69
2026-09-19 17:47:43.270,buy,99.75,1.421248,141.77
2026-09-19 17:48:07.448,buy,99.64,0.948483,94.51
2026-09-19 17:48:17.102,sell,99.64,1.087581,108.37
2026-09-19 17:48:34.981,sell,99.64,5.067282,504.92
2026-09-19 17:48:41.940,sell,99.64,0.398027,39.66
2026-09-19 17:48:45.356,buy,99.64,3.369051,335.7
2026-09-19 17:48:57.791,sell,99.64,1.028493,102.48
2026-09-19 17:49:03.488,buy,99.73,0.100268,10.0
2026-09-19 17:49:17.440,buy,99.73,1.673453,166.9
2026-09-19 17:49:21.090,buy,99.73,0.108814,10.85
2026-09-19 17:49:31.215,buy,99.73,0.721301,71.94
2026-09-19 17:49:33.965,buy,99.73,0.100268,10.0
2026-09-19 17:49:44.112,sell,99.73,0.210684,21.01
2026-09-19 17:49:47.838,sell,99.73,0.121016,12.07
2026-09-19 17:50:00.768,sell,99.77,0.194758,19.43
2026-09-19 17:50:22.814,buy,99.77,0.100231,10.0
2026-09-19 17:50:40.352,sell,99.77,0.386206,38.53
2026-09-19 17:50:48.164,sell,99.77,0.392684,39.18
2026-09-19 17:50:50.804,sell,99.77,0.100231,10.0
2026-09-19 17:50:56.845,buy,99.77,0.109468,10.92
2026-09-19 17:51:13.449,sell,99.89,0.352077,35.17
2026-09-19 17:51:22.810,sell,99.89,0.253058,25.28
2026-09-19 17:51:32.229,sell,99.89,0.100109,10.0
2026-09-19 17:51:56.990,sell,99.89,0.69108,69.03
2026-09-19 17:51:57.108,buy,99.89,0.100109,10.0
2026-09-19 17:51:59.614,sell,99.89,0.152674,15.25
2026-09-19 17:52:18.198,sell,99.84,3.409253,340.37
2026-09-19 17:52:25.971,buy,99.84,1.584635,158.2
2026-09-19 17:52:38.220,sell,99.84,0.100164,10.0
2026-09-19 17:52:41.407,buy,99.84,0.48198,48.12
2026-09-19 17:52:42.350,buy,99.84,3.344505,333.9
2026-09-19 17:52:46.300,buy,99.84,0.100164,10.0
2026-09-19 17:52:52.269,sell,99.84,3.421386,341.58
2026-09-19 17:53:07.559,buy,99.91,0.14715,14.7
2026-09-19 17:53:10.178,sell,99.91,5.716093,571.1
2026-09-19 17:53:15.000,buy,99.91,0.160953,16.08
2026-09-19 17:53:16.088,sell,99.91,0.716056,71.54
2026-09-19 17:53:37.908,buy,99.91,0.844458,84.37
2026-09-19 17:53:58.056,sell,99.91,0.481041,48.06
2026-09-19 17:54:13.137,buy,99.88,0.26955,26.92
2026-09-19 17:54:16.173,sell,99.88,0.100123,10.0
2026-09-19 17:54:16.565,sell,99.88,0.217711,21.74
2026-09-19 17:54:30.454,sell,99.88,0.100123,10.0
2026-09-19 17:54:37.941,buy,99.88,0.311191,31.08
2026-09-19 17:55:21.824,buy,99.85,2.01489,201.18
2026-09-19 17:55:24.448,sell,99.85,0.397778,39.72
2026-09-19 17:55:26.840,sell,99.85,0.173919,17.37
2026-09-19 17:55:33.546,buy,99.85,0.270249,26.98
2026-09-19 17:56:07.325,sell,99.85,0.476681,47.59
2026-09-19 17:56:11.635,buy,99.85,0.283817,28.34
2026-09-19 17:56:20.340,sell,99.85,0.80982,80.86
2026-09-19 17:56:23.734,buy,99.85,0.172617,17.24
2026-09-19 17:56:26.165,buy,99.85,4.999344,499.17
2026-09-19 17:56:27.030,sell,99.85,0.100154,10.0
2026-09-19 17:56:35.437,buy,99.85,0.256602,25.62
2026-09-19 17:56:55.019,buy,99.85,0.113479,11.33
2026-09-19 17:57:05.606,buy,99.86,2.378742,237.55
2026-09-19 17:57:11.339,sell,99.86,1.254363,125.26
2026-09-19 17:57:32.540,buy,99.86,0.681835,68.09
2026-09-19 17:58:15.775,sell,99.75,0.848681,84.65
2026-09-19 17:58:26.558,buy,99.75,0.318433,31.76
2026-09-19 17:58:31.437,sell,99.75,0.357947,35.7
2026-09-19 17:58:57.528,sell,99.75,1.094391,109.16
2026-09-19 17:59:05.111,sell,99.75,0.104492,10.42
2026-09-19 17:59:23.126,sell,99.75,0.100251,10.0
2026-09-19 17:59:38.846,sell,99.75,1.197968,119.5
2026-09-19 17:59:42.923,buy,99.75,0.292311,29.16
2026-09-19 17:59:50.214,buy,99.75,0.25335,25.27
2026-09-19 17:59:51.246,sell,99.75,0.125781,12.55
2026-09-19 18:00:04.239,sell,99.83,0.100173,10.0
2026-09-19 18:00:35.974,sell,99.83,0.121176,12.1
2026-09-19 18:00:49.950,buy,99.83,0.304905,30.44
2026-09-19 18:00:56.398,buy,99.83,0.436114,43.54
2026-09-19 18:01:16.975,sell,99.81,0.100187,10.0
2026-09-19 18:01:26.454,sell,99.81,0.760879,75.95
2026-09-19 18:01:44.992,buy,99.81,0.33422,33.36
2026-09-19 18:02:02.820,buy,99.79,0.100206,10.0
2026-09-19 18:02:07.774,buy,99.79,0.272335,27.18
2026-09-19 18:02:08.908,sell,99.79,0.253824,25.33
2026-09-19 18:02:15.757,sell,99.79,0.100206,10.0
2026-09-19 18:02:24.240,buy,99.79,3.537419,353.02
2026-09-19 18:02:41.411,sell,99.79,0.100206,10.0
2026-09-19 18:02:45.216,sell,99.79,1.648804,164.54
2026-09-19 18:02:50.397,sell,99.79,1.599215,159.59
2026-09-19 18:03:01.576,buy,99.76,0.100236,10.0
2026-09-19 18:03:01.587,buy,99.76,0.100236,10.0
2026-09-19 18:03:06.941,sell,99.76,2.836218,282.95
2026-09-19 18:03:31.541,sell,99.76,0.213063,21.26
2026-09-19 18:03:33.310,buy,99.76,3.52443,351.61
2026-09-19 18:03:36.720,sell,99.76,2.173761,216.86
2026-09-19 18:03:42.494,buy,99.76,0.148903,14.86
2026-09-19 18:04:06.446,buy,99.73,0.374695,37.37
2026-09-19 18:04:08.778,buy,99.73,0.791909,78.98
2026-09-19 18:04:22.535,sell,99.73,2.837152,282.96
2026-09-19 18:04:47.478,buy,99.73,0.521503,52.01
2026-09-19 18:04:55.758,buy,99.73,0.100267,10.0
2026-09-19 18:05:12.867,buy,99.65,0.102158,10.18
2026-09-19 18:05:17.464,buy,99.65,0.113025,11.26
2026-09-19 18:05:34.584,buy,99.65,6.620429,659.75
2026-09-19 18:05:42.465,buy,99.65,0.44095,43.94
2026-09-19 18:05:42.775,sell,99.65,1.074613,107.09
2026-09-19 18:05:47.364,buy,99.65,0.553067,55.12
2026-09-19 18:05:59.492,sell,99.65,0.197742,19.71
2026-09-19 18:06:01.316,sell,99.65,0.100348,10.0
2026-09-19 18:06:17.255,buy,99.65,0.199836,19.91
2026-09-19 18:06:39.957,buy,99.65,1.175918,117.18
2026-09-19 18:07:18.708,buy,99.68,1.134124,113.05
2026-09-19 18:07:24.265,sell,99.68,0.367612,36.64
2026-09-19 18:07:35.963,sell,99.68,0.100324,10.0
2026-09-19 18:07:39.953,buy,99.68,0.643935,64.19
2026-09-19 18:07:45.839,sell,99.68,1.379179,137.47
2026-09-19 18:07:46.655,sell,99.68,1.531235,152.63
2026-09-19 18:07:50.315,sell,99.68,0.445659,44.42
2026-09-19 18:07:59.201,sell,99.68,0.313643,31.26
2026-09-19 18:08:19.213,sell,99.7,0.100299,10.0
2026-09-19 18:08:36.312,sell,99.7,0.100299,10.0
2026-09-19 18:08:53.509,sell,99.7,0.360007,35.89
2026-09-19 18:09:20.810,sell,99.71,0.100287,10.0
2026-09-19 18:09:23.727,buy,99.71,0.977066,97.43
2026-09-19 18:09:47.927,sell,99.71,0.100287,10.0
2026-09-19 18:09:53.582,sell,99.71,1.073258,107.02
2026-09-19 18:10:00.269,buy,99.67,0.313506,31.25
2026-09-19 18:10:12.605,buy,99.67,0.622331,62.02
2026-09-19 18:10:18.801,buy,99.67,2.069041,206.21
2026-09-19 18:10:33.221,buy,99.67,0.60447,60.24
2026-09-19 18:10:51.175,sell,99.67,0.24484,24.4
2026-09-19 18:10:56.322,sell,99.67,0.100336,10.0
2026-09-19 18:10:57.587,buy,99.67,0.964302,96.11
2026-09-19 18:11:04.083,buy,99.61,0.546875,54.47
2026-09-19 18:11:09.892,buy,99.61,0.14927,14.87
2026-09-19 18:11:32.847,sell,99.61,2.962371,295.07
2026-09-19 18:11:32.906,buy,99.61,1.081841,107.76
2026-09-19 18:11:37.393,sell,99.61,0.226836,22.59
2026-09-19 18:11:41.320,sell,99.61,0.353786,35.24
2026-09-19 18:11:56.925,buy,99.61,1.870448,186.31
2026-09-19 18:12:12.026,sell,99.54,0.994363,98.98
2026-09-19 18:12:32.186,sell,99.54,0.122669,12.21
2026-09-19 18:12:37.402,sell,99.54,0.100465,10.0
2026-09-19 18:12:37.552,sell,99.54,0.590704,58.8
2026-09-19 18:12:45.626,sell,99.54,1.017224,101.25
2026-09-19 18:12:52.803,buy,99.54,0.231873,23.08
2026-09-19 18:12:55.918,sell,99.54,0.57683,57.42
2026-09-19 18:12:58.311,sell,99.54,1.266638,126.08
2026-09-19 18:13:38.506,sell,99.63,13.435111,1338.54
2026-09-19 18:13:48.878,buy,99.63,0.100372,10.0
2026-09-19 18:13:54.880,sell,99.63,0.100372,10.0
2026-09-19 18:14:03.088,buy,99.68,0.100325,10.0
2026-09-19 18:14:03.862,sell,99.68,0.100325,10.0
2026-09-19 18:14:24.319,buy,99.68,0.100325,10.0
2026-09-19 18:14:31.429,buy,99.68,0.276773,27.59
2026-09-19 18:14:37.882,sell,99.68,2.981246,297.16
2026-09-19 18:14:54.193,sell,99.68,1.556172,155.11
2026-09-19 18:15:01.916,sell,99.78,0.917875,91.59
2026-09-19 18:15:10.699,sell,99.78,0.173584,17.32
2026-09-19 18:15:13.232,buy,99.78,0.958773,95.67
2026-09-19 18:15:17.235,sell,99.78,0.359419,35.86
2026-09-19 18:15:23.850,buy,99.78,0.100216,10.0
2026-09-19 18:15:28.642,sell,99.78,0.100216,10.0
2026-09-19 18:15:43.744,sell,99.78,2.973123,296.67
2026-09-19 18:16:08.245,sell,99.86,1.736103,173.37
2026-09-19 18:16:13.364,buy,99.86,0.995689,99.43
2026-09-19 18:16:14.648,sell,99.86,2.556596,255.31
2026-09-19 18:16:17.068,buy,99.86,0.743177,74.22
2026-09-19 18:16:44.320,buy,99.86,0.228024,22.77
2026-09-19 18:16:48.988,sell,99.86,0.100136,10.0
2026-09-19 18:16:55.405,sell,99.86,0.100136,10.0
2026-09-19 18:17:43.015,buy,99.78,1.082624,108.03
2026-09-19 18:17:49.115,buy,99.78,0.426792,42.59
2026-09-19 18:17:55.736,sell,99.78,1.431401,142.83
2026-09-19 18:17:58.920,sell,99.78,0.100217,10.0
2026-09-19 18:17:59.300,sell,99.78,0.100217,10.0
2026-09-19 18:18:01.820,sell,99.8,0.936622,93.47
2026-09-19 18:18:04.846,buy,99.8,0.80108,79.95
2026-09-19 18:18:21.532,buy,99.8,1.404868,140.2
2026-09-19 18:18:31.021,sell,99.8,0.254755,25.42
2026-09-19 18:18:36.272,buy,99.8,0.428657,42.78
2026-09-19 18:18:39.511,sell,99.8,1.853421,184.97
2026-09-19 18:18:43.686,sell,99.8,0.100202,10.0
2026-09-19 18:18:43.875,sell,99.8,3.200182,319.37
2026-09-19 18:19:37.501,buy,99.76,1.893096,188.85
2026-09-19 18:19:51.937,sell,99.76,0.100244,10.0
2026-09-19 18:19:55.048,sell,99.76,0.386476,38.55
2026-09-19 18:20:37.947,sell,99.73,0.205505,20.49
2026-09-19 18:20:48.075,sell,99.73,0.100276,10.0
2026-09-19 18:20:57.321,buy,99.73,0.292701,29.19
2026-09-19 18:21:33.268,sell,99.85,0.2183,21.8
2026-09-19 18:21:55.385,sell,99.85,0.371343,37.08
2026-09-19 18:21:58.961,buy,99.85,2.270852,226.74
2026-09-19 18:21:59.309,buy,99.85,1.134516,113.28
2026-09-19 18:22:29.999,sell,99.74,1.653974,164.96
2026-09-19 18:22:39.322,buy,99.74,0.132579,13.22
2026-09-19 18:22:41.592,sell,99.74,1.152075,114.9
2026-09-19 18:23:20.838,sell,99.83,0.10017,10.0
2026-09-19 18:23:31.796,sell,99.83,0.78749,78.62
2026-09-19 18:23:40.201,buy,99.83,0.219618,21.92
2026-09-19 18:23:42.894,buy,99.83,0.547431,54.65
2026-09-19 18:23:46.902,buy,99.83,0.350238,34.96
2026-09-19 18:23:51.001,buy,99.83,1.506929,150.44
2026-09-19 18:23:55.328,sell,99.83,0.237543,23.71
2026-09-19 18:24:06.402,sell,99.8,0.306589,30.6
2026-09-19 18:24:22.945,buy,99.8,3.188881,318.25
2026-09-19 18:24:56.319,sell,99.8,0.100202,10.0
2026-09-19 18:25:06.873,sell,99.77,1.247636,124.48
2026-09-19 18:25:06.988,sell,99.77,0.332869,33.21
2026-09-19 18:25:56.874,buy,99.77,0.10023,10.0
2026-09-19 18:25:59.013,buy,99.77,0.160683,16.03
2026-09-19 18:25:59.140,buy,99.77,9.933663,991.08
2026-09-19 18:26:10.056,sell,99.78,0.135305,13.5
2026-09-19 18:26:12.458,buy,99.78,0.100221,10.0
2026-09-19 18:26:26.311,buy,99.78,25.904099,2584.71
2026-09-19 18:26:39.047,sell,99.78,0.100221,10.0
2026-09-19 18:26:42.438,buy,99.78,0.449927,44.89
2026-09-19 18:26:56.254,buy,99.78,0.167596,16.72
2026-09-19 18:27:32.981,buy,99.8,0.10253,10.23
2026-09-19 18:27:46.655,buy,99.8,0.425457,42.46
2026-09-19 18:27:48.147,sell,99.8,0.100201,10.0
2026-09-19 18:27:52.148,buy,99.8,0.100201,10.0
2026-09-19 18:27:54.977,sell,99.8,0.168312,16.8
2026-09-19 18:28:08.045,buy,99.77,0.100233,10.0
2026-09-19 18:28:12.896,sell,99.77,0.845458,84.35
2026-09-19 18:28:24.418,sell,99.77,0.27261,27.2
2026-09-19 18:28:27.030,buy,99.77,0.100233,10.0
2026-09-19 18:28:29.000,buy,99.33,30.202356,3000.0
2026-09-19 18:28:31.334,buy,99.77,1.33182,132.87
2026-09-19 18:28:35.325,buy,99.77,0.305663,30.5
2026-09-19 18:28:44.125,buy,99.77,0.100233,10.0
2026-09-19 18:29:07.256,buy,99.76,0.112909,11.26
2026-09-19 18:29:13.317,sell,99.76,0.100245,10.0
2026-09-19 18:29:14.507,sell,99.76,1.231,122.8
2026-09-19 18:29:15.887,buy,99.76,0.100245,10.0
2026-09-19 18:29:18.714,sell,99.76,0.666399,66.48
2026-09-19 18:29:24.167,buy,99.76,0.134441,13.41
2026-09-19 18:29:37.204,buy,99.76,0.100245,10.0
2026-09-19 18:29:46.322,buy,99.76,0.100245,10.0
2026-09-19 18:30:06.837,buy,99.65,4.497631,448.18
2026-09-19 18:30:23.745,buy,99.65,0.100353,10.0
2026-09-19 18:30:52.821,sell,99.65,0.107652,10.73
2026-09-19 18:31:26.751,buy,99.64,0.752012,74.93
2026-09-19 18:31:32.424,buy,99.64,0.208236,20.75
2026-09-19 18:31:41.001,buy,99.64,0.107412,10.7
2026-09-19 18:32:04.684,sell,99.61,1.261287,125.64
2026-09-19 18:32:06.804,sell,99.61,0.288274,28.72
2026-09-19 18:32:22.757,sell,99.61,0.419564,41.79
2026-09-19 18:32:27.054,buy,99.61,2.08664,207.86
2026-09-19 18:32:32.450,buy,99.61,7.927553,789.68
2026-09-19 18:32:39.783,buy,99.61,4.989826,497.05
2026-09-19 18:33:15.175,buy,99.63,1.950043,194.29
2026-09-19 18:33:21.106,buy,99.63,0.974441,97.09
2026-09-19 18:33:43.136,sell,99.63,0.100368,10.0
2026-09-19 18:33:50.788,buy,99.63,0.100368,10.0
2026-09-19 18:33:58.257,sell,99.63,0.748417,74.57
2026-09-19 18:34:29.823,buy,99.63,1.184385,117.99
2026-09-19 18:34:43.078,sell,99.63,0.288453,28.74
2026-09-19 18:34:43.657,sell,99.63,0.246717,24.58
2026-09-19 18:34:58.593,sell,99.63,0.100376,10.0
2026-09-19 18:34:59.108,buy,99.63,0.923646,92.02
2026-09-19 18:35:19.960,buy,99.57,0.203174,20.23
2026-09-19 18:35:32.710,buy,99.57,0.49515,49.3
2026-09-19 18:35:44.043,sell,99.57,0.293032,29.18
2026-09-19 18:35:50.321,sell,99.57,1.289098,128.35
2026-09-19 18:35:55.520,buy,99.57,0.14488,14.43
2026-09-19 18:35:58.654,buy,99.57,0.213181,21.23
2026-09-19 18:36:10.654,buy,99.57,4.53578,451.62
2026-09-19 18:36:13.981,sell,99.57,0.361232,35.97
2026-09-19 18:36:25.151,sell,99.57,0.283747,28.25
2026-09-19 18:37:03.539,buy,99.47,0.267489,26.61
2026-09-19 18:37:20.007,buy,99.47,1.139042,113.3
2026-09-19 18:37:28.160,buy,99.47,0.424561,42.23
2026-09-19 18:37:51.575,sell,99.47,0.236387,23.51
2026-09-19 18:38:00.081,buy,99.55,0.721947,71.87
2026-09-19 18:38:01.364,sell,99.55,0.139921,13.93
2026-09-19 18:38:20.069,sell,99.55,0.100449,10.0
2026-09-19 18:38:55.014,sell,99.55,0.389262,38.75
2026-09-19 18:39:02.581,sell,99.51,0.190086,18.92
2026-09-19 18:39:19.439,sell,99.51,0.285211,28.38
2026-09-19 18:39:42.796,sell,99.51,0.100491,10.0
2026-09-19 18:39:53.255,sell,99.51,0.494321,49.19
2026-09-19 18:39:53.685,buy,99.51,1.827243,181.83
2026-09-19 18:40:32.473,sell,99.41,0.296909,29.51
2026-09-19 18:40:40.804,sell,99.41,2.604648,258.92
2026-09-19 18:40:42.990,buy,99.41,0.106528,10.59
2026-09-19 18:40:48.212,buy,99.41,8.503083,845.27
2026-09-19 18:41:07.695,sell,99.43,0.100571,10.0
2026-09-19 18:41:10.394,buy,99.43,0.197276,19.62
2026-09-19 18:41:12.252,buy,99.43,17.138008,1704.07
2026-09-19 18:41:20.977,buy,99.43,0.405055,40.28
2026-09-19 18:41:24.709,buy,99.43,0.95393,94.85
2026-09-19 18:41:43.576,sell,99.43,4.845859,481.83
2026-09-19 18:41:48.351,buy,99.43,0.100571,10.0
2026-09-19 18:42:15.129,sell,99.4,0.100602,10.0
2026-09-19 18:42:21.237,buy,99.4,0.100602,10.0
2026-09-19 18:42:22.266,sell,99.4,0.100602,10.0
2026-09-19 18:43:00.900,buy,99.43,0.100572,10.0
2026-09-19 18:43:30.234,sell,99.43,2.056885,204.52
2026-09-19 18:43:50.302,sell,99.43,4.432748,440.75
2026-09-19 18:43:53.517,buy,99.43,0.110753,11.01
2026-09-19 18:44:06.079,buy,99.49,0.135943,13.52
2026-09-19 18:44:08.131,sell,99.49,0.442265,44.0
2026-09-19 18:44:14.446,buy,99.49,0.268173,26.68
2026-09-19 18:44:22.801,sell,99.49,0.100514,10.0
2026-09-19 18:44:30.938,buy,99.49,0.932435,92.77
2026-09-19 18:44:41.349,sell,99.49,4.401931,437.94
2026-09-19 18:44:44.640,buy,99.49,1.359866,135.29
2026-09-19 18:45:20.003,buy,99.49,0.100518,10.0
2026-09-19 18:45:37.961,buy,99.49,0.100518,10.0
2026-09-19 18:45:37.989,sell,99.49,0.100518,10.0
2026-09-19 18:45:43.517,buy,99.49,0.102625,10.21
2026-09-19 18:46:18.763,buy,99.49,2.170751,215.96
2026-09-19 18:46:41.493,sell,99.49,10.135494,1008.34
2026-09-19 18:46:44.465,buy,99.49,0.13131,13.06
2026-09-19 18:46:49.000,sell,99.37,30.190198,3000.0
2026-09-19 18:47:16.316,buy,99.46,0.100547,10.0
2026-09-19 18:47:21.127,buy,99.46,0.142231,14.15
2026-09-19 18:47:24.648,sell,99.46,0.100547,10.0
2026-09-19 18:47:26.530,buy,99.46,0.100547,10.0
2026-09-19 18:47:36.850,sell,99.46,0.262298,26.09
2026-09-19 18:47:45.835,sell,99.46,0.483529,48.09
2026-09-19 18:47:51.414,sell,99.46,0.88028,87.55
2026-09-19 18:47:59.814,buy,99.46,0.613483,61.01
2026-09-19 18:48:01.373,buy,99.51,0.209957,20.89
2026-09-19 18:48:23.416,buy,99.51,0.814207,81.02
2026-09-19 18:48:32.960,buy,99.51,6.039604,600.99
2026-09-19 18:48:50.576,sell,99.51,8.452541,841.1
2026-09-19 18:48:57.239,buy,99.51,0.275572,27.42
2026-09-19 18:49:11.970,sell,99.54,0.18613,18.53
2026-09-19 18:49:37.810,buy,99.54,0.100467,10.0
2026-09-19 18:49:58.081,sell,99.54,0.376073,37.43
2026-09-19 18:50:11.612,buy,99.51,0.246312,24.51
2026-09-19 18:50:13.629,buy,99.51,2.224248,221.34
2026-09-19 18:50:17.764,buy,99.51,4.02142,400.18
2026-09-19 18:50:37.559,sell,99.51,10.671446,1061.94
2026-09-19 18:50:43.623,buy,99.51,0.10049,10.0
2026-09-19 18:50:43.632,buy,99.51,0.778074,77.43
2026-09-19 18:50:44.397,sell,99.51,0.127978,12.74
2026-09-19 18:50:45.747,sell,99.51,0.594547,59.16
2026-09-19 18:51:06.762,sell,99.54,0.100466,10.0
2026-09-19 18:51:25.257,buy,99.54,0.100466,10.0
2026-09-19 18:51:50.008,sell,99.54,0.405595,40.37
2026-09-19 18:51:51.097,buy,99.54,0.100466,10.0
2026-09-19 18:52:07.061,buy,99.45,0.149788,14.9
2026-09-19 18:52:11.671,buy,99.45,0.222779,22.15
2026-09-19 18:52:28.051,buy,99.45,0.227976,22.67
2026-09-19 18:52:31.708,buy,99.45,0.766734,76.25
2026-09-19 18:52:40.522,sell,99.45,0.206846,20.57
2026-09-19 18:52:47.613,buy,99.45,0.100556,10.0
2026-09-19 18:53:07.850,sell,99.35,0.100654,10.0
2026-09-19 18:53:10.943,buy,99.35,3.054202,303.44
2026-09-19 18:53:18.112,sell,99.35,2.533528,251.71
2026-09-19 18:53:30.200,sell,99.35,0.310448,30.84
2026-09-19 18:53:37.883,sell,99.35,0.174205,17.31
2026-09-19 18:53:45.017,sell,99.35,0.100654,10.0
2026-09-19 18:53:49.042,buy,99.35,0.725015,72.03
2026-09-19 18:54:08.792,buy,99.4,0.100605,10.0
2026-09-19 18:54:17.818,sell,99.4,3.420103,339.95
2026-09-19 18:54:23.946,buy,99.4,0.222524,22.12
2026-09-19 18:55:00.581,buy,99.42,0.78687,78.23
2026-09-19 18:55:04.592,sell,99.42,2.307889,229.45
2026-09-19 18:55:13.543,sell,99.42,1.801308,179.09
2026-09-19 18:55:26.589,buy,99.42,0.106404,10.58
2026-09-19 18:55:40.348,sell,99.42,0.100583,10.0
2026-09-19 18:55:41.035,sell,99.42,1.030122,102.41
2026-09-19 18:56:04.978,buy,99.37,0.742241,73.76
2026-09-19 18:56:08.322,sell,99.37,4.571062,454.22
2026-09-19 18:56:23.702,sell,99.37,1.04961,104.3
2026-09-19 18:57:06.828,buy,99.37,0.125162,12.44
2026-09-19 18:57:11.743,sell,99.37,2.239672,222.55
2026-09-19 18:57:23.570,buy,99.37,0.135356,13.45
2026-09-19 18:57:26.242,sell,99.37,0.677634,67.33
2026-09-19 18:57:54.732,buy,99.37,0.100636,10.0
2026-09-19 18:58:18.016,buy,99.33,0.65774,65.33
2026-09-19 18:58:20.784,sell,99.33,0.188187,18.69
2026-09-19 18:58:22.222,buy,99.33,0.251044,24.94
2026-09-19 18:58:34.128,sell,99.33,4.079792,405.24
2026-09-19 18:58:51.699,sell,99.33,0.100676,10.0
2026-09-19 18:58:56.528,buy,99.33,0.100676,10.0
2026-09-19 18:59:00.198,buy,99.35,4.720926,469.04
2026-09-19 18:59:01.862,sell,99.35,1.749321,173.8
2026-09-19 18:59:09.799,sell,99.35,0.33524,33.31
2026-09-19 18:59:14.737,sell,99.35,2.639155,262.21
2026-09-19 18:59:22.882,buy,99.35,0.202907,20.16
2026-09-19 18:59:25.576,buy,99.35,1.401368,139.23
2026-09-19 18:59:44.099,buy,99.35,0.207633,20.63
2026-09-19 18:59:58.987,buy,99.35,7.778451,772.81
2026-09-19 19:00:10.583,buy,99.47,1.210215,120.38
2026-09-19 19:00:26.557,sell,99.47,6.93254,689.56
2026-09-19 19:00:44.998,buy,99.47,0.403309,40.12
2026-09-19 19:01:11.401,sell,99.41,2.567769,255.25
2026-09-19 19:01:19.952,buy,99.41,1.602636,159.31
2026-09-19 19:01:35.089,buy,99.41,0.183013,18.19
2026-09-19 19:01:38.759,buy,99.41,0.190593,18.95
2026-09-19 19:01:42.151,buy,99.41,7.901278,785.44
2026-09-19 19:01:49.305,sell,99.41,0.262051,26.05
2026-09-19 19:01:50.897,buy,99.41,0.417144,41.47
2026-09-19 19:02:05.197,buy,99.35,0.214619,21.32
2026-09-19 19:02:12.952,buy,99.35,0.648402,64.42
2026-09-19 19:02:14.489,buy,99.35,0.216295,21.49
2026-09-19 19:02:15.108,buy,99.35,0.100653,10.0
2026-09-19 19:02:47.904,buy,99.35,0.37569,37.33
2026-09-19 19:03:01.091,buy,99.42,0.167605,16.66
2026-09-19 19:03:35.215,sell,99.42,0.146914,14.61
2026-09-19 19:03:54.159,sell,99.42,8.546721,849.68
2026-09-19 19:03:58.371,sell,99.42,0.100587,10.0
2026-09-19 19:04:00.042,buy,99.4,1.216281,120.9
2026-09-19 19:04:27.795,buy,99.4,0.485842,48.29
2026-09-19 19:04:32.412,buy,99.4,0.2442,24.27
2026-09-19 19:05:12.756,sell,99.27,6.132282,608.78
2026-09-19 19:05:18.974,buy,99.27,0.100731,10.0
2026-09-19 19:05:23.520,sell,99.27,0.384199,38.14
2026-09-19 19:05:32.083,sell,99.27,5.459547,541.99
2026-09-19 19:05:35.924,buy,99.27,1.098606,109.06
2026-09-19 19:05:48.064,buy,99.27,0.19487,19.35
2026-09-19 19:05:51.215,buy,99.27,0.100731,10.0
2026-09-19 19:06:09.335,buy,99.18,0.100826,10.0
2026-09-19 19:06:27.593,sell,99.18,0.896837,88.95
2026-09-19 19:06:47.239,buy,99.18,0.100826,10.0
2026-09-19 19:06:59.305,sell,99.18,0.100826,10.0
2026-09-19 19:07:12.917,buy,99.2,0.423877,42.05
2026-09-19 19:07:20.920,sell,99.2,1.063188,105.47
2026-09-19 19:07:27.966,buy,99.2,0.20392,20.23
2026-09-19 19:08:00.887,sell,99.18,0.566378,56.17
2026-09-19 19:08:10.720,sell,99.18,0.357291,35.43
2026-09-19 19:08:13.557,sell,99.18,0.714763,70.89
2026-09-19 19:08:27.591,sell,99.18,0.188721,18.72
2026-09-19 19:08:48.684,buy,99.18,0.112034,11.11
2026-09-19 19:09:02.064,buy,99.17,0.100838,10.0
2026-09-19 19:09:11.578,buy,99.17,0.789824,78.33
2026-09-19 19:09:26.096,sell,99.17,1.654827,164.11
2026-09-19 19:09:33.087,sell,99.17,0.678228,67.26
2026-09-19 19:09:39.249,sell,99.17,0.614933,60.98
2026-09-19 19:09:55.589,buy,99.17,0.100838,10.0
2026-09-19 19:10:00.245,sell,99.19,0.100812,10.0
2026-09-19 19:10:05.082,sell,99.19,0.784156,77.78
2026-09-19 19:10:39.711,buy,99.19,0.180895,17.94
2026-09-19 19:10:50.526,sell,99.19,0.65213,64.69
2026-09-19 19:11:00.186,sell,99.27,2.869751,284.89
2026-09-19 19:11:16.032,sell,99.27,0.531455,52.76
2026-09-19 19:11:44.822,buy,99.27,2.372227,235.5
2026-09-19 19:11:47.245,buy,99.27,0.285883,28.38
2026-09-19 19:11:54.569,buy,99.27,0.44538,44.21
2026-09-19 19:12:05.208,buy,99.26,1.105015,109.69
2026-09-19 19:12:16.637,sell,99.26,2.494183,247.58
2026-09-19 19:12:45.305,sell,99.26,0.100742,10.0
2026-09-19 19:12:50.931,sell,99.26,0.435777,43.26
2026-09-19 19:13:04.847,buy,99.23,0.369966,36.71
2026-09-19 19:13:09.170,sell,99.23,1.54811,153.62
2026-09-19 19:13:15.902,sell,99.23,0.558086,55.38
2026-09-19 19:13:33.796,sell,99.23,1.438738,142.77
2026-09-19 19:13:52.864,sell,99.23,0.100775,10.0
2026-09-19 19:13:56.640,sell,99.23,0.359182,35.64
2026-09-19 19:13:58.218,buy,99.23,0.100775,10.0
2026-09-19 19:14:26.770,buy,99.35,0.320793,31.87
2026-09-19 19:14:31.645,buy,99.35,0.100653,10.0
2026-09-19 19:14:53.423,sell,99.35,0.2072,20.59
2026-09-19 19:14:59.704,buy,99.35,0.100653,10.0
2026-09-19 19:14:59.914,buy,99.35,0.191651,19.04
2026-09-19 19:15:03.828,buy,99.33,0.253735,25.2
2026-09-19 19:15:11.064,sell,99.33,0.752062,74.7
2026-09-19 19:15:19.215,buy,99.33,0.118178,11.74
2026-09-19 19:15:23.763,buy,99.33,20.838557,2069.96
2026-09-19 19:15:30.972,buy,99.33,1.418123,140.87
2026-09-19 19:15:53.383,buy,99.33,4.85722,482.48
2026-09-19 19:15:54.995,buy,99.33,1.377845,136.87
2026-09-19 19:15:55.584,sell,99.33,0.521808,51.83
2026-09-19 19:16:00.920,sell,99.22,0.259327,25.73
2026-09-19 19:16:03.917,buy,99.22,4.918716,488.02
2026-09-19 19:16:23.592,buy,99.22,5.90814,586.18
2026-09-19 19:16:29.749,buy,99.22,0.817625,81.12
2026-09-19 19:16:41.012,buy,99.22,2.531271,251.14
2026-09-19 19:16:46.960,buy,99.22,40.60979,4029.15
2026-09-19 19:16:47.259,buy,99.22,0.10079,10.0
2026-09-19 19:16:54.995,buy,99.22,0.391698,38.86
2026-09-19 19:17:00.765,buy,99.18,0.297264,29.48
2026-09-19 19:17:08.111,sell,99.18,0.221368,21.95
2026-09-19 19:17:25.234,buy,99.18,0.106627,10.57
2026-09-19 19:17:45.102,buy,99.18,3.872245,384.04
2026-09-19 19:17:55.314,sell,99.18,0.24515,24.31
2026-09-19 19:18:19.972,sell,99.25,0.27769,27.56
2026-09-19 19:18:27.858,buy,99.25,4.149764,411.88
2026-09-19 19:18:30.828,sell,99.25,0.192959,19.15
2026-09-19 19:18:44.200,sell,99.25,0.134246,13.32
2026-09-19 19:19:04.000,buy,99.28,30.217566,3000.0
2026-09-19 19:19:30.385,buy,99.2,2.797748,277.54
2026-09-19 19:19:38.038,sell,99.2,1.620115,160.72
2026-09-19 19:19:47.782,buy,99.2,0.825425,81.88
2026-09-19 19:19:51.794,buy,99.2,1.682721,166.93
2026-09-19 19:20:14.039,sell,99.29,0.257036,25.52
2026-09-19 19:20:14.836,buy,99.29,1.571295,156.01
2026-09-19 19:20:33.862,buy,99.29,0.332315,33.0
2026-09-19 19:20:46.460,sell,99.29,0.178651,17.74
2026-09-19 19:20:51.839,buy,99.29,0.100716,10.0
2026-09-19 19:21:03.516,sell,99.32,0.137324,13.64
2026-09-19 19:21:24.184,sell,99.32,0.133666,13.28
2026-09-19 19:21:26.194,sell,99.32,1.205938,119.77
2026-09-19 19:21:30.871,buy,99.32,0.100686,10.0
2026-09-19 19:21:33.531,buy,99.32,0.851769,84.6
2026-09-19 19:21:49.495,buy,99.32,1.157271,114.94
2026-09-19 19:21:52.425,buy,99.32,0.100686,10.0
2026-09-19 19:21:58.303,sell,99.32,0.135959,13.5
2026-09-19 19:22:01.246,buy,99.35,2.030498,201.73
2026-09-19 19:22:19.262,sell,99.35,0.623912,61.98
2026-09-19 19:22:20.371,buy,99.35,0.174694,17.36
2026-09-19 19:22:41.959,sell,99.35,0.296575,29.46
2026-09-19 19:22:53.649,sell,99.35,0.530323,52.69
2026-09-19 19:23:08.983,buy,99.33,0.23531,23.37
2026-09-19 19:23:27.875,sell,99.33,0.295618,29.36
2026-09-19 19:23:28.599,sell,99.33,2.07181,205.79
2026-09-19 19:23:29.763,buy,99.33,0.100674,10.0
2026-09-19 19:23:32.051,buy,99.33,0.100674,10.0
2026-09-19 19:23:35.383,sell,99.33,3.342234,331.98
2026-09-19 19:23:37.839,buy,99.33,0.810405,80.5
2026-09-19 19:24:05.216,buy,99.36,0.85509,84.97
2026-09-19 19:24:06.882,sell,99.36,0.805838,80.07
2026-09-19 19:24:43.938,sell,99.36,0.13838,13.75
2026-09-19 19:24:44.982,buy,99.36,0.10064,10.0
2026-09-19 19:24:54.277,sell,99.36,0.192606,19.14
2026-09-19 19:24:58.964,buy,99.36,0.348409,34.62
2026-09-19 19:25:07.026,buy,99.32,0.15832,15.72
2026-09-19 19:25:08.706,sell,99.32,0.100685,10.0
2026-09-19 19:25:13.162,sell,99.32,0.100685,10.0
2026-09-19 19:25:18.864,sell,99.32,0.100685,10.0
2026-09-19 19:25:20.254,sell,99.32,1.913953,190.09
2026-09-19 19:26:03.581,buy,99.4,2.098273,208.57
2026-09-19 19:26:08.217,sell,99.4,0.100602,10.0
2026-09-19 19:26:09.766,sell,99.4,0.71934,71.5
2026-09-19 19:26:30.126,buy,99.4,0.100602,10.0
2026-09-19 19:26:35.138,sell,99.4,0.332301,33.03
2026-09-19 19:26:39.920,buy,99.4,0.738592,73.42
2026-09-19 19:26:44.162,buy,99.4,0.863064,85.79
2026-09-19 19:27:05.488,buy,99.41,3.23894,321.98
2026-09-19 19:27:09.689,sell,99.41,0.100595,10.0
2026-09-19 19:27:49.988,sell,99.41,0.100595,10.0
2026-09-19 19:27:59.027,buy,99.41,0.166672,16.57
2026-09-19 19:28:15.876,sell,99.43,0.281756,28.01
2026-09-19 19:28:29.049,sell,99.43,0.919278,91.4
2026-09-19 19:28:43.019,sell,99.43,0.107634,10.7
2026-09-19 19:28:48.839,buy,99.43,0.152547,15.17
2026-09-19 19:29:01.110,sell,99.46,1.781489,177.19
2026-09-19 19:29:02.969,buy,99.46,0.875245,87.05
2026-09-19 19:29:42.344,sell,99.46,0.277581,27.61
2026-09-19 19:29:50.619,sell,99.46,0.199125,19.81
2026-09-19 19:29:51.894,buy,99.46,2.565143,255.14
2026-09-19 19:29:52.572,buy,99.46,0.439534,43.72
2026-09-19 19:30:13.927,buy,99.48,0.679719,67.62
2026-09-19 19:30:17.256,sell,99.48,0.330395,32.87
2026-09-19 19:30:18.008,buy,99.48,0.100524,10.0
2026-09-19 19:30:18.220,buy,99.48,0.501152,49.85
2026-09-19 19:30:22.155,sell,99.48,0.210048,20.9
2026-09-19 19:30:23.204,sell,99.48,0.100524,10.0
2026-09-19 19:30:42.416,sell,99.48,0.264819,26.34
2026-09-19 19:30:42.954,buy,99.48,1.632989,162.45
2026-09-19 19:31:10.105,buy,99.47,0.100535,10.0
2026-09-19 19:31:35.371,sell,99.47,0.15423,15.34
2026-09-19 19:31:35.596,sell,99.47,0.162806,16.19
2026-09-19 19:31:37.408,buy,99.47,0.156683,15.58
2026-09-19 19:31:38.639,buy,99.47,0.140098,13.94
2026-09-19 19:32:11.397,buy,99.39,3.35529,333.5
2026-09-19 19:32:15.637,sell,99.39,0.538885,53.56
2026-09-19 19:32:44.945,sell,99.39,0.100609,10.0
2026-09-19 19:32:46.075,sell,99.39,0.247171,24.57
2026-09-19 19:32:58.311,sell,99.39,0.201168,20.0
2026-09-19 19:32:59.756,sell,99.39,0.664112,66.01
2026-09-19 19:33:03.853,buy,99.43,0.400072,39.78
2026-09-19 19:33:18.835,buy,99.43,1.601976,159.28
2026-09-19 19:33:29.341,buy,99.43,0.100573,10.0
2026-09-19 19:33:38.451,buy,99.43,4.651731,462.52
2026-09-19 19:33:45.651,sell,99.43,0.194576,19.35
2026-09-19 19:33:46.937,buy,99.43,0.438686,43.62
2026-09-19 19:34:01.742,sell,99.36,0.128901,12.81
2026-09-19 19:34:02.128,sell,99.36,0.10064,10.0
2026-09-19 19:34:12.037,sell,99.36,0.937103,93.11
2026-09-19 19:34:34.542,buy,99.36,0.642564,63.85
2026-09-19 19:34:36.950,sell,99.36,0.116532,11.58
2026-09-19 19:34:39.418,sell,99.36,0.132438,13.16
2026-09-19 19:34:48.425,sell,99.36,4.566157,453.71
2026-09-19 19:34:48.519,buy,99.36,0.220292,21.89
2026-09-19 19:35:01.977,buy,99.33,0.100679,10.0
2026-09-19 19:35:11.272,sell,99.33,0.495961,49.26
2026-09-19 19:35:13.170,buy,99.33,1.875347,186.27
2026-09-19 19:35:15.162,sell,99.33,0.729905,72.5
2026-09-19 19:35:31.587,buy,99.33,1.977258,196.39
2026-09-19 19:35:39.887,sell,99.33,0.136126,13.52
2026-09-19 19:36:02.909,sell,99.35,0.172938,17.18
2026-09-19 19:36:46.685,buy,99.35,0.549914,54.63
2026-09-19 19:36:46.956,buy,99.35,0.100655,10.0
2026-09-19 19:37:01.576,sell,99.38,0.655271,65.12
2026-09-19 19:37:37.572,buy,99.38,1.397427,138.88
2026-09-19 19:37:51.086,buy,99.38,0.275364,27.37
2026-09-19 19:37:58.128,buy,99.38,0.201934,20.07
2026-09-19 19:37:59.907,sell,99.38,0.381352,37.9
2026-09-19 19:38:01.001,sell,99.41,1.35937,135.14
2026-09-19 19:38:03.014,sell,99.41,0.260184,25.87
2026-09-19 19:38:06.037,buy,99.41,0.10059,10.0
2026-09-19 19:38:07.442,sell,99.41,0.154723,15.38
2026-09-19 19:38:21.632,sell,99.41,0.810933,80.62
2026-09-19 19:38:23.710,buy,99.41,4.251824,422.69
2026-09-19 19:38:26.005,sell,99.41,15.02286,1493.47
2026-09-19 19:38:59.128,sell,99.41,0.394471,39.22
2026-09-19 19:39:05.776,buy,99.33,0.10067,10.0
2026-09-19 19:39:20.668,buy,99.33,0.10067,10.0
2026-09-19 19:39:20.951,buy,99.33,0.10067,10.0
2026-09-19 19:39:22.305,sell,99.33,0.10067,10.0
2026-09-19 19:39:25.046,sell,99.33,4.37729,434.82
2026-09-19 19:39:42.455,sell,99.33,1.003925,99.72
2026-09-19 19:40:01.806,sell,99.23,0.100774,10.0
2026-09-19 19:40:06.801,sell,99.23,1.74442,173.1
2026-09-19 19:40:09.628,buy,99.23,1.215472,120.61
2026-09-19 19:40:12.982,sell,99.23,1.620888,160.84
2026-09-19 19:40:32.775,sell,99.23,0.811278,80.5
2026-09-19 19:40:41.177,buy,99.23,26.426061,2622.3
2026-09-19 19:40:52.662,buy,99.23,0.100774,10.0
2026-09-19 19:40:56.022,buy,99.23,0.272288,27.02
2026-09-19 19:41:14.438,buy,99.18,0.544424,54.0
2026-09-19 19:41:19.068,buy,99.18,0.226682,22.48
2026-09-19 19:41:19.772,sell,99.18,0.181011,17.95
2026-09-19 19:41:28.295,sell,99.18,0.596573,59.17
2026-09-19 19:41:30.361,sell,99.18,0.100825,10.0
2026-09-19 19:41:35.485,buy,99.18,0.392132,38.89
2026-09-19 19:41:59.289,buy,99.18,0.100825,10.0
2026-09-19 19:42:02.727,sell,99.19,0.287168,28.48
2026-09-19 19:42:09.320,sell,99.19,0.631402,62.63
2026-09-19 19:42:25.753,buy,99.19,0.20729,20.56
2026-09-19 19:42:42.075,sell,99.19,0.100816,10.0
2026-09-19 19:42:46.045,buy,99.19,0.326306,32.37
2026-09-19 19:42:51.955,sell,99.19,0.173242,17.18
2026-09-19 19:43:08.493,sell,99.24,8.174785,811.28
2026-09-19 19:43:51.831,buy,99.24,0.214518,21.29
2026-09-19 19:43:55.384,buy,99.24,1.112649,110.42
2026-09-19 19:44:14.883,sell,99.28,0.610606,60.62
2026-09-19 19:44:17.526,sell,99.28,0.401511,39.86
2026-09-19 19:44:26.483,sell,99.28,0.256336,25.45
2026-09-19 19:44:32.800,buy,99.28,0.693924,68.89
2026-09-19 19:44:47.009,buy,99.28,0.100724,10.0
2026-09-19 19:44:49.378,sell,99.28,0.129364,12.84
2026-09-19 19:45:01.978,sell,99.36,0.1634,16.24
2026-09-19 19:45:25.955,buy,99.36,2.881628,286.32
2026-09-19 19:45:31.962,sell,99.36,5.545973,551.05
2026-09-19 19:45:34.034,buy,99.36,1.037858,103.12
2026-09-19 19:46:13.795,sell,99.34,0.12564,12.48
2026-09-19 19:46:18.382,buy,99.34,0.100668,10.0
2026-09-19 19:46:43.386,buy,99.34,1.507006,149.7
2026-09-19 19:47:00.151,sell,99.36,0.422012,41.93
2026-09-19 19:47:06.367,buy,99.36,3.123859,310.38
2026-09-19 19:47:11.840,buy,99.36,0.812804,80.76
2026-09-19 19:47:18.557,buy,99.36,0.100648,10.0
2026-09-19 19:47:32.621,sell,99.36,0.165872,16.48
2026-09-19 19:47:38.271,buy,99.36,0.100648,10.0
2026-09-19 19:47:42.273,buy,99.36,0.92002,91.41
2026-09-19 19:48:21.613,buy,99.23,0.100775,10.0
2026-09-19 19:48:37.818,sell,99.23,0.973444,96.6
2026-09-19 19:48:39.675,buy,99.23,0.129695,12.87
2026-09-19 19:48:57.467,sell,99.23,0.100775,10.0
2026-09-19 19:49:01.295,buy,99.2,1.19696,118.74
2026-09-19 19:49:05.495,buy,99.2,14.760363,1464.29
2026-09-19 19:49:17.458,sell,99.2,8.520199,845.24
2026-09-19 19:49:41.856,sell,99.2,0.301739,29.93
2026-09-19 19:50:01.806,sell,99.14,2.027718,201.04
2026-09-19 19:50:01.872,buy,99.14,0.100862,10.0
2026-09-19 19:50:03.945,buy,99.14,1.185673,117.55
2026-09-19 19:50:08.018,sell,99.14,0.100862,10.0
2026-09-19 19:50:16.383,sell,99.14,0.324243,32.15
2026-09-19 19:50:17.708,sell,99.14,0.3052,30.26
2026-09-19 19:50:40.263,sell,99.14,0.824901,81.78
2026-09-19 19:50:51.979,buy,99.14,1.437387,142.51
2026-09-19 19:51:22.574,buy,99.12,0.100887,10.0
2026-09-19 19:51:25.181,sell,99.12,3.269038,324.03
2026-09-19 19:51:34.955,sell,99.12,0.100887,10.0
2026-09-19 19:52:03.748,buy,99.08,0.316603,31.37
2026-09-19 19:52:11.318,sell,99.08,1.041259,103.17
2026-09-19 19:52:24.196,sell,99.08,1.179991,116.92
2026-09-19 19:52:40.731,buy,99.08,0.100926,10.0
2026-09-19 19:52:47.000,sell,99.27,100.735368,10000.0
2026-09-19 19:52:47.970,buy,99.08,0.930967,92.24
2026-09-19 19:53:02.387,sell,99.23,0.471617,46.8
2026-09-19 19:53:12.868,buy,99.23,2.942639,292.01
2026-09-19 19:53:13.005,sell,99.23,0.197423,19.59
2026-09-19 19:53:17.755,sell,99.23,0.842664,83.62
2026-09-19 19:53:41.034,sell,99.23,5.446817,540.51
2026-09-19 19:53:46.472,buy,99.23,10.703378,1062.15
2026-09-19 19:54:01.386,buy,99.24,0.100769,10.0
2026-09-19 19:54:12.470,sell,99.24,0.236124,23.43
2026-09-19 19:54:33.550,buy,99.24,0.100769,10.0
2026-09-19 19:54:42.556,sell,99.24,1.162665,115.38
2026-09-19 19:54:43.584,sell,99.24,0.100769,10.0
2026-09-19 19:55:09.854,buy,99.31,0.388762,38.61
2026-09-19 19:55:10.872,buy,99.31,0.10069,10.0
2026-09-19 19:55:42.224,sell,99.31,3.158362,313.67
2026-09-19 19:55:53.728,buy,99.31,0.159792,15.87
2026-09-19 19:56:04.138,sell,99.31,0.161118,16.0
2026-09-19 19:56:14.550,sell,99.31,0.214244,21.28
2026-09-19 19:56:49.076,sell,99.31,0.500718,49.73
2026-09-19 19:56:51.934,buy,99.31,0.368804,36.63
2026-09-19 19:57:14.297,sell,99.17,0.269668,26.74
2026-09-19 19:57:14.905,sell,99.17,0.100834,10.0
2026-09-19 19:57:25.574,sell,99.17,0.383097,37.99
2026-09-19 19:57:40.526,buy,99.17,1.339073,132.8
2026-09-19 19:57:51.003,buy,99.17,0.205177,20.35
2026-09-19 19:58:00.684,buy,99.16,1.254972,124.44
2026-09-19 19:58:01.015,buy,99.16,2.313364,229.39
2026-09-19 19:58:03.381,sell,99.16,0.570448,56.57
2026-09-19 19:58:30.375,buy,99.16,0.838074,83.1
2026-09-19 19:58:44.869,sell,99.16,0.109667,10.87
2026-09-19 19:58:55.324,sell,99.16,1.49639,148.38
2026-09-19 19:59:01.142,sell,99.17,0.432143,42.85
2026-09-19 19:59:06.519,buy,99.17,0.30742,30.49
2026-09-19 19:59:24.364,sell,99.17,1.086386,107.73
2026-09-19 19:59:25.986,sell,99.17,0.16184,16.05
2026-09-19 19:59:26.165,buy,99.17,0.508116,50.39
2026-09-19 19:59:49.722,sell,99.17,2.840479,281.68
2026-09-19 19:59:54.301,sell,99.17,2.387309,236.74
2026-09-19 20:00:01.170,sell,99.28,2.694023,267.47
2026-09-19 20:00:01.282,sell,99.28,0.174816,17.36
2026-09-19 20:00:08.197,sell,99.28,0.113331,11.25
2026-09-19 20:00:15.854,buy,99.28,1.289704,128.04
2026-09-19 20:00:31.330,sell,99.28,0.500911,49.73
2026-09-19 20:00:39.055,sell,99.28,0.439099,43.59
2026-09-19 20:00:46.214,sell,99.28,0.100724,10.0
2026-09-19 20:00:46.340,buy,99.28,0.775574,77.0
2026-09-19 20:01:01.239,buy,99.29,0.100718,10.0
2026-09-19 20:01:03.008,sell,99.29,0.554442,55.05
2026-09-19 20:01:41.575,buy,99.29,0.854667,84.86
2026-09-19 20:02:02.286,buy,99.21,0.118534,11.76
2026-09-19 20:02:46.227,sell,99.21,6.405465,635.48
2026-09-19 20:02:57.931,buy,99.21,0.222779,22.1
2026-09-19 20:03:08.269,buy,99.21,0.1008,10.0
2026-09-19 20:03:18.684,buy,99.21,0.654596,64.94
2026-09-19 20:03:23.767,sell,99.21,0.961165,95.35
2026-09-19 20:03:48.959,sell,99.21,0.436877,43.34
2026-09-19 20:03:51.202,buy,99.21,0.1008,10.0
2026-09-19 20:03:53.083,buy,99.21,1.822246,180.78
2026-09-19 20:04:25.089,sell,99.26,4.145572,411.49
2026-09-19 20:04:27.225,sell,99.26,0.100745,10.0
2026-09-19 20:04:59.275,sell,99.26,0.100745,10.0
2026-09-19 20:05:08.837,buy,99.22,0.100786,10.0
2026-09-19 20:05:11.898,buy,99.22,0.100786,10.0
2026-09-19 20:05:29.350,buy,99.22,3.412862,338.62
2026-09-19 20:06:04.740,buy,99.27,0.265478,26.35
2026-09-19 20:06:19.809,sell,99.27,0.100739,10.0
2026-09-19 20:06:21.458,sell,99.27,0.245168,24.34
2026-09-19 20:06:41.837,sell,99.27,0.383971,38.12
2026-09-19 20:06:43.452,buy,99.27,0.100739,10.0
2026-09-19 20:07:08.255,buy,99.27,0.100738,10.0
2026-09-19 20:07:23.732,buy,99.27,2.578787,255.99
2026-09-19 20:07:25.847,sell,99.27,0.100738,10.0
2026-09-19 20:07:35.860,sell,99.27,0.28386,28.18
2026-09-19 20:07:46.076,buy,99.27,0.100738,10.0
2026-09-19 20:07:57.497,buy,99.27,0.329982,32.76
2026-09-19 20:08:17.706,sell,99.24,0.342634,34.0
2026-09-19 20:08:30.205,buy,99.24,0.100766,10.0
2026-09-19 20:08:40.631,sell,99.24,0.923107,91.61
2026-09-19 20:08:42.833,buy,99.24,1.698131,168.52
2026-09-19 20:08:42.929,sell,99.24,0.107364,10.65
2026-09-19 20:08:50.534,sell,99.24,0.250566,24.87
2026-09-19 20:09:02.558,buy,99.27,0.594407,59.0
2026-09-19 20:09:18.791,sell,99.27,0.33918,33.67
2026-09-19 20:09:31.605,buy,99.27,0.109101,10.83
2026-09-19 20:09:31.651,buy,99.27,0.445619,44.24
2026-09-19 20:09:38.259,sell,99.27,0.164002,16.28
2026-09-19 20:09:38.933,sell,99.27,0.254828,25.3
2026-09-19 20:09:51.465,buy,99.27,0.100739,10.0
2026-09-19 20:09:54.014,sell,99.27,0.190701,18.93
2026-09-19 20:10:20.373,buy,99.32,6.016758,597.56
2026-09-19 20:10:32.896,sell,99.32,1.119201,111.15
2026-09-19 20:10:33.549,sell,99.32,0.100688,10.0
2026-09-19 20:10:34.118,buy,99.32,3.084927,306.38
2026-09-19 20:10:51.659,sell,99.32,0.68705,68.24
2026-09-19 20:11:00.824,buy,99.26,0.196016,19.46
2026-09-19 20:11:50.582,sell,99.26,0.445735,44.25
2026-09-19 20:11:56.451,buy,99.26,0.291811,28.97
2026-09-19 20:12:12.967,buy,99.2,0.118627,11.77
2026-09-19 20:12:14.034,buy,99.2,0.24322,24.13
2026-09-19 20:12:28.619,buy,99.2,0.35897,35.61
2026-09-19 20:12:41.024,buy,99.2,0.100811,10.0
2026-09-19 20:12:44.125,sell,99.2,0.550797,54.64
2026-09-19 20:13:06.385,buy,99.25,0.100752,10.0
2026-09-19 20:13:08.473,sell,99.25,0.213205,21.16
2026-09-19 20:13:28.155,sell,99.25,1.996125,198.12
2026-09-19 20:13:44.403,buy,99.25,0.259475,25.75
2026-09-19 20:13:59.612,sell,99.25,0.536095,53.21
2026-09-19 20:14:02.402,sell,99.26,0.264653,26.27
2026-09-19 20:14:24.715,buy,99.26,0.820322,81.43
2026-09-19 20:14:40.855,buy,99.26,0.1933,19.19
2026-09-19 20:15:07.361,sell,99.24,0.100769,10.0
2026-09-19 20:15:11.271,sell,99.24,0.100769,10.0
2026-09-19 20:15:16.816,sell,99.24,0.11704,11.61
2026-09-19 20:15:43.667,buy,99.24,1.091819,108.35
2026-09-19 20:16:26.709,buy,99.25,5.317877,527.83
2026-09-19 20:16:30.772,buy,99.25,1.262223,125.28
2026-09-19 20:16:45.568,sell,99.25,0.245169,24.33
2026-09-19 20:16:56.726,buy,99.25,0.197087,19.56
2026-09-19 20:16:58.580,sell,99.25,0.137889,13.69
2026-09-19 20:17:08.972,buy,99.24,0.146047,14.49
2026-09-19 20:17:19.049,sell,99.24,0.100764,10.0
2026-09-19 20:17:38.941,buy,99.24,0.62464,61.99
2026-09-19 20:18:13.327,buy,99.13,0.34881,34.58
2026-09-19 20:18:21.271,buy,99.13,0.746224,73.97
2026-09-19 20:18:39.674,buy,99.13,0.77882,77.2
2026-09-19 20:18:59.698,buy,99.13,1.576845,156.31
2026-09-19 20:19:19.685,buy,99.02,4.909891,486.16
2026-09-19 20:19:29.289,sell,99.02,0.963905,95.44
2026-09-19 20:19:42.472,buy,99.02,0.146396,14.5
2026-09-19 20:20:01.124,sell,98.94,3.534467,349.7
2026-09-19 20:20:46.262,sell,98.94,0.101071,10.0
2026-09-19 20:20:48.622,buy,98.94,0.101071,10.0
2026-09-19 20:21:13.972,sell,99.09,0.201753,19.99
2026-09-19 20:21:20.970,buy,99.09,0.100921,10.0
2026-09-19 20:21:22.374,buy,99.09,8.573073,849.49
2026-09-19 20:21:24.543,sell,99.09,0.856894,84.91
2026-09-19 20:21:26.763,buy,99.09,0.104705,10.38
2026-09-19 20:21:40.277,sell,99.09,0.100921,10.0
2026-09-19 20:21:47.159,buy,99.09,0.929376,92.09
2026-09-19 20:21:54.696,buy,99.09,0.130374,12.92
2026-09-19 20:22:12.939,sell,99.11,0.396962,39.34
2026-09-19 20:22:25.993,buy,99.11,4.94477,490.09
2026-09-19 20:22:35.511,sell,99.11,0.100895,10.0
2026-09-19 20:22:40.772,sell,99.11,0.582359,57.72
2026-09-19 20:22:48.927,buy,99.11,0.100895,10.0
2026-09-19 20:23:01.933,sell,99.14,0.481713,47.76
2026-09-19 20:23:03.282,sell,99.14,0.100865,10.0
2026-09-19 20:23:03.417,sell,99.14,1.182481,117.23
2026-09-19 20:23:15.239,sell,99.14,0.471864,46.78
2026-09-19 20:23:22.290,sell,99.14,0.368124,36.5
2026-09-19 20:23:52.794,buy,99.14,2.811577,278.75
2026-09-19 20:24:03.041,sell,99.19,0.422015,41.86
2026-09-19 20:24:31.646,sell,99.19,0.900114,89.28
2026-09-19 20:24:46.018,sell,99.19,0.121728,12.07
2026-09-19 20:24:57.889,buy,99.19,2.008002,199.16
2026-09-19 20:25:01.035,buy,99.23,0.13242,13.14
2026-09-19 20:25:06.992,buy,99.23,0.151545,15.04
2026-09-19 20:25:24.890,sell,99.23,2.175458,215.88
2026-09-19 20:25:47.510,buy,99.23,0.100771,10.0
2026-09-19 20:26:11.855,sell,99.18,0.308222,30.57
2026-09-19 20:26:12.657,sell,99.18,0.129169,12.81
2026-09-19 20:26:21.071,buy,99.18,0.178197,17.67
2026-09-19 20:26:29.443,sell,99.18,0.531988,52.76
2026-09-19 20:26:55.657,buy,99.18,0.368364,36.53
2026-09-19 20:26:59.444,sell,99.18,0.870962,86.38
2026-09-19 20:27:18.460,buy,99.19,0.517577,51.34
2026-09-19 20:27:22.038,buy,99.19,0.10082,10.0
2026-09-19 20:27:32.366,sell,99.19,0.445137,44.15
2026-09-19 20:27:32.820,sell,99.19,0.10082,10.0
2026-09-19 20:28:00.659,sell,99.35,5.727812,569.07
2026-09-19 20:28:03.698,buy,99.35,0.193538,19.23
2026-09-19 20:28:07.602,sell,99.35,1.647411,163.67
2026-09-19 20:28:11.231,buy,99.35,0.115707,11.5
2026-09-19 20:28:15.565,buy,99.35,16.495979,1638.9
2026-09-19 20:28:17.118,sell,99.35,0.188519,18.73
2026-09-19 20:28:30.822,buy,99.35,1.518042,150.82
2026-09-19 20:28:33.663,sell,99.35,2.596188,257.93
2026-09-19 20:29:03.795,buy,99.36,0.147117,14.62
2026-09-19 20:29:21.212,sell,99.36,0.519108,51.58
2026-09-19 20:29:41.923,sell,99.36,0.100643,10.0
2026-09-19 20:30:07.227,buy,99.36,0.515588,51.23
2026-09-19 20:30:08.915,sell,99.36,0.192267,19.1
2026-09-19 20:30:11.861,buy,99.36,1.603219,159.3
2026-09-19 20:30:12.171,buy,99.36,1.322441,131.4
2026-09-19 20:30:24.149,buy,99.36,0.10064,10.0
2026-09-19 20:31:03.097,buy,99.39,1.019968,101.37
2026-09-19 20:31:06.607,sell,99.39,0.210381,20.91
2026-09-19 20:31:09.298,sell,99.39,0.820941,81.59
2026-09-19 20:31:43.263,buy,99.39,3.480251,345.89
2026-09-19 20:31:49.858,buy,99.39,3.224005,320.42
2026-09-19 20:32:12.522,sell,99.28,1.205704,119.71
2026-09-19 20:32:17.419,sell,99.28,0.10072,10.0
2026-09-19 20:32:29.571,buy,99.28,0.1189,11.81
2026-09-19 20:32:36.306,sell,99.28,0.173115,17.19
2026-09-19 20:32:59.993,buy,99.28,0.180599,17.93
2026-09-19 20:33:13.368,sell,99.27,0.100738,10.0
2026-09-19 20:33:15.674,buy,99.27,2.631339,261.21
2026-09-19 20:33:25.362,buy,99.27,0.127329,12.64
2026-09-19 20:33:25.601,sell,99.27,3.622607,359.61
2026-09-19 20:33:47.168,sell,99.27,0.155551,15.44
2026-09-19 20:34:08.630,sell,99.29,0.948684,94.19
2026-09-19 20:34:13.149,sell,99.29,0.100717,10.0
2026-09-19 20:34:51.232,sell,99.29,0.519562,51.59
2026-09-19 20:34:53.746,buy,99.29,0.100717,10.0
2026-09-19 20:35:01.207,sell,99.33,0.100677,10.0
2026-09-19 20:35:18.020,sell,99.33,0.100677,10.0
2026-09-19 20:35:29.058,sell,99.33,0.549566,54.59
2026-09-19 20:35:41.929,sell,99.33,1.295741,128.7
2026-09-19 20:35:59.500,buy,99.33,0.28088,27.9
2026-09-19 20:36:14.761,sell,99.26,0.10075,10.0
2026-09-19 20:36:21.957,buy,99.26,0.800851,79.49
2026-09-19 20:36:22.282,sell,99.26,0.10075,10.0
2026-09-19 20:36:38.895,buy,99.26,0.962018,95.49
2026-09-19 20:36:43.797,sell,99.26,0.383927,38.11
2026-09-19 20:36:45.963,sell,99.26,0.10075,10.0
2026-09-19 20:36:50.539,buy,99.26,1.606694,159.47
2026-09-19 20:37:04.295,buy,99.26,0.249064,24.72
2026-09-19 20:37:10.046,buy,99.26,0.100747,10.0
2026-09-19 20:37:25.171,sell,99.26,0.311772,30.95
2026-09-19 20:37:27.514,buy,99.26,0.100747,10.0
2026-09-19 20:37:31.194,sell,99.26,0.100747,10.0
2026-09-19 20:37:52.119,buy,99.26,0.100747,10.0
2026-09-19 20:38:05.085,sell,99.34,0.100668,10.0
2026-09-19 20:38:06.494,buy,99.34,10.709848,1063.87
2026-09-19 20:38:32.839,buy,99.34,0.100668,10.0
2026-09-19 20:38:35.731,buy,99.34,0.389315,38.67
2026-09-19 20:38:39.963,buy,99.34,0.100668,10.0
2026-09-19 20:39:03.819,buy,99.3,0.69362,68.88
2026-09-19 20:39:04.736,sell,99.3,0.294212,29.22
2026-09-19 20:39:15.198,sell,99.3,0.100702,10.0
2026-09-19 20:39:27.697,sell,99.3,0.5122,50.86
2026-09-19 20:39:38.682,buy,99.3,1.916087,190.27
2026-09-19 20:40:05.209,sell,99.35,6.902654,685.78
2026-09-19 20:40:18.570,buy,99.35,1.989117,197.62
2026-09-19 20:40:28.468,buy,99.35,0.231124,22.96
2026-09-19 20:40:47.283,buy,99.35,1.922523,191.0
2026-09-19 20:40:47.962,sell,99.35,1.626638,161.61
2026-09-19 20:41:05.223,sell,99.36,0.100645,10.0
2026-09-19 20:41:14.561,buy,99.36,0.629373,62.53
2026-09-19 20:41:16.670,sell,99.36,0.317241,31.52
2026-09-19 20:41:18.328,buy,99.36,0.100645,10.0
2026-09-19 20:41:33.620,buy,99.36,0.636656,63.26
2026-09-19 20:41:47.382,buy,99.36,0.862863,85.73
2026-09-19 20:41:54.933,sell,99.36,1.164042,115.66
2026-09-19 20:42:00.075,buy,99.43,0.197774,19.66
2026-09-19 20:42:03.031,sell,99.43,1.612808,160.36
2026-09-19 20:42:04.752,buy,99.43,0.100576,10.0
2026-09-19 20:42:17.036,buy,99.43,0.126583,12.59
2026-09-19 20:42:23.401,sell,99.43,0.163703,16.28
2026-09-19 20:42:27.707,buy,99.43,0.100576,10.0
2026-09-19 20:42:28.915,sell,99.43,0.100576,10.0
2026-09-19 20:42:39.635,sell,99.43,0.325422,32.36
2026-09-19 20:43:04.845,sell,99.5,0.100505,10.0
2026-09-19 20:43:13.000,buy,99.43,10.057327,1000.0
2026-09-19 20:43:20.961,sell,99.5,1.664722,165.64
2026-09-19 20:43:26.090,buy,99.5,4.256261,423.49
2026-09-19 20:43:29.404,sell,99.5,1.320758,131.41
2026-09-19 20:43:29.982,buy,99.5,2.196156,218.51
2026-09-19 20:43:36.280,sell,99.5,0.932586,92.79
2026-09-19 20:43:43.496,sell,99.5,0.823925,81.98
2026-09-19 20:43:47.111,sell,99.5,0.66602,66.27
2026-09-19 20:44:01.200,sell,99.5,0.100504,10.0
2026-09-19 20:44:01.342,buy,99.5,0.110935,11.04
2026-09-19 20:44:06.736,buy,99.5,0.834313,83.01
2026-09-19 20:44:10.414,buy,99.5,0.347868,34.61
2026-09-19 20:44:47.023,buy,99.5,0.190061,18.91
2026-09-19 20:45:03.899,buy,99.48,1.218785,121.24
2026-09-19 20:45:13.056,buy,99.48,2.219333,220.78
2026-09-19 20:45:38.839,sell,99.48,0.127564,12.69
2026-09-19 20:45:58.536,buy,99.48,0.604541,60.14
2026-09-19 20:46:02.475,buy,99.47,0.10053,10.0
2026-09-19 20:46:13.361,buy,99.47,0.320857,31.92
2026-09-19 20:46:19.940,sell,99.47,0.10053,10.0
2026-09-19 20:46:21.795,sell,99.47,0.241741,24.05
2026-09-19 20:46:27.167,buy,99.47,0.953994,94.9
2026-09-19 20:46:36.288,buy,99.47,0.117713,11.71
2026-09-19 20:46:56.323,sell,99.47,0.152503,15.17
2026-09-19 20:47:01.113,buy,99.5,0.1005,10.0
2026-09-19 20:47:01.927,buy,99.5,0.244234,24.3
2026-09-19 20:47:27.668,sell,99.5,0.122475,12.19
2026-09-19 20:47:37.969,sell,99.5,0.118684,11.81
2026-09-19 20:47:38.705,buy,99.5,11.743081,1168.47
2026-09-19 20:48:08.880,sell,99.54,0.100459,10.0
2026-09-19 20:48:18.000,sell,99.27,10.073537,1000.0
2026-09-19 20:48:23.264,sell,99.54,0.749928,74.65
2026-09-19 20:48:26.858,buy,99.54,0.144,14.33
2026-09-19 20:49:04.186,buy,99.57,1.761301,175.37
2026-09-19 20:49:25.817,buy,99.57,0.138272,13.77
2026-09-19 20:49:27.223,buy,99.57,0.411552,40.98
2026-09-19 20:49:31.732,sell,99.57,4.19131,417.32
2026-09-19 20:49:32.101,buy,99.57,0.692236,68.93
2026-09-19 20:49:42.680,buy,99.57,3.805649,378.92
2026-09-19 20:49:43.344,buy,99.57,0.639009,63.63
2026-09-19 20:49:51.238,sell,99.57,0.355367,35.38
2026-09-19 20:50:05.038,sell,99.49,0.183754,18.28
2026-09-19 20:50:12.721,sell,99.49,0.101708,10.12
2026-09-19 20:50:22.167,sell,99.49,0.459455,45.71
2026-09-19 20:50:25.353,sell,99.49,0.123441,12.28
2026-09-19 20:50:34.551,buy,99.49,0.108947,10.84
2026-09-19 20:50:44.744,buy,99.49,2.357098,234.51
2026-09-19 20:50:58.013,sell,99.49,0.117174,11.66
2026-09-19 20:51:03.446,sell,99.5,0.279065,27.77
2026-09-19 20:51:36.607,sell,99.5,0.100499,10.0
2026-09-19 20:51:43.948,sell,99.5,0.372804,37.1
2026-09-19 20:51:53.086,buy,99.5,0.214756,21.37
2026-09-19 20:51:53.750,buy,99.5,0.100499,10.0
2026-09-19 20:52:03.047,sell,99.53,0.909328,90.5
2026-09-19 20:52:40.019,sell,99.53,1.605903,159.83
2026-09-19 20:52:52.700,buy,99.53,0.348146,34.65
2026-09-19 20:52:58.575,buy,99.53,0.155166,15.44
2026-09-19 20:53:17.812,buy,99.49,3.824359,380.49
2026-09-19 20:53:29.321,buy,99.49,0.100511,10.0
2026-09-19 20:53:29.488,sell,99.49,1.23401,122.77
2026-09-19 20:53:29.881,buy,99.49,0.100511,10.0
2026-09-19 20:53:32.964,sell,99.49,0.90457,90.0
2026-09-19 20:53:51.635,buy,99.49,0.593444,59.04
2026-09-19 20:53:59.531,sell,99.49,0.292267,29.08
2026-09-19 20:54:01.804,sell,99.52,0.10048,10.0
2026-09-19 20:54:05.925,buy,99.52,6.427908,639.72
2026-09-19 20:54:15.612,sell,99.52,0.166345,16.56
2026-09-19 20:54:24.300,buy,99.52,0.14043,13.98
2026-09-19 20:54:39.815,buy,99.52,0.10048,10.0
2026-09-19 20:54:43.275,sell,99.52,0.417055,41.51
2026-09-19 20:54:44.650,buy,99.52,0.296982,29.56
2026-09-19 20:55:02.727,sell,99.63,0.100368,10.0
2026-09-19 20:55:08.040,sell,99.63,0.105204,10.48
2026-09-19 20:55:27.959,buy,99.63,0.100368,10.0
2026-09-19 20:55:33.346,buy,99.63,0.570396,56.83
2026-09-19 20:55:33.538,buy,99.63,1.956403,194.92
2026-09-19 20:55:34.000,buy,99.42,30.175015,3000.0
2026-09-19 20:55:46.220,sell,99.63,0.278957,27.79
2026-09-19 20:56:08.225,sell,99.68,0.100325,10.0
2026-09-19 20:56:12.833,sell,99.68,2.098109,209.13
2026-09-19 20:56:24.327,sell,99.68,0.100325,10.0
2026-09-19 20:56:38.710,sell,99.68,0.151402,15.09
2026-09-19 20:56:53.254,sell,99.68,0.100325,10.0
2026-09-19 20:57:02.596,sell,99.69,0.100312,10.0
2026-09-19 20:57:12.990,sell,99.69,0.240147,23.94
2026-09-19 20:57:20.865,sell,99.69,1.301756,129.77
2026-09-19 20:57:26.359,sell,99.69,1.055876,105.26
2026-09-19 20:57:35.306,buy,99.69,0.100312,10.0
2026-09-19 20:57:35.527,sell,99.69,1.785084,177.95
2026-09-19 20:57:53.071,sell,99.69,0.790768,78.83
2026-09-19 20:58:09.466,sell,99.78,0.100218,10.0
2026-09-19 20:58:13.279,sell,99.78,2.028899,202.45
2026-09-19 20:58:18.856,buy,99.78,0.30686,30.62
2026-09-19 20:58:28.350,sell,99.78,0.704506,70.3
2026-09-19 20:58:38.143,buy,99.78,0.100218,10.0
2026-09-19 20:58:45.066,sell,99.78,0.100218,10.0
2026-09-19 20:59:02.754,sell,99.76,0.564924,56.36
2026-09-19 20:59:18.335,buy,99.76,2.77175,276.51
2026-09-19 20:59:33.979,sell,99.76,0.10024,10.0
2026-09-19 20:59:43.685,sell,99.76,1.039811,103.73
2026-09-19 20:59:47.291,buy,99.76,1.476765,147.32
2026-09-19 20:59:52.691,buy,99.76,0.508399,50.72
2026-09-19 20:59:54.737,buy,99.76,0.164458,16.41
2026-09-19 21:00:17.143,buy,99.78,0.164903,16.45
2026-09-19 21:00:28.229,buy,99.78,0.100225,10.0
2026-09-19 21:00:46.295,buy,99.78,0.14478,14.45
2026-09-19 21:01:04.281,buy,99.68,0.143749,14.33
2026-09-19 21:01:15.690,sell,99.68,0.654322,65.22
2026-09-19 21:01:26.624,sell,99.68,0.529148,52.75
2026-09-19 21:01:47.202,buy,99.68,1.235057,123.11
2026-09-19 21:01:48.016,sell,99.68,11.277322,1124.14
2026-09-19 21:01:50.585,buy,99.68,0.100319,10.0
2026-09-19 21:01:58.261,buy,99.68,0.277967,27.71
2026-09-19 21:02:16.393,sell,99.73,0.18214,18.16
2026-09-19 21:02:34.981,buy,99.73,0.100274,10.0
2026-09-19 21:02:48.981,buy,99.73,0.152124,15.17
2026-09-19 21:03:16.918,sell,99.74,0.133737,13.34
2026-09-19 21:03:32.280,sell,99.74,0.100258,10.0
2026-09-19 21:03:40.438,buy,99.74,0.100258,10.0
2026-09-19 21:03:45.709,sell,99.74,2.184237,217.86
2026-09-19 21:03:51.402,buy,99.74,1.474005,147.02
2026-09-19 21:04:02.639,buy,99.69,1.043835,104.06
2026-09-19 21:04:09.478,buy,99.69,0.870374,86.76
2026-09-19 21:04:13.328,sell,99.69,0.100314,10.0
2026-09-19 21:04:26.547,sell,99.69,0.335882,33.48
2026-09-19 21:04:45.898,sell,99.69,0.100314,10.0
2026-09-19 21:04:54.065,sell,99.69,0.532595,53.09
2026-09-19 21:04:55.881,buy,99.69,0.539008,53.73
2026-09-19 21:04:58.042,sell,99.69,3.079354,306.97
2026-09-19 21:05:11.304,buy,99.73,0.109458,10.92
2026-09-19 21:05:25.957,buy,99.73,1.038274,103.54
2026-09-19 21:05:29.933,sell,99.73,0.879496,87.71
2026-09-19 21:05:33.066,sell,99.73,0.20041,19.99
2026-09-19 21:05:43.813,buy,99.73,0.603052,60.14
2026-09-19 21:06:06.987,buy,99.8,0.309025,30.84
2026-09-19 21:06:08.617,buy,99.8,0.100204,10.0
2026-09-19 21:06:08.644,sell,99.8,0.100204,10.0
2026-09-19 21:06:37.227,buy,99.8,0.960699,95.87
2026-09-19 21:06:49.005,sell,99.8,0.244813,24.43
2026-09-19 21:06:52.508,buy,99.8,0.553247,55.21
2026-09-19 21:07:01.547,sell,99.76,0.570812,56.95
2026-09-19 21:07:40.412,sell,99.76,0.132076,13.18
2026-09-19 21:07:41.379,buy,99.76,0.100238,10.0
2026-09-19 21:07:45.280,buy,99.76,0.411532,41.06
2026-09-19 21:07:52.425,buy,99.76,0.236586,23.6
2026-09-19 21:07:53.260,buy,99.76,0.484579,48.34
2026-09-19 21:07:53.850,buy,99.76,0.236253,23.57
2026-09-19 21:07:54.978,sell,99.76,2.752637,274.61
2026-09-19 21:08:02.321,sell,99.65,0.100351,10.0
2026-09-19 21:08:05.393,buy,99.65,0.477341,47.57
2026-09-19 21:08:09.706,buy,99.65,0.611578,60.94
2026-09-19 21:08:20.482,buy,99.65,0.313317,31.22
2026-09-19 21:08:31.996,buy,99.65,0.100351,10.0
2026-09-19 21:08:52.871,sell,99.65,0.100351,10.0
2026-09-19 21:08:57.809,buy,99.65,0.100351,10.0
2026-09-19 21:09:01.637,buy,99.63,0.100374,10.0
2026-09-19 21:09:10.136,buy,99.63,0.100374,10.0
2026-09-19 21:09:11.085,sell,99.63,0.392513,39.11
2026-09-19 21:09:14.319,buy,99.63,10.247577,1020.94
2026-09-19 21:09:53.092,buy,99.63,0.267822,26.68
2026-09-19 21:09:53.278,buy,99.63,1.654969,164.88
2026-09-19 21:09:53.798,sell,99.63,1.531685,152.6
2026-09-19 21:09:58.695,buy,99.63,1.255446,125.08
2026-09-19 21:10:07.515,buy,99.74,5.563026,554.86
2026-09-19 21:10:22.930,sell,99.74,0.346291,34.54
2026-09-19 21:10:28.800,sell,99.74,0.156368,15.6
2026-09-19 21:10:29.430,buy,99.74,0.195021,19.45
2026-09-19 21:11:18.496,buy,99.74,2.03518,202.98
2026-09-19 21:11:21.287,buy,99.74,0.883704,88.14
2026-09-19 21:11:28.797,sell,99.74,0.342367,34.15
2026-09-19 21:11:31.971,buy,99.74,2.291612,228.56
2026-09-19 21:11:58.206,sell,99.74,0.174157,17.37
2026-09-19 21:12:00.573,sell,99.69,0.302219,30.13
2026-09-19 21:12:34.784,sell,99.69,0.100306,10.0
2026-09-19 21:12:40.929,sell,99.69,0.100306,10.0
2026-09-19 21:13:06.040,buy,99.64,0.532701,53.08
2026-09-19 21:13:09.343,buy,99.64,0.100358,10.0
2026-09-19 21:13:11.662,sell,99.64,0.153944,15.34
2026-09-19 21:13:40.869,sell,99.64,2.58424,257.5
2026-09-19 21:13:52.802,sell,99.64,3.675531,366.24
2026-09-19 21:13:55.472,buy,99.64,0.100358,10.0
2026-09-19 21:13:57.959,sell,99.64,0.100358,10.0
2026-09-19 21:13:59.122,buy,99.64,0.142607,14.21
2026-09-19 21:14:00.390,sell,99.66,0.19975,19.91
2026-09-19 21:14:05.685,sell,99.66,0.241277,24.05
2026-09-19 21:14:09.727,sell,99.66,0.723939,72.15
2026-09-19 21:14:11.927,buy,99.66,41.522025,4138.25
2026-09-19 21:14:13.552,sell,99.66,1.724639,171.88
2026-09-19 21:14:22.693,sell,99.66,0.267102,26.62
2026-09-19 21:14:47.190,buy,99.66,0.772789,77.02
2026-09-19 21:14:48.165,sell,99.66,0.794556,79.19
2026-09-19 21:15:00.731,sell,99.66,0.285725,28.48
2026-09-19 21:15:11.588,sell,99.66,0.98848,98.51
2026-09-19 21:15:24.839,buy,99.66,0.10034,10.0
2026-09-19 21:15:34.076,buy,99.66,1.302077,129.77
2026-09-19 21:15:38.311,sell,99.66,0.36543,36.42
2026-09-19 21:15:39.672,buy,99.66,0.315769,31.47
2026-09-19 21:16:19.201,sell,99.71,1.433361,142.92
2026-09-19 21:16:30.882,sell,99.71,0.341501,34.05
2026-09-19 21:16:40.941,sell,99.71,0.14244,14.2
2026-09-19 21:16:46.221,sell,99.71,0.100294,10.0
2026-09-19 21:16:47.134,sell,99.71,0.104908,10.46
2026-09-19 21:16:55.671,buy,99.71,1.635475,163.07
2026-09-19 21:17:35.618,sell,99.62,0.100381,10.0
2026-09-19 21:17:46.777,buy,99.62,0.801815,79.88
2026-09-19 21:17:53.039,sell,99.62,0.317678,31.65
2026-09-19 21:17:54.195,buy,99.62,0.100381,10.0
2026-09-19 21:18:04.337,sell,99.54,0.100465,10.0
2026-09-19 21:18:38.240,sell,99.54,0.294264,29.29
2026-09-19 21:18:40.586,sell,99.54,0.100465,10.0
2026-09-19 21:18:51.164,buy,99.54,4.686979,466.53
2026-09-19 21:19:06.938,buy,99.49,0.100517,10.0
2026-09-19 21:19:19.860,sell,99.49,0.100517,10.0
2026-09-19 21:19:21.020,buy,99.49,0.323272,32.16
2026-09-19 21:19:27.973,buy,99.49,0.100517,10.0
2026-09-19 21:19:32.502,buy,99.49,0.385768,38.38
2026-09-19 21:20:21.543,buy,99.53,0.100472,10.0
2026-09-19 21:20:25.316,sell,99.53,0.233901,23.28
2026-09-19 21:20:42.003,buy,99.53,3.517074,350.05
2026-09-19 21:20:58.373,buy,99.53,7.114542,708.11
2026-09-19 21:20:58.858,buy,99.53,0.100472,10.0
2026-09-19 21:21:18.414,buy,99.53,0.10047,10.0
2026-09-19 21:21:52.893,sell,99.53,0.144892,14.42
2026-09-19 21:21:58.262,buy,99.53,2.55974,254.78
2026-09-19 21:22:29.533,buy,99.59,0.464518,46.26
2026-09-19 21:22:33.032,buy,99.59,0.569526,56.72
2026-09-19 21:22:47.976,buy,99.59,0.100408,10.0
2026-09-19 21:22:50.639,sell,99.59,2.622079,261.14
2026-09-19 21:22:52.647,sell,99.59,2.574827,256.44
2026-09-19 21:22:54.473,buy,99.59,0.12471,12.42
2026-09-19 21:22:56.184,sell,99.59,0.100408,10.0
2026-09-19 21:23:02.461,sell,99.61,0.25529,25.43
2026-09-19 21:23:07.924,buy,99.61,0.127791,12.73
2026-09-19 21:23:19.501,sell,99.61,0.510741,50.87
2026-09-19 21:23:33.466,buy,99.61,6.386313,636.13
2026-09-19 21:23:48.923,buy,99.61,0.174228,17.35
2026-09-19 21:23:53.722,buy,99.61,0.980272,97.64
2026-09-19 21:24:06.600,sell,99.57,0.997317,99.31
2026-09-19 21:24:10.769,sell,99.57,0.427193,42.54
2026-09-19 21:24:18.805,buy,99.57,3.575496,356.03
2026-09-19 21:24:21.524,buy,99.57,0.394529,39.28
2026-09-19 21:24:26.677,sell,99.57,0.293241,29.2
2026-09-19 21:24:40.516,sell,99.57,0.458112,45.62
2026-09-19 21:24:55.700,buy,99.57,0.387653,38.6
2026-09-19 21:24:59.238,sell,99.57,0.100428,10.0
2026-09-19 21:25:05.116,buy,99.5,0.165684,16.48
2026-09-19 21:25:28.745,sell,99.5,0.100506,10.0
2026-09-19 21:25:29.928,buy,99.5,0.143011,14.23
2026-09-19 21:25:35.840,sell,99.5,0.100506,10.0
2026-09-19 21:25:38.308,sell,99.5,1.289498,128.3
2026-09-19 21:25:41.154,buy,99.5,0.779028,77.51
2026-09-19 21:25:58.966,buy,99.5,6.234601,620.32
2026-09-19 21:26:11.295,sell,99.54,0.540575,53.81
2026-09-19 21:26:16.269,buy,99.54,0.100463,10.0
2026-09-19 21:26:30.001,sell,99.54,2.654825,264.26
2026-09-19 21:26:30.078,sell,99.54,1.367449,136.11
2026-09-19 21:26:32.283,buy,99.54,0.100463,10.0
2026-09-19 21:26:38.985,sell,99.54,0.27347,27.22
2026-09-19 21:26:42.406,buy,99.54,0.19434,19.34
2026-09-19 21:26:51.583,buy,99.54,0.100463,10.0
2026-09-19 21:27:07.614,sell,99.48,0.536766,53.4
2026-09-19 21:27:41.593,sell,99.48,0.568737,56.58
2026-09-19 21:27:56.877,sell,99.48,0.176614,17.57
2026-09-19 21:28:04.733,sell,99.54,0.996295,99.17
2026-09-19 21:28:29.317,buy,99.54,0.780832,77.73
2026-09-19 21:28:40.341,buy,99.54,0.27399,27.27
2026-09-19 21:28:43.576,buy,99.54,0.100461,10.0
2026-09-19 21:28:52.939,sell,99.54,0.656148,65.31
2026-09-19 21:28:55.130,buy,99.54,0.694106,69.09
2026-09-19 21:28:57.203,buy,99.54,0.100461,10.0
2026-09-19 21:29:02.292,buy,99.52,0.188262,18.74
2026-09-19 21:29:16.014,sell,99.52,0.100479,10.0
2026-09-19 21:29:20.490,sell,99.52,0.985765,98.11
2026-09-19 21:29:33.225,buy,99.52,0.100479,10.0
2026-09-19 21:29:58.225,buy,99.52,0.259402,25.82
2026-09-19 21:30:42.244,sell,99.51,2.261608,225.05
2026-09-19 21:30:55.099,buy,99.51,0.297881,29.64
2026-09-19 21:30:57.352,sell,99.51,0.100492,10.0
2026-09-19 21:31:07.413,sell,99.46,0.114683,11.41
2026-09-19 21:31:10.644,sell,99.46,0.323932,32.22
2026-09-19 21:31:18.055,buy,99.46,0.585886,58.27
2026-09-19 21:31:22.317,sell,99.46,3.361774,334.36
2026-09-19 21:31:26.234,sell,99.46,0.183639,18.26
2026-09-19 21:31:28.692,sell,99.46,0.100545,10.0
2026-09-19 21:31:52.493,sell,99.46,1.209372,120.28
2026-09-19 21:32:08.677,buy,99.49,0.100517,10.0
2026-09-19 21:32:15.448,buy,99.49,0.17025,16.94
2026-09-19 21:32:16.557,buy,99.49,5.6928,566.35
2026-09-19 21:32:29.058,buy,99.49,0.467572,46.52
2026-09-19 21:32:34.014,sell,99.49,0.100517,10.0
2026-09-19 21:32:37.608,buy,99.49,0.117174,11.66
2026-09-19 21:32:37.912,buy,99.49,0.263588,26.22
2026-09-19 21:32:52.684,buy,99.49,0.100517,10.0
2026-09-19 21:33:22.077,buy,99.5,0.111466,11.09
2026-09-19 21:33:22.289,sell,99.5,0.1005,10.0
2026-09-19 21:33:32.842,sell,99.5,0.351861,35.01
2026-09-19 21:33:52.977,buy,99.5,0.1005,10.0
2026-09-19 21:33:54.673,sell,99.5,0.1005,10.0
2026-09-19 21:34:02.905,buy,99.53,0.10047,10.0
2026-09-19 21:34:34.788,buy,99.53,1.916735,190.78
2026-09-19 21:34:39.814,buy,99.53,8.03403,799.64
2026-09-19 21:34:40.113,sell,99.53,0.584962,58.22
2026-09-19 21:34:43.850,buy,99.53,0.260929,25.97
2026-09-19 21:35:13.040,sell,99.54,0.11278,11.23
2026-09-19 21:35:30.597,sell,99.54,0.100457,10.0
2026-09-19 21:35:38.031,sell,99.54,0.100457,10.0
2026-09-19 21:35:54.911,sell,99.54,0.100457,10.0
2026-09-19 21:36:01.909,sell,99.66,0.100344,10.0
2026-09-19 21:36:09.155,buy,99.66,0.122881,12.25
2026-09-19 21:36:42.962,buy,99.66,0.460477,45.89
2026-09-19 21:37:07.159,buy,99.65,0.100347,10.0
2026-09-19 21:37:22.524,buy,99.65,1.799325,179.31
2026-09-19 21:37:25.915,sell,99.65,0.713484,71.1
2026-09-19 21:37:38.070,buy,99.65,0.107072,10.67
2026-09-19 21:37:47.000,buy,99.11,100.897992,10000.0
2026-09-19 21:38:03.851,sell,99.61,1.728089,172.14
2026-09-19 21:38:13.787,buy,99.61,1.844903,183.77
2026-09-19 21:38:15.898,sell,99.61,0.10039,10.0
2026-09-19 21:38:42.287,sell,99.61,0.403059,40.15
2026-09-19 21:38:44.994,sell,99.61,0.13212,13.16
2026-09-19 21:39:02.209,buy,99.58,0.100418,10.0
2026-09-19 21:39:14.916,buy,99.58,0.657382,65.46
2026-09-19 21:39:19.147,sell,99.58,0.680592,67.78
2026-09-19 21:39:19.969,buy,99.58,0.100418,10.0
2026-09-19 21:39:44.377,buy,99.58,0.515043,51.29
2026-09-19 21:39:51.261,sell,99.58,0.619185,61.66
2026-09-19 21:39:59.303,sell,99.58,0.566539,56.42
2026-09-19 21:40:01.779,buy,99.48,1.223286,121.7
2026-09-19 21:40:17.493,sell,99.48,1.615172,160.68
2026-09-19 21:40:46.681,buy,99.48,0.13686,13.62
2026-09-19 21:40:54.876,sell,99.48,0.509981,50.74
2026-09-19 21:41:01.194,buy,99.61,2.215915,220.74
2026-09-19 21:41:04.255,sell,99.61,0.953985,95.03
2026-09-19 21:41:16.738,sell,99.61,0.607022,60.47
2026-09-19 21:41:21.101,sell,99.61,0.409345,40.78
2026-09-19 21:41:47.358,buy,99.61,0.827846,82.46
2026-09-19 21:41:49.282,sell,99.61,1.388297,138.29
2026-09-19 21:41:56.921,sell,99.61,14.352376,1429.7
2026-09-19 21:41:57.453,buy,99.61,8.78822,875.43
2026-09-19 21:42:14.044,buy,99.62,0.100386,10.0
2026-09-19 21:42:23.425,buy,99.62,0.205442,20.47
2026-09-19 21:42:30.673,sell,99.62,11.254731,1121.14
2026-09-19 21:42:42.516,sell,99.62,0.100386,10.0
2026-09-19 21:43:18.772,sell,99.48,2.025758,201.51
2026-09-19 21:43:34.440,buy,99.48,0.100527,10.0
2026-09-19 21:43:35.243,sell,99.48,4.636992,461.27
2026-09-19 21:43:40.642,sell,99.48,0.142622,14.19
2026-09-19 21:43:43.653,buy,99.48,0.125557,12.49
2026-09-19 21:43:58.290,buy,99.48,2.997647,298.19
2026-09-19 21:43:59.231,sell,99.48,1.272054,126.54
2026-09-19 21:44:07.953,buy,99.43,8.308199,826.07
2026-09-19 21:44:20.368,sell,99.43,0.167284,16.63
2026-09-19 21:44:25.259,buy,99.43,0.102581,10.2
2026-09-19 21:44:33.046,sell,99.43,9.577999,952.33
2026-09-19 21:44:45.174,sell,99.43,2.404493,239.08
2026-09-19 21:45:11.258,sell,99.47,0.152062,15.13
2026-09-19 21:45:17.720,sell,99.47,0.630773,62.74
2026-09-19 21:45:21.502,sell,99.47,0.394767,39.27
2026-09-19 21:45:28.458,sell,99.47,0.346941,34.51
2026-09-19 21:46:05.286,buy,99.44,0.100561,10.0
2026-09-19 21:46:23.030,buy,99.44,0.114179,11.35
2026-09-19 21:46:33.276,sell,99.44,0.100561,10.0
2026-09-19 21:46:36.559,buy,99.44,2.596446,258.2
2026-09-19 21:46:43.913,sell,99.44,0.822989,81.84
2026-09-19 21:46:50.032,sell,99.44,0.164038,16.31
2026-09-19 21:46:58.750,sell,99.44,0.105735,10.51
2026-09-19 21:47:04.417,buy,99.43,0.100569,10.0
2026-09-19 21:47:08.828,sell,99.43,0.100569,10.0
2026-09-19 21:47:11.212,sell,99.43,1.418517,141.05
2026-09-19 21:47:13.415,sell,99.43,0.39661,39.44
2026-09-19 21:48:19.482,sell,99.41,0.100591,10.0
2026-09-19 21:48:22.482,sell,99.41,0.246304,24.49
2026-09-19 21:48:37.286,sell,99.41,1.068234,106.2
2026-09-19 21:48:42.022,buy,99.41,0.100591,10.0
2026-09-19 21:49:01.412,sell,99.44,0.100561,10.0
2026-09-19 21:49:09.632,sell,99.44,0.106606,10.6
2026-09-19 21:49:28.780,buy,99.44,0.100561,10.0
2026-09-19 21:49:59.605,buy,99.44,1.910127,189.95
2026-09-19 21:50:04.441,sell,99.28,21.445489,2129.09
2026-09-19 21:50:04.962,sell,99.28,4.285959,425.51
2026-09-19 21:50:52.086,sell,99.28,0.49841,49.48
2026-09-19 21:51:12.638,sell,99.26,12.862201,1276.73
2026-09-19 21:51:18.668,buy,99.26,0.20594,20.44
2026-09-19 21:51:37.318,buy,99.26,1.327443,131.76
2026-09-19 21:51:37.961,buy,99.26,0.431343,42.82
2026-09-19 21:51:44.963,sell,99.26,0.876919,87.04
2026-09-19 21:51:45.482,sell,99.26,0.423228,42.01
2026-09-19 21:51:56.358,sell,99.26,6.850978,680.04
2026-09-19 21:52:23.002,sell,99.34,0.100665,10.0
2026-09-19 21:52:27.155,sell,99.34,0.374861,37.24
2026-09-19 21:52:32.844,buy,99.34,0.100665,10.0
2026-09-19 21:52:35.236,buy,99.34,1.280057,127.16
2026-09-19 21:53:06.661,sell,99.29,19.077878,1894.25
2026-09-19 21:53:07.781,buy,99.29,0.100714,10.0
2026-09-19 21:53:10.551,sell,99.29,1.266977,125.8
2026-09-19 21:53:34.515,buy,99.29,0.100714,10.0
2026-09-19 21:53:41.837,buy,99.29,3.039456,301.79
2026-09-19 21:53:42.844,sell,99.29,0.805718,80.0
2026-09-19 21:53:58.000,buy,99.29,0.534522,53.07
2026-09-19 21:54:01.687,sell,99.4,0.597746,59.41
2026-09-19 21:54:09.547,sell,99.4,0.59881,59.52
2026-09-19 21:54:11.370,sell,99.4,0.242685,24.12
2026-09-19 21:54:25.329,sell,99.4,0.202798,20.16
2026-09-19 21:54:57.620,buy,99.4,2.116796,210.4
2026-09-19 21:55:01.163,sell,99.38,0.100623,10.0
2026-09-19 21:55:12.423,buy,99.38,1.196866,118.95
2026-09-19 21:55:17.747,buy,99.38,0.210372,20.91
2026-09-19 21:55:28.670,buy,99.38,0.100623,10.0
2026-09-19 21:55:32.961,sell,99.38,0.746962,74.23
2026-09-19 21:55:57.342,buy,99.38,0.106629,10.6
2026-09-19 21:56:01.234,buy,99.4,8.622749,857.11
2026-09-19 21:56:05.776,sell,99.4,0.100603,10.0
2026-09-19 21:56:20.743,buy,99.4,0.333989,33.2
2026-09-19 21:56:57.217,buy,99.4,2.277145,226.35
2026-09-19 21:57:11.673,sell,99.44,9.956081,989.99
2026-09-19 21:57:22.479,sell,99.44,0.48766,48.49
2026-09-19 21:57:28.926,sell,99.44,0.327345,32.55
2026-09-19 21:57:45.585,sell,99.44,0.100567,10.0
2026-09-19 21:57:58.043,sell,99.44,4.349253,432.47
2026-09-19 21:58:00.285,buy,99.38,1.494289,148.5
2026-09-19 21:58:10.454,sell,99.38,0.100623,10.0
2026-09-19 21:58:11.353,sell,99.38,0.100623,10.0
2026-09-19 21:58:27.016,sell,99.38,0.18844,18.73
2026-09-19 21:58:40.131,sell,99.38,0.570768,56.72
2026-09-19 21:58:52.822,sell,99.38,0.144591,14.37
2026-09-19 21:59:07.055,sell,99.34,0.100663,10.0
2026-09-19 21:59:14.964,buy,99.34,0.228738,22.72
2026-09-19 21:59:30.261,sell,99.34,0.762783,75.78
2026-09-19 21:59:31.500,buy,99.34,4.509368,447.97
2026-09-19 21:59:36.306,buy,99.34,0.278001,27.62
2026-09-19 21:59:46.136,sell,99.34,1.032576,102.58
2026-09-19 21:59:48.031,buy,99.34,0.540268,53.67
2026-09-19 22:00:00.042,buy,99.41,0.100595,10.0
2026-09-19 22:00:07.474,buy,99.41,1.199837,119.27
2026-09-19 22:00:08.729,buy,99.41,0.105125,10.45
2026-09-19 22:00:20.276,sell,99.41,0.121121,12.04
2026-09-19 22:00:53.113,sell,99.41,0.116607,11.59
2026-09-19 22:00:57.398,buy,99.41,0.100595,10.0
2026-09-19 22:01:00.001,sell,99.41,0.630551,62.69
2026-09-19 22:01:16.264,buy,99.41,1.548549,153.95
2026-09-19 22:01:18.317,buy,99.41,2.673981,265.83
2026-09-19 22:01:31.858,sell,99.41,0.190916,18.98
2026-09-19 22:01:39.846,buy,99.41,0.207564,20.63
2026-09-19 22:01:57.843,sell,99.41,0.100589,10.0
2026-09-19 22:02:03.008,buy,99.49,5.608634,557.98
2026-09-19 22:02:08.041,sell,99.49,1.400732,139.35
2026-09-19 22:02:50.353,buy,99.49,1.609329,160.11
2026-09-19 22:03:00.065,sell,99.48,9.190512,914.27
2026-09-19 22:03:13.000,buy,99.48,0.414932,41.28
2026-09-19 22:03:19.022,sell,99.48,0.737248,73.34
2026-09-19 22:04:02.689,buy,99.48,0.346074,34.43
2026-09-19 22:04:11.842,buy,99.48,0.100522,10.0
2026-09-19 22:04:17.460,buy,99.48,0.211297,21.02
2026-09-19 22:04:22.320,buy,99.48,0.395255,39.32
2026-09-19 22:04:27.223,sell,99.48,1.920473,191.05
2026-09-19 22:04:50.078,buy,99.48,1.48407,147.64
2026-09-19 22:04:50.168,sell,99.48,0.173748,17.28
2026-09-19 22:05:07.010,sell,99.51,0.100491,10.0
2026-09-19 22:05:11.442,buy,99.51,1.332094,132.56
2026-09-19 22:05:15.598,sell,99.51,0.106359,10.58
2026-09-19 22:05:30.758,sell,99.51,0.270088,26.88
2026-09-19 22:05:55.416,sell,99.51,1.177341,117.16
2026-09-19 22:05:59.079,buy,99.51,0.155531,15.48
2026-09-19 22:06:09.357,buy,99.54,0.100463,10.0
2026-09-19 22:06:11.625,buy,99.54,0.355306,35.37
2026-09-19 22:06:40.381,sell,99.54,0.500798,49.85
2026-09-19 22:07:10.747,buy,99.52,1.094588,108.93
2026-09-19 22:07:16.633,sell,99.52,0.100484,10.0
2026-09-19 22:07:25.942,buy,99.52,0.100484,10.0
2026-09-19 22:07:28.889,sell,99.52,0.100484,10.0
2026-09-19 22:07:45.401,buy,99.52,0.42923,42.72
2026-09-19 22:07:57.132,buy,99.52,0.341999,34.04
2026-09-19 22:07:59.239,sell,99.52,1.150497,114.5
2026-09-19 22:08:02.515,sell,99.69,0.952979,95.0
2026-09-19 22:08:03.481,sell,99.69,0.646051,64.41
2026-09-19 22:08:09.102,buy,99.69,0.155513,15.5
2026-09-19 22:08:10.070,buy,99.69,0.126067,12.57
2026-09-19 22:08:12.559,sell,99.69,0.132371,13.2
2026-09-19 22:08:23.876,buy,99.69,0.948558,94.56
2026-09-19 22:08:46.677,sell,99.69,0.172331,17.18
2026-09-19 22:08:47.786,buy,99.69,0.382374,38.12
2026-09-19 22:09:01.120,buy,99.55,0.100452,10.0
2026-09-19 22:09:11.795,buy,99.55,0.100452,10.0
2026-09-19 22:09:12.574,buy,99.55,0.662746,65.98
2026-09-19 22:09:30.098,buy,99.55,2.111668,210.22
2026-09-19 22:09:50.772,buy,99.55,0.174854,17.41
2026-09-19 22:10:00.391,sell,99.57,0.288418,28.72
2026-09-19 22:10:04.580,buy,99.57,0.100436,10.0
2026-09-19 22:10:06.390,sell,99.57,8.922455,888.37
2026-09-19 22:10:12.028,buy,99.57,0.100436,10.0
2026-09-19 22:10:14.236,buy,99.57,0.100436,10.0
2026-09-19 22:10:18.941,sell,99.57,1.895858,188.76
2026-09-19 22:10:24.329,sell,99.57,1.060404,105.58
2026-09-19 22:10:33.369,sell,99.57,0.167871,16.71
2026-09-19 22:11:05.528,buy,99.59,0.104547,10.41
2026-09-19 22:11:09.679,buy,99.59,0.549151,54.69
2026-09-19 22:11:10.000,sell,99.26,30.223655,3000.0
2026-09-19 22:11:20.629,buy,99.59,0.100411,10.0
2026-09-19 22:11:25.491,buy,99.59,0.229406,22.85
2026-09-19 22:11:32.735,sell,99.59,1.98858,198.04
2026-09-19 22:11:34.366,buy,99.59,0.385352,38.38
2026-09-19 22:11:35.992,sell,99.59,0.100411,10.0
2026-09-19 22:12:10.011,sell,99.58,0.224162,22.32
2026-09-19 22:12:19.964,buy,99.58,3.68251,366.71
2026-09-19 22:12:44.962,buy,99.58,1.546214,153.98
2026-09-19 22:12:45.229,buy,99.58,0.251107,25.01
2026-09-19 22:12:56.412,sell,99.58,2.413308,240.32
2026-09-19 22:13:17.100,buy,99.58,0.235111,23.41
2026-09-19 22:13:31.265,sell,99.58,3.694219,367.88
2026-09-19 22:13:41.813,sell,99.58,0.100419,10.0
2026-09-19 22:13:48.049,sell,99.58,0.657352,65.46
2026-09-19 22:13:57.121,buy,99.58,0.100419,10.0
2026-09-19 22:14:18.671,sell,99.59,0.528337,52.62
2026-09-19 22:14:32.071,sell,99.59,0.776034,77.28
2026-09-19 22:14:32.907,sell,99.59,2.012272,200.4
2026-09-19 22:14:36.328,buy,99.59,1.694505,168.75
2026-09-19 22:14:46.731,buy,99.59,3.087797,307.51
2026-09-19 22:14:51.489,buy,99.59,0.100414,10.0
2026-09-19 22:15:06.654,buy,99.55,0.10045,10.0
2026-09-19 22:15:06.676,buy,99.55,11.160215,1111.02
2026-09-19 22:15:16.889,sell,99.55,1.688848,168.13
2026-09-19 22:15:25.000,sell,99.4,10.060362,1000.0
2026-09-19 22:16:02.286,buy,99.49,1.220433,121.42
2026-09-19 22:16:02.606,buy,99.49,0.567581,56.47
2026-09-19 22:16:52.151,buy,99.49,0.295895,29.44
2026-09-19 22:16:53.954,buy,99.49,0.164085,16.32
2026-09-19 22:16:53.962,sell,99.49,0.343589,34.18
2026-09-19 22:17:14.753,buy,99.49,0.239479,23.83
2026-09-19 22:17:31.359,buy,99.49,0.293796,29.23
2026-09-19 22:17:35.105,sell,99.49,0.10051,10.0
2026-09-19 22:17:48.609,sell,99.49,0.360909,35.91
2026-09-19 22:17:48.951,sell,99.49,0.10051,10.0
2026-09-19 22:17:54.736,sell,99.49,0.519919,51.73
2026-09-19 22:17:59.986,sell,99.49,0.458794,45.65
2026-09-19 22:18:07.909,sell,99.4,0.143207,14.23
2026-09-19 22:18:37.703,sell,99.4,1.200816,119.36
2026-09-19 22:18:46.698,sell,99.4,0.192225,19.11
2026-09-19 22:18:49.195,sell,99.4,9.146364,909.11
2026-09-19 22:18:54.821,sell,99.4,0.806439,80.16
2026-09-19 22:19:00.457,sell,99.39,0.505732,50.27
2026-09-19 22:19:01.964,sell,99.39,1.437487,142.88
2026-09-19 22:19:18.132,sell,99.39,0.813241,80.83
2026-09-19 22:19:18.250,sell,99.39,1.62084,161.1
2026-09-19 22:19:23.212,sell,99.39,0.100611,10.0
2026-09-19 22:19:52.373,buy,99.39,2.407687,239.31
2026-09-19 22:19:52.723,sell,99.39,0.18729,18.62
2026-09-19 22:20:15.143,sell,99.4,5.872083,583.68
2026-09-19 22:20:30.692,buy,99.4,0.223117,22.18
2026-09-19 22:20:30.966,buy,99.4,0.342573,34.05
2026-09-19 22:20:34.960,sell,99.4,0.100604,10.0
2026-09-19 22:21:41.581,buy,99.51,0.463571,46.13
2026-09-19 22:21:49.237,buy,99.51,0.1932,19.22
2026-09-19 22:21:50.740,buy,99.51,1.755167,174.65
2026-09-19 22:21:59.922,buy,99.51,0.351187,34.95
2026-09-19 22:22:16.745,buy,99.5,0.100499,10.0
2026-09-19 22:22:21.584,sell,99.5,1.285691,127.93
2026-09-19 22:22:26.065,sell,99.5,0.136578,13.59
2026-09-19 22:23:08.021,buy,99.58,0.100423,10.0
2026-09-19 22:23:13.120,buy,99.58,0.147497,14.69
2026-09-19 22:23:15.401,buy,99.58,0.104157,10.37
2026-09-19 22:23:19.212,sell,99.58,0.370528,36.9
2026-09-19 22:23:48.177,buy,99.58,0.107415,10.7
2026-09-19 22:24:16.741,sell,99.62,0.192842,19.21
2026-09-19 22:24:28.635,sell,99.62,0.336259,33.5
2026-09-19 22:24:31.120,sell,99.62,0.118476,11.8
2026-09-19 22:24:42.809,buy,99.62,0.404864,40.33
2026-09-19 22:24:43.136,buy,99.62,0.100382,10.0
2026-09-19 22:24:56.253,buy,99.62,0.173266,17.26
2026-09-19 22:25:10.448,buy,99.74,0.249545,24.89
2026-09-19 22:25:30.155,buy,99.74,0.514841,51.35
2026-09-19 22:25:38.305,sell,99.74,2.593114,258.65
2026-09-19 22:25:48.394,buy,99.74,8.134982,811.42
2026-09-19 22:26:19.479,buy,99.72,0.546913,54.54
2026-09-19 22:26:24.908,sell,99.72,3.341522,333.2
2026-09-19 22:26:49.540,buy,99.72,9.235329,920.91
2026-09-19 22:27:06.754,sell,99.76,0.100243,10.0
2026-09-19 22:27:08.274,buy,99.76,0.923687,92.14
2026-09-19 22:27:13.983,buy,99.76,0.121389,12.11
2026-09-19 22:27:35.467,sell,99.76,0.100243,10.0
2026-09-19 22:27:37.189,buy,99.76,3.077136,306.97
2026-09-19 22:27:49.108,buy,99.76,9.907943,988.39
2026-09-19 22:28:00.607,sell,99.81,0.103838,10.36
2026-09-19 22:28:02.862,sell,99.81,0.100192,10.0
2026-09-19 22:28:47.778,sell,99.81,0.891566,88.99
2026-09-19 22:29:02.104,sell,99.8,0.98532,98.33
2026-09-19 22:29:29.428,sell,99.8,0.100202,10.0
2026-09-19 22:29:30.212,buy,99.8,1.259314,125.68
2026-09-19 22:29:31.110,sell,99.8,0.114816,11.46
2026-09-19 22:29:48.084,sell,99.8,0.144724,14.44
2026-09-19 22:29:54.823,buy,99.8,3.346747,334.0
2026-09-19 22:30:02.077,sell,99.73,0.337294,33.64
2026-09-19 22:30:31.995,buy,99.73,0.269671,26.89
2026-09-19 22:30:32.793,sell,99.73,0.100273,10.0
2026-09-19 22:30:46.235,sell,99.73,0.124444,12.41
2026-09-19 22:30:47.239,buy,99.73,0.513942,51.25
2026-09-19 22:30:59.397,sell,99.73,0.100273,10.0
2026-09-19 22:31:29.515,sell,99.79,0.815049,81.33
2026-09-19 22:31:35.718,buy,99.79,0.100213,10.0
2026-09-19 22:31:38.746,buy,99.79,0.760858,75.92
2026-09-19 22:31:41.823,buy,99.79,0.1492,14.89
2026-09-19 22:31:43.928,sell,99.79,0.283022,28.24
2026-09-19 22:31:45.416,sell,99.79,0.461729,46.07
2026-09-19 22:31:50.120,buy,99.79,0.178426,17.8
2026-09-19 22:32:23.511,buy,99.82,0.100177,10.0
2026-09-19 22:32:26.594,sell,99.82,0.373397,37.27
2026-09-19 22:32:39.950,sell,99.82,0.540485,53.95
2026-09-19 22:32:46.770,sell,99.82,0.255033,25.46
2026-09-19 22:33:06.096,buy,99.89,0.13802,13.79
2026-09-19 22:33:19.923,buy,99.89,0.100108,10.0
2026-09-19 22:33:22.291,buy,99.89,0.100108,10.0
2026-09-19 22:33:26.057,sell,99.89,0.242595,24.23
2026-09-19 22:33:27.774,buy,99.89,3.157879,315.45
2026-09-19 22:33:29.038,buy,99.89,0.369817,36.94
2026-09-19 22:33:37.860,sell,99.89,0.180041,17.98
2026-09-19 22:34:03.210,buy,99.78,0.925897,92.39
2026-09-19 22:34:08.481,buy,99.78,0.310661,31.0
2026-09-19 22:34:09.882,sell,99.78,0.100218,10.0
2026-09-19 22:34:14.715,sell,99.78,0.100218,10.0
2026-09-19 22:34:16.747,buy,99.78,0.100218,10.0
2026-09-19 22:34:37.607,buy,99.78,0.144195,14.39
2026-09-19 22:34:41.394,sell,99.78,0.100218,10.0
2026-09-19 22:34:47.366,sell,99.78,1.160624,115.81
2026-09-19 22:35:00.333,sell,99.7,0.590721,58.89
2026-09-19 22:35:16.821,sell,99.7,0.718817,71.67
2026-09-19 22:35:25.301,sell,99.7,2.183483,217.69
2026-09-19 22:35:32.687,sell,99.7,1.835161,182.96
2026-09-19 22:36:04.144,sell,99.62,0.349037,34.77
2026-09-19 22:36:13.821,buy,99.62,0.10038,10.0
2026-09-19 22:36:29.497,buy,99.62,18.344093,1827.46
2026-09-19 22:36:30.449,sell,99.62,0.10038,10.0
2026-09-19 22:36:40.620,buy,99.62,0.10038,10.0
2026-09-19 22:36:59.079,sell,99.62,0.195654,19.49
2026-09-19 22:37:20.223,buy,99.61,0.20473,20.39
2026-09-19 22:37:28.768,buy,99.61,0.408925,40.73
2026-09-19 22:37:37.888,buy,99.61,0.100388,10.0
2026-09-19 22:37:39.147,sell,99.61,0.755414,75.25
2026-09-19 22:37:52.352,buy,99.61,1.557693,155.17
2026-09-19 22:37:53.929,buy,99.61,0.456379,45.46
2026-09-19 22:38:03.221,sell,99.56,0.100445,10.0
2026-09-19 22:38:20.321,sell,99.56,1.877256,186.89
2026-09-19 22:38:41.628,buy,99.56,0.100445,10.0
2026-09-19 22:38:43.938,buy,99.56,0.100445,10.0
2026-09-19 22:38:54.784,sell,99.56,0.100445,10.0
2026-09-19 22:38:56.946,buy,99.56,0.100445,10.0
2026-09-19 22:39:00.865,sell,99.65,0.100348,10.0
2026-09-19 22:39:35.321,buy,99.65,3.485637,347.35
2026-09-19 22:39:42.578,buy,99.65,0.10922,10.88
2026-09-19 22:39:47.391,sell,99.65,0.296243,29.52
2026-09-19 22:39:56.460,buy,99.65,0.557919,55.6
2026-09-19 22:39:58.719,sell,99.65,0.521417,51.96
2026-09-19 22:40:18.979,buy,99.58,0.100426,10.0
2026-09-19 22:40:19.680,sell,99.58,0.430607,42.88
2026-09-19 22:40:25.859,sell,99.58,0.321463,32.01
2026-09-19 22:41:04.801,buy,99.56,0.100445,10.0
2026-09-19 22:41:33.082,buy,99.56,0.100445,10.0
2026-09-19 22:41:37.941,sell,99.56,1.633547,162.63
2026-09-19 22:41:39.700,buy,99.56,0.3792,37.75
2026-09-19 22:41:47.760,sell,99.56,0.40439,40.26
2026-09-19 22:41:54.828,sell,99.56,0.1931,19.22
2026-09-19 22:41:54.851,sell,99.56,0.542371,54.0
2026-09-19 22:42:14.803,sell,99.58,2.559357,254.85
2026-09-19 22:42:16.425,buy,99.58,0.100425,10.0
2026-09-19 22:42:24.924,sell,99.58,0.433758,43.19
2026-09-19 22:42:32.573,sell,99.58,2.846565,283.45
2026-09-19 22:42:59.267,sell,99.58,0.100425,10.0
2026-09-19 22:43:23.436,sell,99.6,0.114805,11.43
2026-09-19 22:43:27.167,sell,99.6,0.155359,15.47
2026-09-19 22:43:38.036,sell,99.6,0.100405,10.0
2026-09-19 22:44:07.074,buy,99.69,0.129116,12.87
2026-09-19 22:44:09.986,sell,99.69,0.835431,83.28
2026-09-19 22:44:26.476,buy,99.69,0.100314,10.0
2026-09-19 22:44:31.124,buy,99.69,3.753978,374.22
2026-09-19 22:44:36.842,buy,99.69,0.135138,13.47
2026-09-19 22:44:37.244,sell,99.69,0.100314,10.0
2026-09-19 22:45:00.664,sell,99.71,2.00302,199.72
2026-09-19 22:45:17.576,buy,99.71,1.526984,152.26
2026-09-19 22:45:20.100,buy,99.71,0.130736,13.04
2026-09-19 22:45:35.630,sell,99.71,0.126344,12.6
2026-09-19 22:45:43.134,buy,99.71,0.10029,10.0
2026-09-19 22:45:50.072,buy,99.71,19.072158,1901.7
2026-09-19 22:45:51.331,buy,99.71,0.657049,65.51
2026-09-19 22:46:06.010,sell,99.64,4.225005,420.99
2026-09-19 22:46:08.703,sell,99.64,0.288578,28.75
2026-09-19 22:46:15.717,sell,99.64,0.100359,10.0
2026-09-19 22:46:28.876,sell,99.64,0.41666,41.52
2026-09-19 22:46:29.709,buy,99.64,0.62309,62.09
2026-09-19 22:46:58.797,sell,99.64,0.100359,10.0
2026-09-19 22:47:22.873,sell,99.72,0.100277,10.0
2026-09-19 22:47:33.113,sell,99.72,0.811981,80.97
2026-09-19 22:47:53.136,buy,99.72,0.100277,10.0
2026-09-19 22:47:59.415,buy,99.72,1.523087,151.89
2026-09-19 22:48:07.198,buy,99.7,0.100298,10.0
2026-09-19 22:48:10.888,sell,99.7,0.266316,26.55
2026-09-19 22:48:13.373,sell,99.7,0.139881,13.95
2026-09-19 22:48:15.698,sell,99.7,0.140186,13.98
2026-09-19 22:48:15.823,buy,99.7,0.229523,22.88
2026-09-19 22:48:28.031,buy,99.7,0.40487,40.37
2026-09-19 22:48:30.869,sell,99.7,0.286922,28.61
2026-09-19 22:49:04.054,buy,99.75,3.72564,371.65
2026-09-19 22:49:05.040,sell,99.75,4.241258,423.09
2026-09-19 22:49:05.227,buy,99.75,0.295404,29.47
2026-09-19 22:49:54.461,sell,99.75,0.100246,10.0
2026-09-19 22:49:57.234,sell,99.75,0.100246,10.0
2026-09-19 22:50:10.829,buy,99.71,4.633768,462.03
2026-09-19 22:50:19.700,sell,99.71,0.100292,10.0
2026-09-19 22:50:42.637,sell,99.71,0.616887,61.51
2026-09-19 22:50:43.723,buy,99.71,0.8339,83.15
2026-09-19 22:50:46.128,sell,99.71,0.100292,10.0
2026-09-19 22:50:48.695,sell,99.71,0.100292,10.0
2026-09-19 22:51:17.516,sell,99.6,0.100405,10.0
2026-09-19 22:51:49.421,sell,99.6,1.52318,151.7
2026-09-19 22:51:59.874,sell,99.6,1.289144,128.39
2026-09-19 22:52:09.095,buy,99.67,28.729885,2863.4
2026-09-19 22:52:13.406,buy,99.67,0.520819,51.91
2026-09-19 22:52:21.067,sell,99.67,0.100335,10.0
2026-09-19 22:52:45.436,buy,99.67,0.762846,76.03
2026-09-19 22:52:46.225,buy,99.67,0.100335,10.0
2026-09-19 22:52:48.013,sell,99.67,0.100335,10.0
2026-09-19 22:53:15.130,sell,99.67,0.917107,91.4
2026-09-19 22:53:21.398,buy,99.67,1.06852,106.49
2026-09-19 22:53:33.707,buy,99.67,0.100336,10.0
2026-09-19 22:53:35.883,sell,99.67,0.440043,43.86
2026-09-19 22:53:43.593,buy,99.67,0.100336,10.0
2026-09-19 22:53:45.311,sell,99.67,0.596429,59.44
2026-09-19 22:53:46.631,buy,99.67,0.100336,10.0
2026-09-19 22:53:54.950,buy,99.67,0.100336,10.0
2026-09-19 22:54:01.185,sell,99.6,1.03402,102.99
2026-09-19 22:54:14.759,sell,99.6,1.470142,146.43
2026-09-19 22:54:30.659,sell,99.6,2.327876,231.86
2026-09-19 22:55:02.236,sell,99.64,0.502281,50.05
2026-09-19 22:55:12.790,sell,99.64,0.120886,12.05
2026-09-19 22:55:15.527,sell,99.64,1.188538,118.43
2026-09-19 22:55:40.833,sell,99.64,0.784803,78.2
2026-09-19 22:56:17.033,sell,99.66,0.356013,35.48
2026-09-19 22:56:19.434,buy,99.66,0.127757,12.73
2026-09-19 22:56:24.009,buy,99.66,5.825575,580.58
2026-09-19 22:56:35.429,buy,99.66,0.921954,91.88
2026-09-19 22:56:37.392,sell,99.66,0.173397,17.28
2026-09-19 22:57:18.052,buy,99.67,0.275753,27.49
2026-09-19 22:57:28.113,buy,99.67,7.620551,759.58
2026-09-19 22:57:38.668,sell,99.67,0.100326,10.0
2026-09-19 22:57:48.333,sell,99.67,0.778569,77.6
2026-09-19 22:57:56.449,sell,99.67,0.582303,58.04
2026-09-19 22:58:12.306,sell,99.77,0.100228,10.0
2026-09-19 22:58:12.786,sell,99.77,0.100228,10.0
2026-09-19 22:58:20.465,buy,99.77,0.100228,10.0
2026-09-19 22:58:25.652,buy,99.77,1.803661,179.96
2026-09-19 22:58:26.860,buy,99.77,0.565156,56.39
2026-09-19 22:58:49.234,buy,99.77,1.35554,135.25
2026-09-19 22:59:05.558,sell,99.82,0.144332,14.41
2026-09-19 22:59:21.457,sell,99.82,0.175405,17.51
2026-09-19 22:59:28.892,sell,99.82,0.41468,41.39
2026-09-19 22:59:37.706,sell,99.82,0.138392,13.81
2026-09-19 22:59:55.480,sell,99.82,2.040456,203.68
2026-09-19 22:59:55.837,sell,99.82,0.142012,14.18
2026-09-19 22:59:59.112,sell,99.82,3.616452,360.99
2026-09-19 23:00:01.868,sell,99.83,0.149976,14.97
2026-09-19 23:00:06.986,sell,99.83,0.132136,13.19
2026-09-19 23:00:26.763,buy,99.83,0.344673,34.41
2026-09-19 23:00:34.993,buy,99.83,0.100167,10.0
2026-09-19 23:00:41.615,sell,99.83,0.100167,10.0
2026-09-19 23:00:56.282,sell,99.83,0.283886,28.34
2026-09-19 23:01:12.738,sell,99.83,0.137057,13.68
2026-09-19 23:01:17.371,sell,99.83,0.716311,71.51
2026-09-19 23:01:19.545,sell,99.83,1.067003,106.52
2026-09-19 23:01:26.813,sell,99.83,0.706003,70.48
2026-09-19 23:01:34.946,buy,99.83,1.475409,147.29
2026-09-19 23:01:38.832,buy,99.83,0.158514,15.82
2026-09-19 23:01:59.059,buy,99.83,1.16372,116.18
2026-09-19 23:02:18.417,buy,99.74,0.706401,70.46
2026-09-19 23:02:23.535,sell,99.74,5.44468,543.06
2026-09-19 23:02:24.835,sell,99.74,4.025704,401.53
2026-09-19 23:02:27.582,buy,99.74,4.57503,456.32
2026-09-19 23:02:28.806,sell,99.74,0.38897,38.8
2026-09-19 23:02:46.778,buy,99.74,0.928166,92.58
2026-09-19 23:02:48.193,sell,99.74,0.333389,33.25
2026-09-19 23:02:50.630,sell,99.74,2.045115,203.98
2026-09-19 23:03:01.131,sell,99.68,0.366854,36.57
2026-09-19 23:03:02.598,sell,99.68,0.505669,50.4
2026-09-19 23:03:16.275,sell,99.68,0.176034,17.55
2026-09-19 23:03:17.294,sell,99.68,9.941746,990.97
2026-09-19 23:03:17.408,buy,99.68,0.403558,40.23
2026-09-19 23:03:30.111,buy,99.68,5.157829,514.12
2026-09-19 23:03:55.723,buy,99.68,7.447283,742.33
2026-09-19 23:04:17.792,buy,99.64,0.949218,94.58
2026-09-19 23:04:42.158,buy,99.64,0.195697,19.5
2026-09-19 23:04:51.526,buy,99.64,0.173469,17.28
2026-09-19 23:05:04.072,sell,99.76,2.336672,233.11
2026-09-19 23:05:12.968,sell,99.76,0.100238,10.0
2026-09-19 23:05:14.922,sell,99.76,0.106152,10.59
2026-09-19 23:05:35.237,buy,99.76,2.259836,225.45
2026-09-19 23:06:22.011,sell,99.89,0.20885,20.86
2026-09-19 23:06:23.842,sell,99.89,2.183272,218.08
2026-09-19 23:06:42.299,buy,99.89,0.245661,24.54
2026-09-19 23:06:58.743,buy,99.89,0.128934,12.88
2026-09-19 23:07:05.574,sell,99.94,0.565847,56.55
2026-09-19 23:07:22.920,buy,99.94,0.233089,23.29
2026-09-19 23:07:42.549,buy,99.94,0.624908,62.45
2026-09-19 23:07:47.269,sell,99.94,2.459709,245.81
2026-09-19 23:08:08.821,sell,100.0,0.776288,77.63
2026-09-19 23:08:23.981,buy,100.0,0.099997,10.0
2026-09-19 23:08:33.701,buy,100.0,0.099997,10.0
2026-09-19 23:08:34.234,sell,100.0,0.30979,30.98
2026-09-19 23:08:34.352,sell,100.0,3.746908,374.7
2026-09-19 23:08:35.731,sell,100.0,0.730372,73.04
2026-09-19 23:09:10.963,buy,100.09,0.47954,48.0
2026-09-19 23:09:16.010,buy,100.09,2.254802,225.68
2026-09-19 23:09:16.267,buy,100.09,0.719191,71.98
2026-09-19 23:09:30.996,buy,100.09,3.893155,389.67
2026-09-19 23:09:34.491,buy,100.09,0.243119,24.33
2026-09-19 23:09:45.634,sell,100.09,0.669764,67.04
2026-09-19 23:09:55.712,buy,100.09,0.333422,33.37
2026-09-19 23:09:55.891,sell,100.09,0.111582,11.17
2026-09-19 23:10:02.261,buy,100.2,0.807445,80.91
2026-09-19 23:10:17.006,sell,100.2,1.237364,123.98
2026-09-19 23:10:26.971,buy,100.2,0.0998,10.0
2026-09-19 23:10:44.282,sell,100.2,0.0998,10.0
2026-09-19 23:10:59.870,buy,100.2,0.32473,32.54
2026-09-19 23:11:34.421,buy,100.15,10.863789,1088.02
2026-09-19 23:11:36.906,sell,100.15,0.129208,12.94
2026-09-19 23:11:47.088,buy,100.15,1.055688,105.73
2026-09-19 23:12:00.320,sell,100.11,0.099886,10.0
2026-09-19 23:12:11.681,buy,100.11,0.408956,40.94
2026-09-19 23:12:22.469,buy,100.11,0.408064,40.85
2026-09-19 23:12:24.850,buy,100.11,1.721944,172.39
2026-09-19 23:12:28.025,sell,100.11,0.469113,46.96
2026-09-19 23:12:30.904,buy,100.11,0.099886,10.0
2026-09-19 23:12:38.609,buy,100.11,0.174365,17.46
2026-09-19 23:12:43.313,sell,100.11,0.582321,58.3
2026-09-19 23:13:04.066,buy,100.06,0.354221,35.44
2026-09-19 23:13:21.723,buy,100.06,0.099942,10.0
2026-09-19 23:13:35.412,buy,100.06,0.099942,10.0
2026-09-19 23:13:44.356,buy,100.06,5.234259,523.73
2026-09-19 23:13:44.587,sell,100.06,0.182551,18.27
2026-09-19 23:14:19.820,buy,100.0,3.001131,300.12
2026-09-19 23:14:30.867,sell,100.0,1.207235,120.72
2026-09-19 23:14:35.256,buy,100.0,0.099999,10.0
2026-09-19 23:14:38.011,sell,100.0,0.476342,47.63
2026-09-19 23:14:39.939,buy,100.0,0.426003,42.6
2026-09-19 23:15:14.086,buy,99.91,9.065519,905.77
2026-09-19 23:15:18.486,sell,99.91,0.56191,56.14
2026-09-19 23:15:20.316,sell,99.91,0.17475,17.46
2026-09-19 23:15:25.532,sell,99.91,8.337987,833.08
2026-09-19 23:15:38.990,sell,99.91,0.140263,14.01
2026-09-19 23:16:10.265,sell,99.81,0.100186,10.0
2026-09-19 23:16:12.026,sell,99.81,4.928648,491.95
2026-09-19 23:16:28.246,sell,99.81,5.522935,551.27
2026-09-19 23:16:54.788,sell,99.81,0.100186,10.0
2026-09-19 23:16:58.939,sell,99.81,1.966313,196.27
2026-09-19 23:17:00.824,buy,99.82,0.306981,30.64
2026-09-19 23:17:11.073,sell,99.82,0.589232,58.82
2026-09-19 23:17:41.604,buy,99.82,1.046296,104.44
2026-09-19 23:17:43.875,buy,99.82,1.221673,121.95
2026-09-19 23:18:08.702,sell,99.91,0.293587,29.33
2026-09-19 23:18:23.249,sell,99.91,0.100094,10.0
2026-09-19 23:18:41.983,buy,99.91,0.443175,44.28
2026-09-19 23:18:45.060,sell,99.91,0.410795,41.04
2026-09-19 23:18:46.875,sell,99.91,0.642486,64.19
2026-09-19 23:18:51.376,buy,99.91,0.322976,32.27
2026-09-19 23:19:36.896,sell,99.82,0.211025,21.06
2026-09-19 23:19:43.427,buy,99.82,0.100181,10.0
2026-09-19 23:19:43.540,buy,99.82,0.235414,23.5
2026-09-19 23:19:53.161,sell,99.82,0.166239,16.59
2026-09-19 23:20:17.387,sell,99.81,1.199276,119.7
2026-09-19 23:20:23.657,sell,99.81,0.994707,99.28
2026-09-19 23:20:24.935,buy,99.81,0.383043,38.23
2026-09-19 23:21:00.266,buy,99.7,0.204481,20.39
2026-09-19 23:21:02.567,buy,99.7,0.100304,10.0
2026-09-19 23:21:06.286,buy,99.7,0.593239,59.14
2026-09-19 23:21:07.927,buy,99.7,0.224555,22.39
2026-09-19 23:21:09.106,sell,99.7,0.209059,20.84
2026-09-19 23:21:28.980,sell,99.7,0.85073,84.81
2026-09-19 23:21:53.686,buy,99.7,0.192351,19.18
2026-09-19 23:21:56.911,sell,99.7,0.155833,15.54
2026-09-19 23:22:05.977,sell,99.56,0.483961,48.18
2026-09-19 23:22:29.244,sell,99.56,0.10044,10.0
2026-09-19 23:22:54.234,sell,99.56,0.564417,56.19
2026-09-19 23:22:56.073,buy,99.56,0.252675,25.16
2026-09-19 23:23:25.076,buy,99.58,0.618587,61.6
2026-09-19 23:23:40.817,buy,99.58,0.273536,27.24
2026-09-19 23:23:42.759,buy,99.58,0.100418,10.0
2026-09-19 23:24:27.741,buy,99.61,0.313084,31.19
2026-09-19 23:24:31.296,sell,99.61,0.215494,21.46
2026-09-19 23:24:35.785,sell,99.61,0.100394,10.0
2026-09-19 23:24:38.825,sell,99.61,0.100394,10.0
2026-09-19 23:24:45.212,sell,99.61,0.307846,30.66
2026-09-19 23:24:51.489,buy,99.61,15.230413,1517.06
2026-09-19 23:25:36.698,sell,99.55,0.203301,20.24
2026-09-19 23:25:39.085,sell,99.55,0.100449,10.0
2026-09-19 23:25:42.815,sell,99.55,0.100449,10.0
2026-09-19 23:25:52.842,sell,99.55,0.372896,37.12
2026-09-19 23:26:08.282,buy,99.56,11.061118,1101.23
2026-09-19 23:26:13.811,buy,99.56,0.911158,90.71
2026-09-19 23:26:19.120,sell,99.56,0.523767,52.15
2026-09-19 23:26:23.060,buy,99.56,0.100443,10.0
2026-09-19 23:26:29.835,sell,99.56,0.100443,10.0
2026-09-19 23:26:32.747,sell,99.56,0.291215,28.99
2026-09-19 23:26:35.381,sell,99.56,0.780814,77.74
2026-09-19 23:27:28.387,buy,99.53,0.832933,82.9
2026-09-19 23:27:31.656,buy,99.53,0.100475,10.0
2026-09-19 23:27:38.374,sell,99.53,0.100475,10.0
2026-09-19 23:28:03.247,buy,99.51,0.100497,10.0
2026-09-19 23:28:25.219,buy,99.51,0.306764,30.52
2026-09-19 23:28:26.927,sell,99.51,0.296359,29.49
2026-09-19 23:28:30.600,buy,99.51,0.505996,50.35
2026-09-19 23:28:54.935,sell,99.51,0.36369,36.19
2026-09-19 23:29:12.596,sell,99.52,1.183711,117.8
2026-09-19 23:29:16.206,sell,99.52,2.08036,207.03
2026-09-19 23:29:36.776,sell,99.52,4.726056,470.32
2026-09-19 23:29:37.953,buy,99.52,0.394047,39.21
2026-09-19 23:30:02.379,sell,99.48,0.132839,13.22
2026-09-19 23:30:08.600,sell,99.48,0.123432,12.28
2026-09-19 23:30:11.761,sell,99.48,0.370958,36.9
2026-09-19 23:30:21.960,buy,99.48,0.201604,20.06
2026-09-19 23:30:41.988,buy,99.48,0.429586,42.74
2026-09-19 23:30:45.873,sell,99.48,0.108547,10.8
2026-09-19 23:30:48.889,sell,99.48,0.178526,17.76
2026-09-19 23:30:59.705,sell,99.48,0.184329,18.34
2026-09-19 23:31:08.911,buy,99.55,0.100448,10.0
2026-09-19 23:31:19.676,buy,99.55,0.100448,10.0
2026-09-19 23:31:23.828,sell,99.55,7.42007,738.7
2026-09-19 23:31:24.905,sell,99.55,0.723395,72.02
2026-09-19 23:31:26.213,buy,99.55,0.617755,61.5
2026-09-19 23:31:35.618,sell,99.55,1.296604,129.08
2026-09-19 23:31:52.247,buy,99.55,2.884644,287.18
2026-09-19 23:32:03.326,buy,99.52,2.718689,270.57
2026-09-19 23:32:06.052,buy,99.52,0.114498,11.4
2026-09-19 23:32:23.806,buy,99.52,0.100481,10.0
2026-09-19 23:32:25.708,buy,99.52,0.926445,92.2
2026-09-19 23:32:27.241,sell,99.52,0.100481,10.0
2026-09-19 23:32:35.014,sell,99.52,0.100481,10.0
2026-09-19 23:32:56.069,buy,99.52,0.183311,18.24
2026-09-19 23:32:57.224,buy,99.52,0.107278,10.68
2026-09-19 23:33:09.842,sell,99.35,0.113395,11.27
2026-09-19 23:33:16.766,buy,99.35,0.308763,30.67
2026-09-19 23:33:28.536,sell,99.35,0.278023,27.62
2026-09-19 23:33:37.509,buy,99.35,1.860254,184.81
2026-09-19 23:34:41.675,buy,99.38,1.856351,184.48
2026-09-19 23:34:41.787,sell,99.38,0.844574,83.93
2026-09-19 23:34:58.908,sell,99.38,0.100624,10.0
2026-09-19 23:35:13.322,buy,99.32,0.100684,10.0
2026-09-19 23:35:21.575,sell,99.32,2.718725,270.03
2026-09-19 23:35:32.195,sell,99.32,0.100684,10.0
2026-09-19 23:36:01.892,sell,99.25,0.100757,10.0
2026-09-19 23:36:15.626,sell,99.25,9.587179,951.51
2026-09-19 23:36:30.313,buy,99.25,2.428075,240.98
2026-09-19 23:36:35.779,sell,99.25,1.055215,104.73
2026-09-19 23:36:40.122,sell,99.25,0.231034,22.93
2026-09-19 23:36:41.225,buy,99.25,0.297948,29.57
2026-09-19 23:36:53.671,sell,99.25,0.231258,22.95
2026-09-19 23:37:17.074,buy,99.22,0.232631,23.08
2026-09-19 23:37:42.279,buy,99.22,0.646613,64.16
2026-09-19 23:37:43.989,buy,99.22,0.417002,41.37
2026-09-19 23:37:44.728,buy,99.22,0.453153,44.96
2026-09-19 23:37:53.226,buy,99.22,8.174747,811.1
2026-09-19 23:37:56.607,buy,99.22,8.473638,840.75
2026-09-19 23:37:59.272,buy,99.22,0.137069,13.6
2026-09-19 23:38:02.335,sell,99.2,0.174786,17.34
2026-09-19 23:38:15.618,sell,99.2,0.6012,59.64
2026-09-19 23:38:24.627,sell,99.2,0.10081,10.0
2026-09-19 23:38:28.157,buy,99.2,0.10081,10.0
2026-09-19 23:38:31.963,sell,99.2,1.036002,102.77
2026-09-19 23:38:32.969,sell,99.2,0.343488,34.07
2026-09-19 23:38:42.589,buy,99.2,6.035447,598.7
2026-09-19 23:38:52.013,buy,99.2,0.147385,14.62
2026-09-19 23:39:03.117,buy,99.17,0.125811,12.48
2026-09-19 23:39:23.157,sell,99.17,0.877717,87.05
2026-09-19 23:39:40.252,sell,99.17,0.630203,62.5
2026-09-19 23:39:49.155,buy,99.17,0.100832,10.0
2026-09-19 23:40:07.880,buy,99.13,0.119328,11.83
2026-09-19 23:40:13.861,sell,99.13,0.690335,68.43
2026-09-19 23:40:32.815,sell,99.13,0.100882,10.0
2026-09-19 23:40:33.294,sell,99.13,0.426652,42.29
2026-09-19 23:41:29.825,sell,99.19,11.142443,1105.23
2026-09-19 23:41:38.192,sell,99.19,3.074366,304.95
2026-09-19 23:41:42.080,sell,99.19,0.967498,95.97
2026-09-19 23:41:45.155,buy,99.19,2.314377,229.56
2026-09-19 23:41:45.595,sell,99.19,0.500774,49.67
2026-09-19 23:41:55.530,buy,99.19,0.59712,59.23
2026-09-19 23:41:56.019,buy,99.19,0.148504,14.73
2026-09-19 23:42:03.659,buy,99.15,0.135193,13.4
2026-09-19 23:42:24.337,sell,99.15,0.672746,66.7
2026-09-19 23:42:38.497,sell,99.15,0.439633,43.59
2026-09-19 23:43:00.690,buy,99.21,0.100792,10.0
2026-09-19 23:43:15.237,buy,99.21,0.238035,23.62
2026-09-19 23:43:51.867,sell,99.21,0.160309,15.9
2026-09-19 23:44:06.669,buy,99.19,0.100818,10.0
2026-09-19 23:44:15.671,buy,99.19,1.327093,131.63
2026-09-19 23:44:16.254,sell,99.19,0.119897,11.89
2026-09-19 23:44:19.200,buy,99.19,3.588709,355.96
2026-09-19 23:44:36.785,buy,99.19,2.574723,255.38
2026-09-19 23:44:43.621,buy,99.19,0.100818,10.0
2026-09-19 23:44:49.517,buy,99.19,0.599604,59.47
2026-09-19 23:44:57.848,sell,99.19,0.100818,10.0
2026-09-19 23:45:12.666,sell,99.26,1.480865,146.99
2026-09-19 23:45:36.782,buy,99.26,5.225996,518.74
2026-09-19 23:45:45.033,buy,99.26,6.426999,637.95
2026-09-19 23:46:02.161,sell,99.19,0.407127,40.38
2026-09-19 23:46:17.137,buy,99.19,5.525993,548.12
2026-09-19 23:46:17.199,sell,99.19,0.100817,10.0
2026-09-19 23:46:31.596,buy,99.19,0.433033,42.95
2026-09-19 23:47:04.056,buy,99.3,0.179327,17.81
2026-09-19 23:47:10.703,sell,99.3,1.848664,183.57
2026-09-19 23:47:19.003,sell,99.3,0.100708,10.0
2026-09-19 23:47:27.721,sell,99.3,0.132974,13.2
2026-09-19 23:47:29.873,buy,99.3,1.050342,104.3
2026-09-19 23:47:49.028,buy,99.3,10.487799,1041.4
2026-09-19 23:47:52.054,buy,99.3,1.991108,197.71
2026-09-19 23:48:18.018,sell,99.23,0.21719,21.55
2026-09-19 23:48:42.278,sell,99.23,0.254425,25.25
2026-09-19 23:48:48.178,sell,99.23,0.100772,10.0
2026-09-19 23:48:53.608,buy,99.23,0.100772,10.0
2026-09-19 23:49:12.527,buy,99.17,0.135725,13.46
2026-09-19 23:49:17.649,sell,99.17,5.613077,556.66
2026-09-19 23:49:25.183,sell,99.17,1.326602,131.56
2026-09-19 23:50:06.695,sell,99.19,0.197606,19.6
2026-09-19 23:50:27.685,sell,99.19,0.94034,93.28
2026-09-19 23:50:35.021,buy,99.19,0.977399,96.95
2026-09-19 23:50:46.451,buy,99.19,0.35007,34.72
2026-09-19 23:50:48.986,sell,99.19,1.704687,169.1
2026-09-19 23:50:56.689,sell,99.19,20.377484,2021.33
2026-09-19 23:50:58.483,buy,99.19,1.693261,167.96
2026-09-19 23:51:06.538,buy,99.16,2.776098,275.29
2026-09-19 23:51:08.929,sell,99.16,0.100842,10.0
2026-09-19 23:51:17.808,sell,99.16,8.656082,858.38
2026-09-19 23:51:33.805,buy,99.16,0.141747,14.06
2026-09-19 23:51:52.052,buy,99.16,6.007668,595.75
2026-09-19 23:52:08.464,sell,99.17,3.2424,321.56
2026-09-19 23:52:15.040,buy,99.17,19.159062,1900.08
2026-09-19 23:52:29.508,sell,99.17,0.238649,23.67
2026-09-19 23:52:59.112,sell,99.17,1.816833,180.18
2026-09-19 23:53:03.615,sell,99.26,1.106379,109.82
2026-09-19 23:53:18.717,buy,99.26,0.100747,10.0
2026-09-19 23:53:36.252,sell,99.26,2.216959,220.05
2026-09-19 23:53:56.058,sell,99.26,0.356343,35.37
2026-09-19 23:54:08.044,buy,99.24,1.618952,160.66
2026-09-19 23:54:08.870,sell,99.24,7.126899,707.25
2026-09-19 23:54:10.718,sell,99.24,0.100769,10.0
2026-09-19 23:54:11.526,buy,99.24,0.242335,24.05
2026-09-19 23:54:57.795,buy,99.24,0.100769,10.0
2026-09-19 23:55:03.198,sell,99.25,0.100751,10.0
2026-09-19 23:55:08.005,sell,99.25,0.100751,10.0
2026-09-19 23:55:09.883,buy,99.25,0.100751,10.0
2026-09-19 23:55:13.628,buy,99.25,0.821025,81.49
2026-09-19 23:55:28.341,sell,99.25,0.222991,22.13
2026-09-19 23:55:48.658,buy,99.25,0.100751,10.0
2026-09-19 23:56:09.269,sell,99.28,0.10976,10.9
2026-09-19 23:56:21.844,sell,99.28,0.100729,10.0
2026-09-19 23:56:30.794,sell,99.28,1.924626,191.07
2026-09-19 23:56:34.143,sell,99.28,0.100729,10.0
2026-09-19 23:56:52.118,sell,99.28,4.187337,415.7
2026-09-19 23:56:53.058,buy,99.28,0.100729,10.0
2026-09-19 23:56:54.590,buy,99.28,0.189652,18.83
2026-09-19 23:57:05.736,buy,99.29,0.100717,10.0
2026-09-19 23:57:09.391,buy,99.29,0.816328,81.05
2026-09-19 23:57:30.717,sell,99.29,0.100717,10.0
2026-09-19 23:57:36.469,sell,99.29,0.100717,10.0
2026-09-19 23:57:37.589,buy,99.29,0.100717,10.0
2026-09-19 23:57:37.926,sell,99.29,0.191355,19.0
2026-09-19 23:57:40.990,buy,99.29,34.935141,3468.64
2026-09-19 23:58:01.546,buy,99.25,0.100751,10.0
2026-09-19 23:58:08.688,sell,99.25,0.100751,10.0
2026-09-19 23:58:15.951,sell,99.25,2.501216,248.26
2026-09-19 23:59:16.566,buy,99.34,1.009398,100.27
2026-09-19 23:59:26.974,buy,99.34,0.100665,10.0
2026-09-19 23:59:33.938,buy,99.34,0.111143,11.04
